,G10 carry sign,G10 carry sign +crash,G10 carry rank3,G10 carry rank3 +crash,EXT carry sign,EXT carry sign +crash,EXT carry rank3,EXT carry rank3 +crash
2017-01-02,0.0,0.0,0.0,0.0,0.0,0.0,0.0,0.0
2017-01-03,0.0,0.0,0.0,0.0,0.0,0.0,-0.0,0.0
2017-01-04,0.0,0.0,0.0,0.0,-0.0,0.0,-0.0,0.0
2017-01-05,0.0,0.0,0.0,0.0,0.0,0.0,0.0,0.0
2017-01-06,-0.0,-0.0,0.0,0.0,-0.0,0.0,0.0,0.0
2017-01-09,0.0,0.0,0.0,0.0,0.0,0.0,-0.0,0.0
2017-01-10,0.0,0.0,0.0,0.0,-0.0,0.0,-0.0,0.0
2017-01-11,-0.0,-0.0,-0.0,-0.0,-0.0,0.0,-0.0,0.0
2017-01-12,0.0,0.0,0.0,0.0,0.0,0.0,0.0,0.0
2017-01-13,0.0,0.0,0.0,0.0,0.0,0.0,0.0,0.0
2017-01-16,0.0,0.0,0.0,0.0,-0.0,0.0,-0.0,0.0
2017-01-17,-0.0,-0.0,-0.0,-0.0,-0.0,0.0,-0.0,0.0
2017-01-18,-0.0,-0.0,-0.0,-0.0,-0.0,0.0,0.0,0.0
2017-01-19,0.0,0.0,-0.0,-0.0,-0.0,0.0,-0.0,0.0
2017-01-20,0.0,0.0,0.0,0.0,0.0,0.0,0.0,0.0
2017-01-23,-0.0,-0.0,-0.0,-0.0,-0.0,0.0,-0.0,0.0
2017-01-24,-0.0,-0.0,-0.0,-0.0,-0.0,0.0,-0.0,0.0
2017-01-25,0.0,0.0,0.0,0.0,0.0,0.0,0.0,0.0
2017-01-26,-0.0,-0.0,-0.0,-0.0,-0.0,0.0,0.0,0.0
2017-01-27,0.0,0.0,-0.0,-0.0,0.0,0.0,0.0,0.0
2017-01-30,0.0,0.0,-0.0,-0.0,-0.0,0.0,-0.0,0.0
2017-01-31,0.0,0.0,0.0,0.0,-0.0,0.0,-0.0,0.0
2017-02-01,-0.0,-0.0,-0.0,-0.0,-0.0,0.0,-0.0,0.0
2017-02-02,-0.0,-0.0,-0.0,-0.0,0.0,0.0,0.0,0.0
2017-02-03,0.0,0.0,0.0,0.0,0.0,0.0,0.0,0.0
2017-02-06,0.0,0.0,0.0,0.0,0.0,0.0,0.0,0.0
2017-02-07,-0.0,-0.0,-0.0,-0.0,-0.0,-0.0,0.0,0.0
2017-02-08,0.0,0.0,-0.0,-0.0,0.0,0.0,0.0,0.0
2017-02-09,-0.0,-0.0,-0.0,-0.0,-0.0,-0.0,-0.0,-0.0
2017-02-10,0.0,0.0,0.0,0.0,0.0,0.0,0.0,0.0
2017-02-13,0.0,0.0,0.0,0.0,0.0,0.0,0.0,0.0
2017-02-14,-0.0,-0.0,-0.0,-0.0,-0.0,-0.0,0.0,0.0
2017-02-15,0.0,0.0,0.0,0.0,0.0,0.0,0.0,0.0
2017-02-16,0.0,0.0,0.0,0.0,0.0,0.0,0.0,0.0
2017-02-17,-0.0,-0.0,-0.0,-0.0,-0.0,-0.0,-0.0,-0.0
2017-02-20,0.0,0.0,0.0,0.0,0.0,0.0,0.0,0.0
2017-02-21,0.0,0.0,0.0,0.0,0.0,0.0,0.0,0.0
2017-02-22,0.0,0.0,0.0,0.0,0.0,0.0,0.0,0.0
2017-02-23,0.0,0.0,0.0,0.0,0.0,0.0,0.0,0.0
2017-02-24,-0.0,-0.0,-0.0,-0.0,-0.0,-0.0,0.0,0.0
2017-02-27,0.0,0.0,0.0,0.0,-0.0,-0.0,-0.0,-0.0
2017-02-28,0.0,0.0,-0.0,-0.0,-0.0,-0.0,-0.0,-0.0
2017-03-01,0.0,0.0,-0.0,-0.0,0.0,0.0,-0.0,-0.0
2017-03-02,0.0,0.0,0.0,0.0,0.0,0.0,0.0,0.0
2017-03-03,-0.0,-0.0,-0.0,-0.0,0.0,0.0,0.0,0.0
2017-03-06,-0.0,-0.0,-0.0,-0.0,-0.0,-0.0,-0.0,-0.0
2017-03-07,0.0,0.0,0.0,0.0,0.0,0.0,0.0,0.0
2017-03-08,0.0,0.0,0.0,0.0,0.0,0.0,-0.0,-0.0
2017-03-09,0.0,0.0,-0.0,-0.0,-0.0,-0.0,-0.0,-0.0
2017-03-10,0.0,0.0,-0.0,-0.0,-0.0,-0.0,-0.0,-0.0
2017-03-13,-0.0,-0.0,-0.0,-0.0,-0.0,-0.0,-0.0,-0.0
2017-03-14,0.0,0.0,0.0,0.0,0.0,0.0,-0.0,-0.0
2017-03-15,0.0,0.0,0.0,0.0,0.0,0.0,0.0,0.0
2017-03-16,-0.0,-0.0,0.0,0.0,0.0,0.0,0.0,0.0
2017-03-17,-0.0,-0.0,-0.0,-0.0,-0.0,-0.0,-0.0,-0.0
2017-03-20,0.0,0.0,0.0,0.0,0.0,0.0,0.0,0.0
2017-03-21,0.0,0.0,0.0,0.0,0.0,0.0,0.0,0.0
2017-03-22,-0.0,-0.0,-0.0,-0.0,-0.0,-0.0,-0.0,-0.0
2017-03-23,-0.0,-0.0,0.0,0.0,0.0,0.0,0.0,0.0
2017-03-24,-0.0,-0.0,-0.0,-0.0,0.0,0.0,0.0,0.0
2017-03-26,-0.006164548178645421,-0.006164548178645421,-0.0033933709380882288,-0.0033933709380882288,-0.004705916108250434,-0.004705916108250434,-0.006419320117299132,-0.007605864176327616
2017-03-27,1.229124020825034e-05,1.229124020825034e-05,-0.005814564251567959,-0.005814564251567959,-0.009888594397069152,-0.009888594397069152,-0.014762915676166503,-0.017723776041469443
2017-03-28,0.009533647492046502,0.009533647492046502,0.009862717397597913,0.009862717397597913,0.005489744326224033,0.005489744326224033,0.002551668812844512,0.003219088579037708
2017-03-29,0.004558801989509946,0.004558801989509946,0.009075547306703064,0.009075547306703064,0.0032615161940296464,0.0032615161940296464,0.005307287725294541,0.006643109663333556
2017-03-30,0.004911920749622975,0.004911920749622975,0.0027848256030003032,0.0027848256030003032,-0.0043266915855292125,-0.0043266915855292125,-0.004003302233267726,-0.00498620695968297
2017-04-02,-0.005885797945476703,-0.005885797945476703,-0.004113585686094049,-0.004113585686094049,-0.002007784971791835,-0.002007784971791835,0.00333534775868242,0.004159975115835893
2017-04-03,0.0005124804936753318,0.0005124804936753318,-0.001351297557879553,-0.001351297557879553,-0.008046546265655043,-0.008046546265655043,-0.012142177780602899,-0.014930800005163516
2017-04-04,-0.001982363359139084,-0.001982363359139084,-0.003996542970322595,-0.003996542970322595,0.001541872877018242,0.001541872877018242,0.0021411830988518495,0.0025899701444724583
2017-04-05,-0.0010819053519339167,-0.0010819053519339167,-0.001883028190971252,-0.001883028190971252,-0.003980949464459898,-0.003980949464459898,-0.0031041436816366804,-0.003742597452733838
2017-04-06,0.0024536292570502046,0.0024536292570502046,0.0016875210521252195,0.0016875210521252195,0.00390771257714,0.00390771257714,0.0058080079797181395,0.006942868786502882
2017-04-09,0.0045843700056317285,0.0045843700056317285,0.004685173722947968,0.004685173722947968,0.002867765307314316,0.002867765307314316,0.004036601020588912,0.004680651649565338
2017-04-10,-0.006205734095025015,-0.006205734095025015,0.0013123093726761805,0.0013123093726761805,-0.006296955618714237,-0.006296955618714237,-0.005331325284034413,-0.006128266817003152
2017-04-11,-0.007925985427057618,-0.007925985427057618,-0.004410515458507678,-0.004410515458507678,0.00029381411919498834,0.00029381411919498834,0.005573656641817255,0.006397157833848827
2017-04-12,-0.00751940018227295,-0.00751940018227295,0.0005548056162212889,0.0005548056162212889,0.0011881799833029388,0.0011881799833029388,0.004174491877047852,0.00477529295688406
2017-04-13,0.00763933582680028,0.00763933582680028,0.007964896523676159,0.007964896523676159,0.007335127707733209,0.007335127707733209,0.008998969467578,0.010158485618803732
2017-04-16,-0.001796098342683754,-0.001796098342683754,0.001436047029666766,0.001436047029666766,-0.00035751429672020957,-0.00035751429672020957,0.0028672844151657324,0.003103468866455375
2017-04-17,0.003865809846764093,0.003865809846764093,-0.0054335377309862026,-0.0054335377309862026,0.0032268720446962575,0.0032268720446962575,-0.0020382016059403373,-0.002204361167548808
2017-04-18,-0.016640358754755325,-0.016640358754755325,-0.021051155292569512,-0.021051155292569512,-0.013468014768447464,-0.013468014768447464,-0.011192894470039301,-0.012093779002877798
2017-04-19,0.0038062234374712373,0.0038062234374712373,-0.004493021070340932,-0.004493021070340932,0.0012611806465462165,0.0012611806465462165,0.002420040961461047,0.0024953502013750576
2017-04-20,6.862519945515454e-05,6.862519945515454e-05,-0.0018991954005154724,-0.0018991954005154724,0.002210990667344893,0.002210990667344893,0.0031472138020716385,0.0032447081525577965
2017-04-23,0.0008058409724432068,0.0008058409724432068,-0.0023605239449783952,-0.0023605239449783952,0.002134798772634808,0.002134798772634808,-0.005279478322081363,-0.0054408535676206205
2017-04-24,0.00018900873019334758,0.00018900873019334758,-0.003152065579427775,-0.003152065579427775,-0.0016862878235218072,-0.0016862878235218072,-0.0037100397832368556,-0.003821322589882162
2017-04-25,-0.004163978628763142,-0.004163978628763142,-0.013137058366473442,-0.013137058366473442,-0.010995363314659928,-0.010995363314659928,-0.01909130048974675,-0.01966210037023091
2017-04-26,-0.004023254604974682,-0.004023254604974682,-0.008618209653075356,-0.008618209653075356,-0.005319206116975891,-0.005319206116975891,-0.005499655917890614,-0.005599138298832882
2017-04-27,-0.0005874267776439992,-0.0005874267776439992,-0.001446820572889354,-0.001446820572889354,0.004380470367338314,0.004380470367338314,0.007196533699238898,0.0073102746253317814
2017-04-30,-0.0021555546828227,-0.0021555546828227,-0.00358346939615428,-0.00358346939615428,0.00024503518983771364,0.00024503518983771364,0.00019859884906283629,0.00019861652993086808
2017-05-01,0.008714689585273747,0.008714689585273747,0.004507207520758374,0.004507207520758374,0.003711803332190388,0.003711803332190388,0.0014291242284420887,0.001429124228442089
2017-05-02,-0.00032174612042205734,-0.00032174612042205734,-0.0035487441172998894,-0.0035487441172998894,-0.001620158666049584,-0.001620158666049584,-0.0022728968740986528,-0.0022728968740986528
2017-05-03,0.0010913663953134231,0.0010913663953134231,0.007317367660619754,0.007317367660619754,-0.0049841402284794434,-0.0049841402284794434,-0.0062297656317478215,-0.0062297656317478215
2017-05-04,-0.01060118174645457,-0.01060118174645457,-0.013027598231035487,-0.013027598231035487,-0.010382918849818545,-0.010382918849818545,-0.010965047940656829,-0.010965047940656832
2017-05-07,0.0008817495898554828,0.0008817495898554828,0.0065614111814939514,0.0065614111814939514,0.002657308748686779,0.002657308748686779,0.0033401738285511328,0.0033401738285511336
2017-05-08,0.008384449004459503,0.008384449004459503,0.009932706231166086,0.009932706231166086,0.002370773567653887,0.002370773567653887,0.0026350084000190226,0.0026350084000190234
2017-05-09,0.0032575887006896327,0.0032575887006896327,0.005788068146537785,0.005788068146537785,0.0038174432367188236,0.0038174432367188236,0.007722027129585768,0.007722027129585769
2017-05-10,0.0019237972724869005,0.0019237972724869005,0.0006531691704132548,0.0006531691704132548,0.009881291045455978,0.009881291045455978,0.007969002670176693,0.007969002670176695
2017-05-11,0.0006775965781544453,0.0006775965781544453,3.612143244666761e-05,3.612143244666761e-05,0.0035001489598737675,0.0035001489598737675,0.003176492086485596,0.003176492086485597
2017-05-14,-0.004433285051465604,-0.004433285051465604,-0.00710099529610809,-0.00710099529610809,-0.0017147617975724102,-0.0017147617975724102,-0.003439139050533137,-0.0034391390505331375
2017-05-15,-0.0031654349017000653,-0.0031654349017000653,0.000904081279388404,0.000904081279388404,0.0026031888713655797,0.0026031888713655797,0.002968073016497905,0.002968073016497905
2017-05-16,-0.01382933220695685,-0.01382933220695685,-0.014850279193004202,-0.014850279193004202,-0.009449926796600505,-0.009449926796600505,-0.012948583290435885,-0.012948583290435889
2017-05-17,-0.008866493195855456,-0.008866493195855456,-0.009601106749620973,-0.009601106749620973,-0.007438835144234216,-0.007438835144234216,-0.006251415992505439,-0.0062514159925054396
2017-05-18,0.0002536532076509859,0.0002536532076509859,0.0004915048730338874,0.0004915048730338874,-0.0011157251753730708,-0.0011157251753730708,0.0003736897855132361,0.00037368978551323613
2017-05-21,-0.007126753886360282,-0.007126753886360282,-0.0037265362366481827,-0.0037265362366481827,0.0008570343417847172,0.0008570343417847172,-0.00037077480772193256,-0.00037077480772193267
2017-05-22,0.004094352609424088,0.004094352609424088,0.004991663419761946,0.004991663419761946,0.0028068469815720662,0.0028068469815720662,0.0017868769153551556,0.0017868769153551556
2017-05-23,0.008906912355041425,0.008906912355041425,0.007650752502252942,0.007650752502252942,0.011355515423164588,0.011355515423164588,0.013102734412090537,0.013102734412090537
2017-05-24,-0.005623578176493371,-0.005623578176493371,-0.0002917546617156016,-0.0002917546617156016,3.276780352071335e-05,3.276780352071335e-05,0.001757494960380375,0.001757494960380375
2017-05-25,0.0001771534119442953,0.0001771534119442953,-0.0021518269187576215,-0.0021518269187576215,-0.0014165099344638997,-0.0014165099344638997,0.00036275646114932803,0.00036275646114932803
2017-05-28,0.00630609705781289,0.00630609705781289,0.009679405127690674,0.009679405127690674,0.006587694855005464,0.006587694855005464,0.00681235370250528,0.00681235370250528
2017-05-29,0.0038018706847766223,0.0038018706847766223,0.003028691230831345,0.003028691230831345,-0.004962080595439769,-0.004962080595439769,-0.004658905916402024,-0.004658905916402025
2017-05-30,-0.0009351215485331243,-0.0009351215485331243,-0.0020811507242750995,-0.0020811507242750995,-0.0021027488865911913,-0.0021027488865911913,-0.0023859500027987317,-0.002385950002798732
2017-05-31,-0.009892817630107308,-0.009892817630107308,-0.009998599007431816,-0.009998599007431816,-0.006333921454420395,-0.006333921454420395,-0.006216612863895835,-0.006216612863895836
2017-06-01,0.002684606353421276,0.002684606353421276,0.004016221277029854,0.004016221277029854,0.005433949280717514,0.005433949280717514,0.006928259254357652,0.006928259254357654
2017-06-04,0.002547498824701992,0.002547498824701992,0.0007916588382674526,0.0007916588382674526,0.005483979067852134,0.005483979067852134,0.009508243029606199,0.0095082430296062
2017-06-05,-0.0033839757134096022,-0.0033839757134096022,-0.0057877029653397435,-0.0057877029653397435,0.003354260707483538,0.003354260707483538,0.002676210395688262,0.0026762103956882626
2017-06-06,-0.0015047540826721214,-0.0015047540826721214,-0.0010848131003017313,-0.0010848131003017313,-0.0022018167806697577,-0.0022018167806697577,-0.0012151906971408955,-0.0012151906971408957
2017-06-07,0.005191069009131868,0.005191069009131868,-0.000591086044309578,-0.000591086044309578,0.0055948446059424515,0.0055948446059424515,0.0029633696098520543,0.0029633696098520547
2017-06-08,0.01333609580155693,0.01333609580155693,0.014327672968648193,0.014327672968648193,0.00923445078264504,0.00923445078264504,0.0054454579020988434,0.0054454579020988434
2017-06-11,-0.0010013464649828215,-0.0010013464649828215,0.0031946119229500688,0.0031946119229500688,-0.0009264973495850875,-0.0009264973495850875,0.00025174461911303117,0.0002517446191130312
2017-06-12,-0.0023878389818916324,-0.0023878389818916324,0.006097644577158083,0.006097644577158083,0.00194029211176304,0.00194029211176304,0.006198782537249324,0.006198782537249326
2017-06-13,-0.005529848249933928,-0.005529848249933928,-0.00045441602744184434,-0.00045441602744184434,-0.0037207788706577266,-0.0037207788706577266,0.0010251142599083402,0.0010251142599083402
2017-06-14,0.003642246178772614,0.003642246178772614,0.0006518447271950637,0.0006518447271950637,0.004479412407545556,0.004479412407545556,0.0061715652025293825,0.0061715652025293825
2017-06-15,0.008132488689790223,0.008132488689790223,0.00806989203979138,0.00806989203979138,0.00592843946563881,0.00592843946563881,-0.0005274586882139298,-0.0005274586882139299
2017-06-18,0.0001359389542390612,0.0001359389542390612,0.001013835601481615,0.001013835601481615,-0.0029789103774882325,-0.0029789103774882325,-0.001463315280683885,-0.001463315280683885
2017-06-19,0.004790333626494413,0.004790333626494413,0.005918015985431368,0.005918015985431368,-0.0005070194589221585,-0.0005070194589221585,-0.006632691753410346,-0.006632691753410347
2017-06-20,0.003185729792226496,0.003185729792226496,0.0012923250385317023,0.0012923250385317023,0.002197788121502337,0.002197788121502337,-0.0010299538345013978,-0.001029953834501398
2017-06-21,-0.00264699067663553,-0.00264699067663553,-0.005256937488278381,-0.005256937488278381,-0.0011368690325634016,-0.0011368690325634016,0.00024378300883793515,0.0002437830088379352
2017-06-22,-0.0024142544522892545,-0.0024142544522892545,0.004575215186973277,0.004575215186973277,0.0012851081111688967,0.0012851081111688967,0.007243571761172665,0.0072435717611726656
2017-06-25,-0.0014785563238650067,-0.0014785563238650067,-0.0054969658953559234,-0.0054969658953559234,-0.0010059086150116378,-0.0010059086150116378,0.0006150229945527578,0.0006150229945527578
2017-06-26,0.005892244484611798,0.005892244484611798,0.005710518247750684,0.005710518247750684,0.005393150644491609,0.005393150644491609,0.0023157272894820365,0.0023157272894820365
2017-06-27,-0.013708994589161718,-0.013708994589161718,-0.015127808660739114,-0.015127808660739114,-0.015162788277595846,-0.015162788277595846,-0.018563524947621767,-0.018563524947621774
2017-06-28,-0.010509879538536427,-0.010509879538536427,0.00377267642300946,0.00377267642300946,-0.009703305811175584,-0.009703305811175584,-0.004549739087291036,-0.004549739087291037
2017-06-29,-0.0013879709709067878,-0.0013879709709067878,-0.004127759461297167,-0.004127759461297167,-0.007593810148817337,-0.007593810148817337,-0.008961203316633696,-0.008961203316633698
2017-07-02,0.002624617180111718,0.002624617180111718,0.003756455643697492,0.003756455643697492,-0.0026998388432433393,-0.0026998388432433393,-0.0025463427463471742,-0.002546342746347175
2017-07-03,0.002668677052042715,0.002668677052042715,0.0029502507479669815,0.0029502507479669815,0.0006211235419499359,0.0006211235419499359,-0.001036045953338049,-0.0010360459533380493
2017-07-04,-0.000712398846291346,-0.000712398846291346,0.006402549692485846,0.006402549692485846,-0.0009858102102266106,-0.0009858102102266106,0.0006742808384064041,0.0006742808384064042
2017-07-05,0.0015113091805451964,0.0015113091805451964,0.0002845798793501111,0.0002845798793501111,-0.001233249749103623,-0.001233249749103623,-0.005625064955908742,-0.005625064955908744
2017-07-06,-0.006563526892899998,-0.006563526892899998,-0.006880963097315557,-0.006880963097315557,-0.00471862748444357,-0.00471862748444357,-0.0029421300125092374,-0.002942130012509238
2017-07-09,0.005880237817801623,0.005880237817801623,0.011240500819075822,0.011240500819075822,0.006209017499807876,0.006209017499807876,0.005198790827263745,0.005198790827263746
2017-07-10,0.0001254546485260771,0.0001254546485260771,0.0001022980483371297,0.0001022980483371297,0.0005673408081074475,0.0005673408081074475,0.0007691064159883983,0.0007691064159883984
2017-07-11,-0.002758021110263636,-0.002758021110263636,-0.006743255021499982,-0.006743255021499982,-0.006034627443116315,-0.006034627443116315,-0.00783773123449821,-0.00783773123449821
2017-07-12,-0.0008184806944985383,-0.0008184806944985383,0.008179957027547492,0.008179957027547492,0.007188753965969885,0.007188753965969885,0.01562795252824025,0.01562795252824025
2017-07-13,0.006734887476312316,0.006734887476312316,0.005153195725101804,0.005153195725101804,0.00479570924396194,0.00479570924396194,0.006836801867397424,0.006836801867397425
2017-07-16,-0.011581430000385074,-0.011581430000385074,-0.011215731459535482,-0.011215731459535482,-0.007720046557476883,-0.007720046557476883,-0.0009260228002964065,-0.0009260228002964066
2017-07-17,-0.0018460178387903936,-0.0018460178387903936,3.48176252680741e-06,3.48176252680741e-06,0.0009249697380313167,0.0009249697380313167,0.0015903024428149143,0.0015903024428149145
2017-07-18,0.0029624290673348264,0.0029624290673348264,-0.003506687150764975,-0.003506687150764975,-0.000620801903986188,-0.000620801903986188,-0.0018378775111646075,-0.001837877511164608
2017-07-19,0.002438112890051217,0.002438112890051217,0.0024539335797279112,0.0024539335797279112,0.0012816546781947652,0.0012816546781947652,0.0028005517557113187,0.0028005517557113196
2017-07-20,-0.001413799576169128,-0.001413799576169128,-0.0005561660095432334,-0.0005561660095432334,-0.007930831512190064,-0.007930831512190064,-0.013061229930263332,-0.013061229930263336
2017-07-23,-0.010200898827577335,-0.010200898827577335,-0.005198987481523993,-0.005198987481523993,-0.005674972593780822,-0.005674972593780822,2.5987694852168842e-05,2.598769485216885e-05
2017-07-24,0.0014392293399437676,0.0014392293399437676,0.003527797476768352,0.003527797476768352,-0.0013463203793882186,-0.0013463203793882186,-0.0006490061104561098,-0.0006490061104561099
2017-07-25,0.004800703154017389,0.004800703154017389,0.004774345986381096,0.004774345986381096,0.0021020696728545653,0.0021020696728545653,0.0018052349269408255,0.001805234926940826
2017-07-26,-0.0020045572711004573,-0.0020045572711004573,-0.0020828044198055486,-0.0020828044198055486,-0.003670319878692414,-0.003670319878692414,0.0027061953646384546,0.002706195364638455
2017-07-27,0.008609451669949086,0.008609451669949086,0.0042984906161934325,0.0042984906161934325,0.005720258431721163,0.005720258431721163,0.0031703022945076833,0.0031703022945076837
2017-07-30,-0.0051915955291462566,-0.0051915955291462566,-0.0005827400416033414,-0.0005827400416033414,-0.008064227821440995,-0.008064227821440995,-0.004384549084975865,-0.004384549084975866
2017-07-31,-0.0025530459567042925,-0.0025530459567042925,-0.007213060532715516,-0.007213060532715516,-0.008411489913116141,-0.008411489913116141,-0.012544274793096779,-0.01254427479309678
2017-08-01,-0.007579374674892667,-0.007579374674892667,-0.009097775075209714,-0.009097775075209714,-0.0031138078780719755,-0.0031138078780719755,0.0002789360555649693,0.0002789360555649694
2017-08-02,0.0013920810498415663,0.0013920810498415663,-0.00036540917077715535,-0.00036540917077715535,0.0003277845514387724,0.0003277845514387724,0.0023359165492217436,0.002335916549221744
2017-08-03,-0.0006098834502143657,-0.0006098834502143657,-0.0007104662582384002,-0.0007104662582384002,-0.004345766572735593,-0.004345766572735593,-0.011224262006659928,-0.011224262006659932
2017-08-06,0.011537869325139966,0.011537869325139966,0.009098980912068403,0.009098980912068403,0.009603133919325078,0.009603133919325078,0.009911554627112991,0.009911554627112993
2017-08-07,-0.002699146124534469,-0.002699146124534469,-0.004748174633398111,-0.004748174633398111,0.002411502246462055,0.002411502246462055,0.00663364238695252,0.006633642386952521
2017-08-08,-0.002354161308564716,-0.002354161308564716,-0.0012133178456973169,-0.0012133178456973169,-0.0034691787826377934,-0.0034691787826377934,-0.005380506040237923,-0.005380506040237924
2017-08-09,-0.003176496277365117,-0.003176496277365117,-0.005210393884777035,-0.005210393884777035,-0.0038546082481848067,-0.0038546082481848067,-0.006712319976821977,-0.006712319976821979
2017-08-10,-0.008070375947093516,-0.008070375947093516,-0.011339972165296558,-0.011339972165296558,-0.004109387025368503,-0.004109387025368503,-0.0030986888581136696,-0.00309868885811367
2017-08-13,0.0004272439086153182,0.0004272439086153182,0.0031955803065876723,0.0031955803065876723,2.2352392329027967e-05,2.2352392329027967e-05,-0.00018573187706295578,-0.00018573187706295578
2017-08-14,0.005609569734137457,0.005609569734137457,0.005247453152281476,0.005247453152281476,0.006873700239960022,0.006873700239960022,0.009348272576543347,0.009348272576543349
2017-08-15,0.005417349881461724,0.005417349881461724,0.006087049876423601,0.006087049876423601,0.003768817095125086,0.003768817095125086,0.006861555285006638,0.006861555285006638
2017-08-16,-0.0008605026028678726,-0.0008605026028678726,0.0022316412141433423,0.0022316412141433423,-0.002037244780346709,-0.002037244780346709,-0.006913896826539338,-0.0069138968265393405
2017-08-17,-0.0038183184207743748,-0.0038183184207743748,-0.005552658244392346,-0.005552658244392346,0.0026883685341755306,0.0026883685341755306,0.0030508851158707476,0.0030508851158707476
2017-08-20,0.000906397413146935,0.000906397413146935,0.005371171794386807,0.005371171794386807,0.0006360062543622372,0.0006360062543622372,0.0032324202871126407,0.0032324202871126407
2017-08-21,-0.003534945657024491,-0.003534945657024491,-0.002626756442394317,-0.002626756442394317,-0.0034360461561390894,-0.0034360461561390894,-0.004333643372895445,-0.004333643372895446
2017-08-22,0.009046311742816381,0.009046311742816381,0.00996648946305468,0.00996648946305468,0.005414721885837375,0.005414721885837375,0.005121726952794326,0.005121726952794327
2017-08-23,-0.010356160042557004,-0.010356160042557004,-0.008493247479639116,-0.008493247479639116,-0.008747973924699688,-0.008747973924699688,-0.00406641815636342,-0.004066418156363421
2017-08-24,-0.0033923252354222484,-0.0033923252354222484,-0.0008818530225296984,-0.0008818530225296984,-0.0015957634706942774,-0.0015957634706942774,0.00163996801775656,0.0016399680177565604
2017-08-27,-0.010375470452492612,-0.010375470452492612,-0.011331557057350313,-0.011331557057350313,-0.0074199252575973575,-0.0074199252575973575,-0.01135608775771872,-0.011356087757718722
2017-08-28,-0.004464183634249755,-0.004464183634249755,-0.00736691558964749,-0.00736691558964749,-0.008545647638923001,-0.008545647638923001,-0.008961775151407185,-0.008961775151407187
2017-08-29,0.00812243379510668,0.00812243379510668,0.007119335388831985,0.007119335388831985,0.006832767970729765,0.006832767970729765,0.008786564345557713,0.008786564345557715
2017-08-30,0.007231433266743211,0.007231433266743211,0.0023929919068232447,0.0023929919068232447,0.004975054549902241,0.004975054549902241,0.006567908194036479,0.0065679081940364795
2017-08-31,-0.009360854022860566,-0.009360854022860566,-0.0006732632552408647,-0.0006732632552408647,-0.007123261861681898,-0.007123261861681898,-0.002750684480754282,-0.0027506844807542825
2017-09-03,-0.0028571725853393567,-0.0028571725853393567,0.0025569758670468457,0.0025569758670468457,0.0006491620681947404,0.0006491620681947404,0.002375575869283067,0.0023755758692830674
2017-09-04,-1.8417535897285217e-05,-1.8417535897285217e-05,-0.0016129763845820493,-0.0016129763845820493,0.0006239912714304811,0.0006239912714304811,-0.001579478262018665,-0.0015794782620186655
2017-09-05,-0.004331792433935901,-0.004331792433935901,-0.005350304574056409,-0.005350304574056409,-0.0018329378370690365,-0.0018329378370690365,-0.003979533239814518,-0.0039795332398145184
2017-09-06,-0.004950673162467287,-0.004950673162467287,0.004868669508650128,0.004868669508650128,0.0024952578390029425,0.0024952578390029425,0.009862649999516152,0.009862649999516153
2017-09-07,-0.010623743964708714,-0.010623743964708714,-0.005172378513204345,-0.005172378513204345,-0.011681583600597584,-0.011681583600597584,-0.012877064275379936,-0.012877064275379938
2017-09-10,-0.0017675384780465445,-0.0017675384780465445,-0.0052041958733815424,-0.0052041958733815424,-0.0010654253011898123,-0.0010654253011898123,-0.0004971337018855607,-0.0004971337018855607
2017-09-11,0.008334239886735395,0.008334239886735395,0.015059394815799331,0.015059394815799331,0.008356521394385717,0.008356521394385717,0.008854561454934634,0.008854561454934634
2017-09-12,0.004426766061848283,0.004426766061848283,-0.00012977468602962472,-0.00012977468602962472,0.0008174636082791593,0.0008174636082791593,0.001130371952664647,0.001130371952664647
2017-09-13,0.0043393593378066656,0.0043393593378066656,0.007706697107710119,0.007706697107710119,0.00469870307595349,0.00469870307595349,0.005798004643132102,0.005798004643132102
2017-09-14,-0.010774950570269401,-0.010774950570269401,-0.012937619622695634,-0.012937619622695634,-0.007651357856742827,-0.007651357856742827,-0.004696519840561993,-0.004696519840561994
2017-09-17,0.003157698635834561,0.003157698635834561,0.0010268462968982919,0.0010268462968982919,-0.0010176023910245615,-0.0010176023910245615,0.00033650226295548505,0.0003365022629554851
2017-09-18,0.0034937161140929287,0.0034937161140929287,-0.0010008997139945997,-0.0010008997139945997,-0.0032119485539239753,-0.0032119485539239753,-0.004732096959739439,-0.00473209695973944
2017-09-19,0.0040717655994375115,0.0040717655994375115,0.0016801544295950708,0.0016801544295950708,0.0014124585380134592,0.0014124585380134592,-0.0015683886396651672,-0.0015683886396651672
2017-09-20,0.01662555953489949,0.01662555953489949,0.01407901000346429,0.01407901000346429,0.014711411225899963,0.014711411225899963,0.01384010561329832,0.013840105613298324
2017-09-21,-0.013656875274921891,-0.013656875274921891,-0.008465047895407382,-0.008465047895407382,-0.01042873705966273,-0.01042873705966273,-0.0018202939641565987,-0.001820293964156599
2017-09-24,0.005338657840038681,0.005338657840038681,0.002131305120268229,0.002131305120268229,0.003375251021960177,0.003375251021960177,-0.00013517826508210347,-0.00013517826508210347
2017-09-25,-0.0015838998234735154,-0.0015838998234735154,-0.0019588878748925545,-0.0019588878748925545,-0.0017292636557200835,-0.0017292636557200835,-0.002843033969677705,-0.0028430339696777053
2017-09-26,-0.0012781623099724954,-0.0012781623099724954,0.002611029448577143,0.002611029448577143,0.00033226410978307583,0.00033226410978307583,0.0034140522032733824,0.003414052203273383
2017-09-27,0.009367475739893716,0.009367475739893716,0.002956698555684504,0.002956698555684504,0.005280174619240213,0.005280174619240213,0.0004610567043504869,0.00046105670435048695
2017-09-28,-0.005414679469586113,-0.005414679469586113,-0.002438311422903302,-0.002438311422903302,-0.0030249648547409974,-0.0030249648547409974,-0.001845481241662783,-0.0018454812416627833
2017-10-01,0.0011167003444864118,0.0011167003444864118,-0.0015644243613218984,-0.0015644243613218984,0.0002707358782905701,0.0002707358782905701,-0.0031349748109319765,-0.003134974810931977
2017-10-02,0.010268436700375139,0.010268436700375139,0.009733665147217754,0.009733665147217754,0.008545103231762658,0.008545103231762658,0.0065825318163600785,0.006582531816360079
2017-10-03,-0.00443075288409627,-0.00443075288409627,-0.003726631122489555,-0.003726631122489555,-0.006942787463804328,-0.006942787463804328,-0.005114358688661148,-0.005114358688661148
2017-10-04,0.0025090900455880193,0.0025090900455880193,0.0022683577634538083,0.0022683577634538083,-0.0017515447670835434,-0.0017515447670835434,-0.0035126223528323596,-0.0035126223528323605
2017-10-05,0.0032473321371045537,0.0032473321371045537,0.0012408006920439244,0.0012408006920439244,0.003381186404443847,0.003381186404443847,0.002127804169334907,0.0021278041693349073
2017-10-08,-0.0051481309921469435,-0.0051481309921469435,-0.00289997750170684,-0.00289997750170684,-0.00923481936453242,-0.00923481936453242,-0.010255414694436141,-0.010255414694436145
2017-10-09,-0.001581091050252321,-0.001581091050252321,-0.0018956423324424918,-0.0018956423324424918,-0.0035149561208176992,-0.0035149561208176992,-0.002306429699972424,-0.0023064296999724242
2017-10-10,-0.007542064036169259,-0.007542064036169259,-0.007086948005940895,-0.007086948005940895,-0.00398572506410973,-0.00398572506410973,-0.0025920930258132397,-0.00259209302581324
2017-10-11,-0.002456720353396028,-0.002456720353396028,0.0006713368496623635,0.0006713368496623635,-0.0026411179026263848,-0.0026411179026263848,-0.001988438717131129,-0.001988438717131129
2017-10-12,0.0045565713093827015,0.0045565713093827015,0.0017609430153398007,0.0017609430153398007,0.006238023358343254,0.006238023358343254,0.006812922605601613,0.006812922605601614
2017-10-15,0.004453338519077249,0.004453338519077249,0.0014308805992043214,0.0014308805992043214,0.004351866803727515,0.004351866803727515,0.002345763129659187,0.0023457631296591873
2017-10-16,0.0029649650503540477,0.0029649650503540477,0.002405470552720058,0.002405470552720058,0.004061646180444061,0.004061646180444061,0.00496421921723565,0.004964219217235651
2017-10-17,0.003412045145580718,0.003412045145580718,0.0055088049917769175,0.0055088049917769175,0.0029657751248430226,0.0029657751248430226,0.0016223557851092433,0.0016223557851092435
2017-10-18,0.0007201258425579411,0.0007201258425579411,0.003401993293801975,0.003401993293801975,-0.001595924494802595,-0.001595924494802595,-0.0005632083805388306,-0.0005632083805388307
2017-10-19,-0.008758237322176768,-0.008758237322176768,-0.012964185529445834,-0.012964185529445834,-0.008339817436542664,-0.008339817436542664,-0.008080117343473784,-0.008080117343473784
2017-10-22,0.008021497770541728,0.008021497770541728,0.0011672270717508217,0.0011672270717508217,0.004490163845651362,0.004490163845651362,0.008128771585859978,0.008128771585859978
2017-10-23,-0.0010476112903450565,-0.0010476112903450565,-0.0017663200012362765,-0.0017663200012362765,-0.0021337453813158446,-0.0021337453813158446,-0.0057675293820662965,-0.005767529382066297
2017-10-24,0.0016474842490801858,0.0016474842490801858,0.001765653205655638,0.001765653205655638,0.0032656965786416877,0.0032656965786416877,0.008150031459637485,0.008150031459637485
2017-10-25,-0.009213126110210553,-0.009213126110210553,-0.016056280128731837,-0.016056280128731837,-0.013860493633981568,-0.013860493633981568,-0.016999016660822402,-0.016999016660822406
2017-10-26,0.01301656061565946,0.01301656061565946,0.014037996865930796,0.014037996865930796,0.01717693742137942,0.01717693742137942,0.01626983333982109,0.016269833339821092
2017-10-30,0.0010671223383447869,0.0010671223383447869,0.0019321946355847178,0.0019321946355847178,0.0013541065283774075,0.0013541065283774075,0.001845842153405537,0.0018458421534055377
2017-10-31,-0.0068211806195502276,-0.0068211806195502276,-0.009193689209397773,-0.009193689209397773,-0.003440215239499566,-0.003440215239499566,-0.003467210819855112,-0.0034672108198551127
2017-11-01,0.002803198236585973,0.002803198236585973,0.000570587910465782,0.000570587910465782,0.0025927188401352517,0.0025927188401352517,0.0027861182025371435,0.002786118202537144
2017-11-02,0.0030902155552759237,0.0030902155552759237,0.003526326280868312,0.003526326280868312,0.0054967428643312765,0.0054967428643312765,0.008061638424776467,0.008061638424776469
2017-11-03,0.008177424529941689,0.008177424529941689,0.012204741161143777,0.012204741161143777,0.003486796357022858,0.003486796357022858,-0.0012584368464948366,-0.0012584368464948368
2017-11-06,-0.0031876372242562586,-0.0031876372242562586,0.0036544946352593485,0.0036544946352593485,-0.0018201266642924106,-0.0018201266642924106,0.0014269896972505269,0.001426989697250527
2017-11-07,-0.002821057535952837,-0.002821057535952837,-0.0021788146574832526,-0.0021788146574832526,-0.003426664721345288,-0.003426664721345288,-0.0028962013600901445,-0.002896201360090145
2017-11-08,-0.001357613247914364,-0.001357613247914364,-0.002992591264971679,-0.002992591264971679,-0.002577349889007988,-0.002577349889007988,-0.0018661279243333698,-0.00186612792433337
2017-11-09,0.006313720542495384,0.006313720542495384,0.00824361759658194,0.00824361759658194,0.00732407750086958,0.00732407750086958,0.004862589933075924,0.004862589933075924
2017-11-10,-0.009148521247796177,-0.009148521247796177,-0.007022101793018111,-0.007022101793018111,-0.010209050675786216,-0.010209050675786216,-0.010903074465986245,-0.010903074465986247
2017-11-13,-6.926666414846543e-05,-6.926666414846543e-05,0.0010719073090663936,0.0010719073090663936,-0.002742470770271856,-0.002742470770271856,-0.002749789136804806,-0.002749789136804806
2017-11-14,-0.002356781349207462,-0.002356781349207462,-0.00410508192166514,-0.00410508192166514,-0.0016063629111284464,-0.0016063629111284464,-0.0021449150541791623,-0.0021449150541791627
2017-11-15,-0.009205833033775403,-0.009205833033775403,-0.01150745916590498,-0.01150745916590498,-0.0043084835331829545,-0.0043084835331829545,-0.005650517631461015,-0.005650517631461016
2017-11-16,0.00011441980840297907,0.00011441980840297907,0.00011020303551559124,0.00011020303551559124,0.0029022138108015716,0.0029022138108015716,0.004268169658733466,0.004268169658733467
2017-11-17,-0.0034246421668903395,-0.0034246421668903395,-0.0028919771154267576,-0.0028919771154267576,0.0048858815335331394,0.0048858815335331394,0.010285392482113305,0.010285392482113307
2017-11-20,-0.007633652914310448,-0.007633652914310448,-0.009133593448580024,-0.009133593448580024,0.0005731166761211357,0.0005731166761211357,0.0017522499845068495,0.0017522499845068495
2017-11-21,0.003308940126867493,0.003308940126867493,0.002038234597793947,0.002038234597793947,0.005739800135488665,0.005739800135488665,0.007263640088524414,0.007263640088524414
2017-11-22,0.0008695491074530354,0.0008695491074530354,0.0020605874260889835,0.0020605874260889835,0.0006635477904823896,0.0006635477904823896,0.002255488978384997,0.002255488978384997
2017-11-23,-0.011470440165916201,-0.011470440165916201,-0.009688934616711423,-0.009688934616711423,-0.009027958861656677,-0.009027958861656677,-0.009545877977767993,-0.009545877977767993
2017-11-24,0.0006695563526144521,0.0006695563526144521,-0.000569919468596686,-0.000569919468596686,-0.0016642710401616953,-0.0016642710401616953,-0.003513057219156091,-0.0035130572191560913
2017-11-27,-0.00540826622451107,-0.00540826622451107,-0.005306337204716234,-0.005306337204716234,-0.007457058334297641,-0.007457058334297641,-0.009081366658384,-0.009081366658384
2017-11-28,0.00501044953932288,0.00501044953932288,0.002563441510804613,0.002563441510804613,0.01021533780922348,0.01021533780922348,0.010453852458003933,0.010453852458003933
2017-11-29,0.004389795963449657,0.004389795963449657,0.0008310751861190834,0.0008310751861190834,0.009222208087186153,0.009222208087186153,0.009549876708129458,0.00954987670812946
2017-11-30,-0.0007696892827208182,-0.0007696892827208182,-0.0019661646541680546,-0.0019661646541680546,-0.0001729358425208997,-0.0001729358425208997,0.0012334321744956647,0.0012334321744956647
2017-12-01,-0.0067402797645291414,-0.0067402797645291414,-0.009600402288419312,-0.009600402288419312,-0.0021906534567051944,-0.0021906534567051944,3.5052242222254586e-05,3.5052242222254586e-05
2017-12-04,0.00026716742372492614,0.00026716742372492614,0.01127321580956214,0.01127321580956214,-0.0007702593613910163,-0.0007702593613910163,0.0010938985654424533,0.0010938985654424533
2017-12-05,0.0003599568541979894,0.0003599568541979894,0.0024946028325765275,0.0024946028325765275,0.00425801821960094,0.00425801821960094,0.004852467453380509,0.004852467453380509
2017-12-06,0.005419163871025272,0.005419163871025272,0.004731023387439561,0.004731023387439561,5.6374958950568786e-05,5.6374958950568786e-05,0.00016319421343438808,0.00016319421343438808
2017-12-07,0.004367928838490195,0.004367928838490195,0.00022863863582107345,0.00022863863582107345,0.0019276857839317526,0.0019276857839317526,0.0002744525533553355,0.0002744525533553355
2017-12-08,-0.0009673335469811814,-0.0009673335469811814,-0.0029860265247171128,-0.0029860265247171128,9.39121466292963e-05,9.39121466292963e-05,0.004750811491946801,0.004750811491946801
2017-12-11,0.004543569824527495,0.004543569824527495,0.005388013747214497,0.005388013747214497,0.0006570465031532037,0.0006570465031532037,-0.001759239494075255,-0.001759239494075255
2017-12-12,0.005749719872737726,0.005749719872737726,0.005779268110322094,0.005779268110322094,0.007286505668330534,0.007286505668330534,0.0007015184665202,0.0007015184665202
2017-12-13,0.0061747238692218456,0.0061747238692218456,0.004169302780124921,0.004169302780124921,0.0012460608960486248,0.0012460608960486248,-0.0009371294575649197,-0.0009371294575649197
2017-12-14,-0.008983661977752069,-0.008983661977752069,-0.011348062190244146,-0.011348062190244146,-0.004070999493950473,-0.004070999493950473,-0.0049559230341642314,-0.0049559230341642314
2017-12-15,0.005739916671457981,0.005739916671457981,0.006257721517542409,0.006257721517542409,0.003801688982713177,0.003801688982713177,0.0036126171885928126,0.0036126171885928126
2017-12-18,0.009627878138438888,0.009627878138438888,0.005874173107630243,0.005874173107630243,0.016974937474601607,0.016974937474601607,0.021058507963934076,0.021058507963934076
2017-12-19,-0.006056147252788765,-0.006056147252788765,-0.007310872295270014,-0.007310872295270014,0.0013181885192727499,0.0013181885192727499,0.0006598772055012351,0.0006598772055012351
2017-12-20,-0.002330154174831903,-0.002330154174831903,-0.0029492863395686004,-0.0029492863395686004,-0.002412532039615262,-0.002412532039615262,-0.0016966090226889759,-0.0016966090226889759
2017-12-21,0.0027357830795685864,0.0027357830795685864,0.005914677688709756,0.005914677688709756,-0.0003458872595121828,-0.0003458872595121828,-0.005530915167554029,-0.005530915167554029
2017-12-22,0.0007616936987086354,0.0007616936987086354,0.00552317951550492,0.00552317951550492,-0.004863065064508277,-0.004863065064508277,-0.004169622418053765,-0.004169622418053765
2017-12-25,0.0009556624086805219,0.0009556624086805219,0.0013847619950891638,0.0013847619950891638,0.0009005586293068255,0.0009005586293068255,0.003050735360178928,0.003050735360178928
2017-12-26,0.00011543982482671363,0.00011543982482671363,0.0002346102728322972,0.0002346102728322972,-0.0022682013283676816,-0.0022682013283676816,-0.0036839466929142806,-0.0036839466929142806
2017-12-27,0.0002565209922071595,0.0002565209922071595,0.0022023949199916244,0.0022023949199916244,0.00551683567197957,0.00551683567197957,0.008738186456893964,0.008738186456893964
2017-12-28,-0.0027887364051143093,-0.0027887364051143093,-0.0032114388624828283,-0.0032114388624828283,-0.0005652855515839412,-0.0005652855515839412,0.001118430167592752,0.001118430167592752
2017-12-29,-0.004973066185419178,-0.004973066185419178,-0.00042182671323349715,-0.00042182671323349715,-0.006726313818068288,-0.006726313818068288,-0.010019393147805877,-0.010019393147805877
2018-01-01,-0.004520854301485359,-0.004520854301485359,-0.007020413980129711,-0.007020413980129711,-0.00627759855114835,-0.00627759855114835,-0.0068220560069917596,-0.0068220560069917596
2018-01-02,-0.0008566891353242933,-0.0008566891353242933,0.0010899768118971473,0.0010899768118971473,0.0015823072624487802,0.0015823072624487802,0.003485044613458638,0.003485044613458638
2018-01-03,-0.008610989154775367,-0.008610989154775367,-0.008060986018769502,-0.008060986018769502,-0.007573665595691013,-0.007573665595691013,-0.004260755551726117,-0.004260755551726117
2018-01-04,0.009145172296863385,0.009145172296863385,0.007492956975862093,0.007492956975862093,0.008527897091764134,0.008527897091764134,0.010084495374048425,0.010084495374048425
2018-01-05,0.0001744029676401973,0.0001744029676401973,0.0023792488853101833,0.0023792488853101833,0.0008515207816709813,0.0008515207816709813,0.0006267307998093526,0.0006267307998093526
2018-01-08,-0.0004042087189479106,-0.0004042087189479106,0.007300494174845269,0.007300494174845269,-0.0008933955290945186,-0.0008933955290945186,0.002900180921484916,0.0029001809214849157
2018-01-09,0.003957531066072676,0.003957531066072676,0.003577046201285811,0.003577046201285811,0.0032374097467049653,0.0032374097467049653,0.0026355251785236964,0.002635525178523696
2018-01-10,0.0023136965240630075,0.0023136965240630075,0.0003320760817070432,0.0003320760817070432,0.004653105790420362,0.004653105790420362,0.005357527067086615,0.005357527067086615
2018-01-11,-0.00016673433119025077,-0.00016673433119025077,-0.006960107699190739,-0.006960107699190739,-0.004143480873543366,-0.004143480873543366,-0.011433767936836486,-0.011433767936836484
2018-01-12,-0.00038477445459905637,-0.00038477445459905637,-0.001923871819424954,-0.001923871819424954,-0.0009276272986285069,-0.0009276272986285069,-0.002011261201087432,-0.002011261201087432
2018-01-15,-0.016875319023691136,-0.016875319023691136,-0.0164448246766639,-0.0164448246766639,-0.013366802922166247,-0.013366802922166247,-0.008256091799234536,-0.008256091799234536
2018-01-16,-0.0022129484229732434,-0.0022129484229732434,-0.002965967041427372,-0.002965967041427372,-0.0006146715356552781,-0.0006146715356552781,-0.0007627657860456772,-0.0007627657860456772
2018-01-17,-0.005653492955968065,-0.005653492955968065,-0.006802186208950828,-0.006802186208950828,-0.0018924134836090826,-0.0018924134836090826,-0.001125192748139804,-0.001125192748139804
2018-01-18,0.009488692963649799,0.009488692963649799,0.009370590998990545,0.009370590998990545,0.008028177151404702,0.008028177151404702,0.010778893562097089,0.010778893562097089
2018-01-19,-0.005648347032945651,-0.005648347032945651,-0.00634748640252682,-0.00634748640252682,-0.0021271391096564915,-0.0021271391096564915,-0.001385334201963107,-0.001385334201963107
2018-01-22,0.0013237732622732078,0.0013237732622732078,-0.004266544678247574,-0.004266544678247574,0.0010388152915208955,0.0010388152915208955,-0.0007048376086316696,-0.0007048376086316694
2018-01-23,-0.0004205988150139309,-0.0004205988150139309,0.0018294129328938183,0.0018294129328938183,0.0014006288791561425,0.0014006288791561425,0.003614937705148399,0.003614937705148399
2018-01-24,-0.007449802799665008,-0.007449802799665008,-0.005441172627449343,-0.005441172627449343,-0.004345575776630679,-0.004345575776630679,-0.004833383934513046,-0.004833383934513046
2018-01-25,-0.016545350501908716,-0.016545350501908716,-0.019320408918893507,-0.019320408918893507,-0.012336285102756932,-0.012336285102756932,-0.009848032758510266,-0.009848032758510265
2018-01-26,-0.0013809875972667608,-0.0013809875972667608,-8.405676761654499e-05,-8.405676761654499e-05,-0.00019866407420598812,-0.00019866407420598812,0.0012763869650085056,0.0012763869650085054
2018-01-29,-0.0034025680003414585,-0.0034025680003414585,-0.004268850092782349,-0.004268850092782349,-0.0066009929990773885,-0.0066009929990773885,-0.012352627997564824,-0.012352627997564824
2018-01-30,0.004152367261888503,0.004152367261888503,0.00431896645570322,0.00431896645570322,-0.000355222568831752,-0.000355222568831752,-0.0014862843373577436,-0.0014862843373577431
2018-01-31,-0.004024923306783596,-0.004024923306783596,-0.005065236496017199,-0.005065236496017199,0.00010673457919103212,0.00010673457919103212,0.000777913895273272,0.000777913895273272
2018-02-01,-0.002524262502901814,-0.002524262502901814,0.002203463738882594,0.002203463738882594,0.004325573286975431,0.004325573286975431,0.009479083700423895,0.009479083700423895
2018-02-02,-0.007793878716648353,-0.007793878716648353,-0.0044235808373349365,-0.0044235808373349365,-0.011918681624746762,-0.011918681624746762,-0.011135008677730318,-0.011135008677730318
2018-02-05,0.003916025022691923,0.003916025022691923,-0.0010836212785978784,-0.0010836212785978784,-0.00047392766863632357,-0.00047392766863632357,-0.0026726659896741277,-0.0026726659896741277
2018-02-06,0.00529888424373492,0.00529888424373492,-0.0001844736868743234,-0.0001844736868743234,0.011676005314224743,0.011676005314224743,0.0059940127819160865,0.0059940127819160865
2018-02-07,0.007310207043533274,0.007310207043533274,0.009808650166307564,0.009808650166307564,0.0043974503733491595,0.0043974503733491595,0.004758577954823032,0.004758577954823031
2018-02-08,-0.00031813371661161983,-0.00031813371661161983,-0.0003959335925300283,-0.0003959335925300283,0.003323902768206677,0.003323902768206677,0.005459113467915654,0.005459113467915654
2018-02-09,-0.008265353473941847,-0.008265353473941847,-0.009785659322060257,-0.009785659322060257,-0.0031810016621996754,-0.0031810016621996754,-0.002852801777755501,-0.002852801777755501
2018-02-12,0.00863686645404044,0.00863686645404044,0.00814356891174719,0.00814356891174719,0.011502148409384122,0.011502148409384122,0.008151175010013013,0.008151175010013011
2018-02-13,0.0005137762937221916,0.0005137762937221916,-0.0011001942629183983,-0.0011001942629183983,-0.0008042371223605565,-0.0008042371223605565,0.0002501579850378036,0.0002501579850378036
2018-02-14,-0.006158317650937966,-0.006158317650937966,-0.008180272815318634,-0.008180272815318634,-0.006411589592513587,-0.006411589592513587,-0.008111727497066068,-0.008111727497066066
2018-02-15,-0.010547915821114378,-0.010547915821114378,-0.008028472244591795,-0.008028472244591795,-0.006077820822193297,-0.006077820822193297,-0.005962795608354169,-0.005962795608354169
2018-02-16,-0.006052826826684656,-0.006052826826684656,-0.00784128595668057,-0.00784128595668057,-0.0025293341677470778,-0.0025293341677470778,-0.002458786949008185,-0.002458786949008185
2018-02-19,0.008722628546984036,0.008722628546984036,0.006015129328228986,0.006015129328228986,0.007112092707276686,0.007112092707276686,0.007893717228253902,0.0078937172282539
2018-02-20,0.0033755453363085055,0.0033755453363085055,0.003206269093218368,0.003206269093218368,-0.0005243350701831487,-0.0005243350701831487,-0.0013709644966549744,-0.001370964496654974
2018-02-21,0.007941907887451109,0.007941907887451109,0.0045069143467875074,0.0045069143467875074,0.007929699263076625,0.007929699263076625,0.009153111939000199,0.009153111939000197
2018-02-22,0.002242663305112355,0.002242663305112355,0.003684632165296997,0.003684632165296997,0.007837242832959293,0.007837242832959293,0.012156804402960164,0.01215680440296016
2018-02-23,-0.005102323782992393,-0.005102323782992393,-0.009344031451577849,-0.009344031451577849,-0.001971951189443483,-0.001971951189443483,-0.004092339742904662,-0.004092339742904662
2018-02-26,0.0006777136723322031,0.0006777136723322031,0.00561427093188538,0.00561427093188538,0.002309820884697884,0.002309820884697884,0.0059974057038587715,0.005997405703858771
2018-02-27,0.0008340529834800143,0.0008340529834800143,-0.0025446113192581403,-0.0025446113192581403,-0.0036222259238891906,-0.0036222259238891906,-0.003799167429460744,-0.003799167429460743
2018-02-28,0.0032922351174055177,0.0032922351174055177,0.0005344461491037327,0.0005344461491037327,0.0033086076400530243,0.0033086076400530243,0.00377516865772796,0.003775168657727959
2018-03-01,0.004207838233294843,0.004207838233294843,0.0018179029449086569,0.0018179029449086569,0.004009576643155948,0.004009576643155948,0.0010541433131211059,0.0010541433131211057
2018-03-02,-0.00341377297968515,-0.00341377297968515,-0.0038270227841238893,-0.0038270227841238893,-0.006739089283074989,-0.006739089283074989,-0.00925388486702752,-0.009253884867027518
2018-03-05,-0.006976753068492764,-0.006976753068492764,-0.011764429356538805,-0.011764429356538805,-0.007407109477550332,-0.007407109477550332,-0.006923745912663913,-0.006923745912663911
2018-03-06,0.005013841389212737,0.005013841389212737,-0.0020361571046918414,-0.0020361571046918414,0.005780535860433539,0.005780535860433539,0.005179879706248822,0.005179879706248821
2018-03-07,-0.004194371893452944,-0.004194371893452944,-0.003716028564486647,-0.003716028564486647,-0.0037396588912582593,-0.0037396588912582593,-0.005228231779188626,-0.005228231779188625
2018-03-08,0.006075325711696135,0.006075325711696135,0.007664957612379975,0.007664957612379975,0.007171464071554103,0.007171464071554103,0.007665847660167469,0.007665847660167469
2018-03-09,0.007573671846965756,0.007573671846965756,0.011867977154004212,0.011867977154004212,0.006156604036065913,0.006156604036065913,0.007862291353379115,0.007862291353379115
2018-03-12,0.004203257562339295,0.004203257562339295,0.006567430741293582,0.006567430741293582,0.0023716295284657123,0.0023716295284657123,0.00412830727164635,0.00412830727164635
2018-03-13,-0.003048289488687762,-0.003048289488687762,-0.006359542769538728,-0.006359542769538728,-0.003485804963646972,-0.003485804963646972,-0.0030269465891167783,-0.0030269465891167783
2018-03-14,-0.0022807381869221323,-0.0022807381869221323,-0.010372207716950603,-0.010372207716950603,-0.0013972419229635938,-0.0013972419229635938,-0.004190141906834882,-0.004190141906834882
2018-03-15,3.830537088785578e-06,3.830537088785578e-06,-0.0009724082791614883,-0.0009724082791614883,-0.0024646976789999475,-0.0024646976789999475,-0.003422756517706388,-0.0034227565177063876
2018-03-16,0.005560650118950152,0.005560650118950152,0.004338249289157787,0.004338249289157787,0.0003711311348148547,0.0003711311348148547,0.0017118273144541582,0.001711827314454158
2018-03-19,-0.007589945981585616,-0.007589945981585616,-0.007011523562426763,-0.007011523562426763,-0.006106385710605976,-0.006106385710605976,-0.0020876143461036134,-0.0020876143461036134
2018-03-20,-0.004967340657745693,-0.004967340657745693,-0.0042712025861767556,-0.0042712025861767556,-0.005361752648284798,-0.005361752648284798,-0.005743927012312897,-0.005743927012312896
2018-03-21,0.0029287763620401658,0.0029287763620401658,0.004816993696537457,0.004816993696537457,0.010128619955667908,0.010128619955667908,0.01816733715560817,0.018167337155608167
2018-03-22,-0.011065156686123043,-0.011065156686123043,-0.004633338597947594,-0.004633338597947594,-0.010276924197404511,-0.010276924197404511,-0.009776963722158062,-0.00977696372215806
2018-03-23,-0.002754162467207745,-0.002754162467207745,-0.005585736345280901,-0.005585736345280901,0.004444791338915882,0.004444791338915882,0.0025023708363067733,0.002502370836306773
2018-03-25,-0.0037665419836726325,-0.0037665419836726325,-0.0004936073920015001,-0.0004936073920015001,0.003972335318509681,0.003972335318509681,0.0071077493951998486,0.007107749395199848
2018-03-26,-0.007051993886475873,-0.007051993886475873,-0.0034268708531138515,-0.0034268708531138515,-0.008786712797823426,-0.008786712797823426,-0.0034817343670004303,-0.00348173436700043
2018-03-27,0.005309388126182214,0.005309388126182214,0.006955123603309773,0.006955123603309773,0.0071314288383887495,0.0071314288383887495,0.005721894612627117,0.0057218946126271165
2018-03-28,0.012732355015673805,0.012732355015673805,0.01279802435684586,0.01279802435684586,0.017344146979497915,0.017344146979497915,0.01744700439615394,0.017447004396153938
2018-03-29,0.0017553787471509706,0.0017553787471509706,0.002599549411772811,0.002599549411772811,-0.0009601272075262895,-0.0009601272075262895,-0.0028228903121512976,-0.002822890312151297
2018-04-01,-0.0013844744061304506,-0.0013844744061304506,-0.0017760344241538795,-0.0017760344241538795,-0.0012836848694114471,-0.0012836848694114471,-0.0026185270512657575,-0.0026185270512657575
2018-04-02,-0.003847932123214852,-0.003847932123214852,-0.004545788458971483,-0.004545788458971483,-0.001218518584441409,-0.001218518584441409,0.0007625248424395469,0.0007625248424395469
2018-04-03,0.005421517727692595,0.005421517727692595,0.01258750456729313,0.01258750456729313,0.0034636034660109664,0.0034636034660109664,0.005058366718329511,0.00505836671832951
2018-04-04,0.005021549871885965,0.005021549871885965,0.006688553785312902,0.006688553785312902,0.0036963869368069136,0.0036963869368069136,0.003021912907939168,0.003021912907939168
2018-04-05,3.475672485251779e-05,3.475672485251779e-05,0.0019836957701550835,0.0019836957701550835,-0.0029388470040047666,-0.0029388470040047666,-0.002003010866954173,-0.002003010866954173
2018-04-08,-0.0028161448851784076,-0.0028161448851784076,-0.004458125929202671,-0.004458125929202671,-0.004616010028964119,-0.004616010028964119,-0.005880880522518639,-0.005880880522518638
2018-04-09,-0.004978253215213934,-0.004978253215213934,-0.0008992927996298064,-0.0008992927996298064,-0.007750373880802859,-0.007750373880802859,-0.007414801613053797,-0.007414801613053796
2018-04-10,0.002591547815643868,0.002591547815643868,0.006892283340555515,0.006892283340555515,0.002923816309803982,0.002923816309803982,0.0015021541706030247,0.0015021541706030247
2018-04-11,-0.0019883687983048583,-0.0019883687983048583,-0.00030709533032915694,-0.00030709533032915694,0.0011013318612995788,0.0011013318612995788,0.004202388923665658,0.0042023889236656575
2018-04-12,0.003686604329554742,0.003686604329554742,0.002417402881730127,0.002417402881730127,0.0034933017042543643,0.0034933017042543643,0.004633723598461251,0.00463372359846125
2018-04-15,0.001972153794163406,0.001972153794163406,0.0006141714968615165,0.0006141714968615165,0.004662027000199515,0.004662027000199515,0.007200161725229927,0.007200161725229927
2018-04-16,-0.008217372329733762,-0.008217372329733762,-0.00640716271475956,-0.00640716271475956,-0.005099694671526057,-0.005099694671526057,-0.004246703820203347,-0.004246703820203346
2018-04-17,0.0028030840756296596,0.0028030840756296596,0.004039789068111496,0.004039789068111496,0.001961282176657332,0.001961282176657332,0.0036899300609169925,0.0036899300609169916
2018-04-18,0.007546669784796895,0.007546669784796895,0.0018856861507449776,0.0018856861507449776,0.005375038641427267,0.005375038641427267,0.002729543794014936,0.002729543794014936
2018-04-19,0.004255159530808933,0.004255159530808933,0.006060608920294313,0.006060608920294313,-0.002383623877389563,-0.002383623877389563,-0.006129495247815402,-0.0061294952478154014
2018-04-22,0.0017725647655532045,0.0017725647655532045,-0.0018886109523863445,-0.0018886109523863445,0.00022121718906570667,0.00022121718906570667,0.0024451207726326712,0.002445120772632671
2018-04-23,0.0051085298068757334,0.0051085298068757334,0.003564594665640301,0.003564594665640301,-0.0038632592586978747,-0.0038632592586978747,-0.007042336701849194,-0.007042336701849191
2018-04-24,-0.0002505130250666911,-0.0002505130250666911,0.0014469094035744526,0.0014469094035744526,0.001422324941371944,0.001422324941371944,0.0025269715803040746,0.002526971580304074
2018-04-25,-0.00036655974031374935,-0.00036655974031374935,0.0005173843908231697,0.0005173843908231697,0.0013320325851931066,0.0013320325851931066,0.003635461378058818,0.003635461378058817
2018-04-26,0.005150776163464767,0.005150776163464767,0.004253317877420403,0.004253317877420403,0.009787621492482749,0.009787621492482749,0.012767288606637494,0.012767288606637492
2018-04-29,0.004207235806796347,0.004207235806796347,0.006037772869617495,0.006037772869617495,0.005765408606990331,0.005765408606990331,0.0038843821492902395,0.0038843821492902386
2018-04-30,-0.002009350866538407,-0.002009350866538407,0.0011063330029870803,0.0011063330029870803,-0.00103276597510448,-0.00103276597510448,0.0014766451670582726,0.0014766451670582723
2018-05-01,0.008591695645989106,0.008591695645989106,0.018362127851533322,0.018362127851533322,0.003058638469189167,0.003058638469189167,0.00020248499129221477,0.00020248499129221474
2018-05-02,0.004781249819648045,0.004781249819648045,0.006021354117471984,0.006021354117471984,0.003721775465485584,0.003721775465485584,0.0016704521466858722,0.0016704521466858716
2018-05-03,-0.0007245480459127625,-0.0007245480459127625,-0.009915159866569804,-0.009915159866569804,-0.003329210714465672,-0.003329210714465672,-0.005123020354132424,-0.005123020354132422
2018-05-06,0.0028834620628216596,0.0028834620628216596,0.006386314662996452,0.006386314662996452,0.0015487616396117536,0.0015487616396117536,0.001793291662693865,0.001793291662693865
2018-05-07,9.548718970955127e-05,9.548718970955127e-05,3.9535357142025406e-05,3.9535357142025406e-05,-0.0024685972365832785,-0.0024685972365832785,-0.0032781178643627104,-0.00327811786436271
2018-05-08,-0.0020204643774651802,-0.0020204643774651802,0.009659998115953802,0.009659998115953802,-0.0020394813874006854,-0.0020394813874006854,-0.002344751284565434,-0.0023447512845654337
2018-05-09,0.004482524316277639,0.004482524316277639,0.00971600994943528,0.00971600994943528,-0.0015103115856282831,-0.0015103115856282831,0.001702423467038286,0.0017024234670382856
2018-05-10,-0.004268443343813261,-0.004268443343813261,-0.013842624670643304,-0.013842624670643304,0.0028169251803369447,0.0028169251803369447,0.007457476354631502,0.0074574763546315015
2018-05-13,-0.001735581816282032,-0.001735581816282032,-0.004113701867450712,-0.004113701867450712,-0.0032935095362737034,-0.0032935095362737034,-0.0055438341722073405,-0.00554383417220734
2018-05-14,-0.0015326862512017741,-0.0015326862512017741,0.00669407792202897,0.00669407792202897,-0.0025320311855349547,-0.0025320311855349547,-0.0021172790767243774,-0.002117279076724377
2018-05-15,0.004497005553747805,0.004497005553747805,0.015946084487655044,0.015946084487655044,0.0009484009841607407,0.0009484009841607407,-0.001137723240430746,-0.0011377232404307456
2018-05-16,0.0009992305378505326,0.0009992305378505326,-0.00735823484472296,-0.00735823484472296,0.0033817855106746614,0.0033817855106746614,0.007254324264308945,0.007254324264308944
2018-05-17,0.0041838897841905065,0.0041838897841905065,0.0075840229963778615,0.0075840229963778615,-0.00017378505480581237,-0.00017378505480581237,-0.004604753267984625,-0.004604753267984624
2018-05-20,0.0038874639100586156,0.0038874639100586156,-0.0008794065460716376,-0.0008794065460716376,-0.0022363063260848913,-0.0022363063260848913,-0.006921081951599007,-0.006921081951599004
2018-05-21,0.004331999385917048,0.004331999385917048,-0.004049967758756014,-0.004049967758756014,0.0005976734493464456,0.0005976734493464456,-0.00047296722227497325,-0.0004729672222749731
2018-05-22,-0.002641054784525535,-0.002641054784525535,-0.0011000260595902067,-0.0011000260595902067,0.002022085980108745,0.002022085980108745,0.0028225190848381295,0.0028225190848381286
2018-05-23,0.001395867423263003,0.001395867423263003,0.0038254845738862433,0.0038254845738862433,0.008143183780424857,0.008143183780424857,0.010137269198075765,0.01013726919807576
2018-05-24,-0.0014496115887625996,-0.0014496115887625996,-0.0021202803936551692,-0.0021202803936551692,0.0020462310492069874,0.0020462310492069874,-7.957586552693042e-05,-7.957586552693041e-05
2018-05-27,0.006825237019469249,0.006825237019469249,0.00943300707983612,0.00943300707983612,0.004770692564643127,0.004770692564643127,0.0005573730941837839,0.0005573730941837837
2018-05-28,0.00403123831823825,0.00403123831823825,0.002304037948778569,0.002304037948778569,0.006400271032536836,0.006400271032536836,0.007167287602892128,0.007167287602892125
2018-05-29,0.002344101091768354,0.002344101091768354,0.009196081692989057,0.009196081692989057,0.0008418718375321559,0.0008418718375321559,-0.004196831920553353,-0.004196831920553351
2018-05-30,-0.007299124844873617,-0.007299124844873617,-0.021833642430202995,-0.021833642430202995,-0.008198929813539094,-0.008198929813539094,-0.009181009631979247,-0.009181009631979244
2018-05-31,-0.00014740528895042042,-0.00014740528895042042,-0.0022628457220214937,-0.0022628457220214937,-0.005895566399207667,-0.005895566399207667,-0.011187217747000969,-0.011187217747000962
2018-06-03,0.0019210225798583502,0.0019210225798583502,0.003342099732449292,0.003342099732449292,0.0016158371377921667,0.0016158371377921667,0.005747128340391993,0.00574712834039199
2018-06-04,0.009665426115740082,0.009665426115740082,-0.003818637094465723,-0.003818637094465723,0.0028846440806019366,0.0028846440806019366,-0.001020303812395534,-0.0010203038123955338
2018-06-05,-0.007094066414490408,-0.007094066414490408,-0.0036363157411354067,-0.0036363157411354067,-0.01359609799281604,-0.01359609799281604,-0.015989406945993125,-0.01598940694599312
2018-06-06,0.002460594826407426,0.002460594826407426,-0.002763039765965478,-0.002763039765965478,0.002471103997918908,0.002471103997918908,0.0026376345599670404,0.00263763455996704
2018-06-07,-0.006925620199031033,-0.006925620199031033,3.32692368798984e-05,3.32692368798984e-05,-0.01257640319580367,-0.01257640319580367,-0.015200792572731634,-0.015200792572731627
2018-06-10,0.0012672127433459193,0.0012672127433459193,0.001746045808776589,0.001746045808776589,-0.00036440396862723323,-0.00036440396862723323,5.214793981433442e-06,5.214793981433441e-06
2018-06-11,0.005827992579775154,0.005827992579775154,0.006581953802174771,0.006581953802174771,-0.002271974009054742,-0.002271974009054742,-0.0039617319549960055,-0.003961731954996004
2018-06-12,0.00024939411333334976,0.00024939411333334976,0.004271607183589883,0.004271607183589883,-0.005323737625279768,-0.005323737625279768,-0.006326549022364964,-0.006326549022364961
2018-06-13,-0.004561110505893971,-0.004561110505893971,-0.00532569348687225,-0.00532569348687225,-0.004796276509235001,-0.004796276509235001,-0.004390544951980016,-0.0043905449519800145
2018-06-14,0.014724532749435996,0.014724532749435996,0.03082780766328787,0.03082780766328787,0.013130148150674778,0.013130148150674778,0.014263651484659641,0.014263651484659636
2018-06-17,-0.0016337076373256752,-0.0016337076373256752,0.0023498357827200474,0.0023498357827200474,0.0038176123254776086,0.0038176123254776086,0.005469263679523103,0.005469263679523101
2018-06-18,-0.005998074426055305,-0.005998074426055305,-0.0011791024670919012,-0.0011791024670919012,-0.0070363212393409445,-0.0070363212393409445,-0.00743927909964367,-0.007439279099643669
2018-06-19,0.0038557351293850403,0.0038557351293850403,0.006345435035235241,0.006345435035235241,0.005726226031825075,0.005726226031825075,0.003077765995151925,0.0030777659951519245
2018-06-20,0.00023273004403955217,0.00023273004403955217,0.003551824693257911,0.003551824693257911,0.0032560320715436797,0.0032560320715436797,0.00693553157881723,0.006935531578817228
2018-06-21,-0.005915584958854878,-0.005915584958854878,-0.005838683101435427,-0.005838683101435427,-0.00286259145068132,-0.00286259145068132,-0.00019178189884932158,-0.00019178189884932152
2018-06-24,0.0010059146070122886,0.0010059146070122886,-0.0076025138691474346,-0.0076025138691474346,0.007223296807579433,0.007223296807579433,0.00661869104881889,0.006618691048818888
2018-06-25,-0.0061984259775443844,-0.0061984259775443844,-0.0010752908195504032,-0.0010752908195504032,-0.005271685592772005,-0.005271685592772005,-0.004112291619598864,-0.004112291619598862
2018-06-26,0.0064498595482997655,0.0064498595482997655,0.007365134972909023,0.007365134972909023,0.005681159910753262,0.005681159910753262,0.0065575571109327095,0.006557557110932708
2018-06-27,0.0016922771845202995,0.0016922771845202995,0.011673796552499055,0.011673796552499055,-0.003999727073647073,-0.003999727073647073,-0.004375890289682394,-0.004375890289682392
2018-06-28,-0.0016024706838537728,-0.0016024706838537728,0.0003949695569274348,0.0003949695569274348,0.006718448272277076,0.006718448272277076,0.012853838305756659,0.012853838305756654
2018-07-01,-0.0021115558060663983,-0.0021115558060663983,-0.008424876631130437,-0.008424876631130437,-0.002191439883159216,-0.002191439883159216,0.0015061612899731553,0.0015061612899731546
2018-07-02,-0.008341931057184549,-0.008341931057184549,0.002392928245387389,0.002392928245387389,-0.009592924798508193,-0.00039792261998471297,-0.010801605544726747,-0.0003449808345707157
2018-07-03,-0.0009405911118366872,-0.0009405911118366872,-0.006967605220977005,-0.006967605220977005,0.00498249521013593,0.0,0.005466627497301472,0.0
2018-07-04,1.765423672898188e-05,1.765423672898188e-05,-0.0007745250137326408,-0.0007745250137326408,-0.0021606419976761123,-0.0025627286213802825,-8.816910566859572e-05,-0.0004468301971114344
2018-07-05,0.0019935447759184166,0.0019935447759184166,-0.0005940753832923233,-0.0005940753832923233,0.0045294150382943635,-0.00040378503505516237,0.006808451558937562,-0.0003589804167582655
2018-07-08,-0.0024137906854806773,-0.0024137906854806773,-0.008915480448209216,-0.008915480448209216,0.00026751901889716543,0.0,0.00044272384213157173,0.0
2018-07-09,0.007694933829613011,0.007694933829613011,0.002322720650930528,0.002322720650930528,0.004076005852112636,0.0,0.001962331838087765,0.0
2018-07-10,-0.0029871699957161983,-0.0029871699957161983,0.0045321103365135755,0.0045321103365135755,0.0026462188358955976,0.0,0.007314325805879913,0.0
2018-07-11,0.00026701609718475863,0.00026701609718475863,0.007960802765177055,0.007960802765177055,0.0006866235029271457,0.0,-0.00010966306728943883,0.0
2018-07-12,0.01372490041891795,0.01372490041891795,0.006429067676459558,0.006429067676459558,0.017022076614380453,0.0,0.021885702171938835,0.0
2018-07-15,-0.00298153055820256,-0.00298153055820256,-0.0034285906428764092,-0.0034285906428764092,0.0010431825292732517,0.0,0.0022701920924709106,0.0
2018-07-16,-0.003437172041068846,-0.003437172041068846,-0.0031707921227714327,-0.0031707921227714327,-0.0028907229260250974,0.0,-0.0032557570309129586,0.0
2018-07-17,0.009704371419058725,0.009704371419058725,0.011821950999682751,0.011821950999682751,0.006731792698814445,0.0,0.0037285761810436943,0.0
2018-07-18,0.0010933554867440022,0.0010933554867440022,-0.0020573937098014947,-0.0020573937098014947,0.002093945214220364,0.0,9.60062606083051e-05,0.0
2018-07-19,-0.0018892257845384464,-0.0018892257845384464,0.004017014997426569,0.004017014997426569,-0.00579680292547792,0.0,-0.010208438992777579,0.0
2018-07-22,-0.011340808295382344,-0.011340808295382344,-0.01891617141990607,-0.01891617141990607,-0.007552958798773415,-0.007955884144886372,-0.007496874304049281,-0.009536271789402721
2018-07-23,0.0005451656217646993,0.0005451656217646993,0.0065625653220635115,0.0065625653220635115,0.0024881717163739996,-0.00040242139092724774,0.0038020976537095166,-0.0003928924826195372
2018-07-24,0.003067216744024213,0.003067216744024213,-0.0026449939657239305,-0.0026449939657239305,0.0046820951080067215,0.0,0.0054874679783082,0.0
2018-07-25,-0.005096597180028818,-0.005096597180028818,-0.00841232504536755,-0.00841232504536755,-0.0006112444695151797,0.0,0.0020355433900833414,0.0
2018-07-26,0.0018515074622031601,0.0018515074622031601,0.010607243156752542,0.010607243156752542,0.002862487787061153,0.0024575475710481923,0.004709158406687598,0.005393747852529971
2018-07-29,0.00017068088058680192,0.00017068088058680192,-0.0020810193901132827,-0.0020810193901132827,0.002607429384710737,-0.00040501431748121545,0.002094698968053881,-0.00039721016484682976
2018-07-30,-0.0036655392860476432,-0.0036655392860476432,-0.004391979740547512,-0.004391979740547512,-0.0049945344877341214,-0.005401299831753335,-0.004415964235579328,-0.005822287266107553
2018-07-31,0.0044656331651474574,0.0044656331651474574,0.0030820796574307844,0.0030820796574307844,0.0013334293996601053,0.0013334293996601053,0.0009833017581265572,0.0012066294264494399
2018-08-01,-0.0012119596560634842,-0.0012119596560634842,0.00040765787817650186,0.00040765787817650186,0.0018240471203936999,0.0018240471203936999,0.0035629623385843028,0.004369716046563579
2018-08-02,0.0030825039617344515,0.0030825039617344515,0.00936044475683023,0.00936044475683023,0.001830824581490072,-0.00040259153071321626,0.001016437124369875,-0.0003916115210479277
2018-08-05,0.001588758746846225,0.001588758746846225,-0.0011279180544282704,-0.0011279180544282704,0.0057344407585824715,0.0,0.004362976976289918,0.0
2018-08-06,0.001449147463614963,0.001449147463614963,0.002934415032959649,0.002934415032959649,-5.011741388755207e-06,-0.00040727468400445735,0.000498881061134985,0.00021759115447083055
2018-08-07,0.0026955975641814647,0.0026955975641814647,-0.0006362252017046069,-0.0006362252017046069,0.0027777093219183294,0.0027777093219183294,0.001988001797173091,0.0024607125397981015
2018-08-08,-0.0016676142928357556,-0.0016676142928357556,-0.0013794647531441774,-0.0013794647531441774,-0.0007336039986726298,-0.0007336039986726298,-0.0028117410388849,-0.0034757412962840664
2018-08-09,-0.004544012071669856,-0.004544012071669856,0.011683784976649625,0.011683784976649625,-0.007454298008108608,-0.007454298008108608,-0.006991900369812049,-0.008705116752002594
2018-08-12,0.002863419565593954,0.002863419565593954,0.007758009942324841,0.007758009942324841,-0.008311391136656764,-0.008311391136656764,-0.013040704419181539,-0.016192650983612236
2018-08-13,-0.003142388293929028,-0.000148677037819996,-0.0005209788669266907,-9.060147940639313e-05,-0.00598865641579085,-0.00598865641579085,-0.005750820121777593,-0.007056408497690736
2018-08-14,0.0018018042856076666,0.0,0.003069787807659725,0.0,0.00909141653084987,0.00909141653084987,0.012460504148038754,0.01526713757565659
2018-08-15,-0.0001341732814292926,0.0,0.0012451528100791557,0.0,-0.007018508036194508,-0.007018508036194508,-0.012833063746003832,-0.015438468311156093
2018-08-16,0.005716862635063505,0.0,0.0005065855353654549,0.0,0.004084272721071506,0.004084272721071506,0.0017613207430553942,0.0021165400749035158
2018-08-19,-0.004140431900942303,0.0,-0.008963991805156111,0.0,-0.003228134371720873,-0.003228134371720873,-0.0038905369755450852,-0.004670437571759562
2018-08-20,-0.005813147832774018,0.0,-0.006762687131484486,0.0,-0.0014915787992286203,-0.0014915787992286203,-0.0013804989722625363,-0.0016577607772510544
2018-08-21,-0.0032340394850135907,0.0,-0.008974666545987484,0.0,-0.001652661160209944,-0.001652661160209944,-0.0020324738350167523,-0.0024549610687316674
2018-08-22,-0.0007500622437199305,0.0,0.00111644113218795,0.0,-0.00024152291739881656,-0.00024152291739881656,0.0032427418535659496,0.003917280686415479
2018-08-23,0.001527587501748742,0.0,0.011683357400469132,0.0,0.001124625668874831,0.001124625668874831,0.0034618791793801706,0.004181140924879383
2018-08-26,0.000314297031328719,0.0,-0.01111782299003383,0.0,0.0052738807294763585,0.0052738807294763585,0.0016875298024519208,0.00204250538203955
2018-08-27,-0.005200472509876488,0.0,-0.004031251216982287,0.0,-0.004415440094379909,-0.004415440094379909,-0.001190301898364381,-0.0014452804445022384
2018-08-28,-0.0012868406297664343,0.0,-0.0013844620045358814,0.0,-0.003230012832319409,-0.003230012832319409,-0.004928329935819309,-0.005984390238193726
2018-08-29,-0.0076183308045364205,0.0,-0.0053181555734355904,0.0,-0.006073883123513953,-0.006073883123513953,-0.0020425729123276864,-0.0025144411606573464
2018-08-30,-0.009625733178729145,0.0,0.002252727101672929,0.0,-0.015017894377890133,-0.015017894377890133,-0.014077260048654384,-0.01736173553088727
2018-09-02,0.004829581048243976,0.0,0.009693714715280384,0.0,0.005244062162086369,0.005244062162086369,0.003750155943076351,0.004622031478719995
2018-09-03,0.0032196977054116294,0.0,0.0015838911506999875,0.0,-0.004269056105806486,-0.004269056105806486,-0.007358698869396361,-0.009042685838975287
2018-09-04,0.0025066559367220476,0.0,0.007612044090297534,0.0,-0.00864830759140026,-0.00864830759140026,-0.011169053596776769,-0.013684841469495543
2018-09-05,0.0001378257285068699,0.0,-0.004366467617911834,0.0,-0.001542323020789991,-0.001542323020789991,-0.003764307444759862,-0.004579116696890967
2018-09-06,-0.008949902599879695,0.0,-0.00448800061212832,0.0,0.0001843470036363363,0.0001843470036363363,0.00115499931098141,0.001405042656120465
2018-09-09,-0.0016638587909272476,0.0,0.006410863353913818,0.0,-0.0022906276782270717,-0.0022906276782270717,0.0022124995252454506,0.002749739962892522
2018-09-10,-0.003395883607130676,0.0,-0.0005672721584584576,0.0,-0.0014978784871513143,-0.0014978784871513143,0.0042731953658387955,0.005330690147330694
2018-09-11,-0.0037944838814415152,0.0,-0.002393059517463357,0.0,-0.0013990372023863296,-0.0013990372023863296,0.003511885003064864,0.004373756251908052
2018-09-12,0.002341803299972544,0.0,-0.0053131659346681,0.0,0.0018790012973592279,0.0018790012973592279,0.002465501169071412,0.0030682760014936554
2018-09-13,-0.0010167963858582934,0.0,-0.0026881220461171637,0.0,0.0033850068754814415,0.0033850068754814415,0.006489042695305179,0.00812424977252872
2018-09-16,0.0005744607057764419,0.0,0.005295422997204015,0.0,0.0007156213704655896,0.0007156213704655896,0.001108130289282789,0.001376559358486895
2018-09-17,-0.006651503438402708,0.0,-0.004916308517604071,0.0,-0.0053215147323939374,-0.0053215147323939374,-0.005147042990655689,-0.006431062525360542
2018-09-18,0.007263497381706981,0.0,-0.002721060993010729,0.0,0.001055692024370303,0.001055692024370303,0.0016884520721469872,0.002107740532004057
2018-09-19,0.006710708809746888,0.0,-0.0017339760393817434,0.0,0.007894768738980795,0.007894768738980795,0.006790873829094114,0.008525152951075017
2018-09-20,-0.007080428731326386,0.0,-0.010283942410727637,0.0,-0.0022555873224245067,-0.0022555873224245067,-0.00255745968407305,-0.0031836645306113254
2018-09-23,0.006947752885362056,0.0,0.005119676194433565,0.0,0.0037411202621067557,0.0037411202621067557,2.1952929317774877e-05,2.794627369746126e-05
2018-09-24,-0.00041979203723931417,0.0,0.0049555693078846465,0.0,-0.0017866960358428022,-0.0017866960358428022,0.0014396428231756482,0.0018344835129958088
2018-09-25,-0.0010640023790774939,0.0,-0.0008346928001443141,0.0,0.00018573416358462684,0.00018573416358462684,0.002198925846073748,0.0027371877899267814
2018-09-26,0.004194930348292386,0.0,0.0009178892267392578,0.0,0.007065270229528411,0.007065270229528411,0.007144341141542858,0.008826339793446032
2018-09-27,0.008994032399318248,0.0,0.013387357544444716,0.0,0.010701574732464463,0.010701574732464463,0.015159328828408909,0.018558380941040925
2018-09-30,0.0011668671326691916,0.0,-0.00046633879081346626,0.0,0.003320828109257381,0.003320828109257381,0.008146438423490596,0.00962697949195659
2018-10-01,0.0031544715575836,0.0,0.002057430547948999,0.0,-0.0005053574166101645,-0.0005053574166101645,-0.0009094183302848993,-0.0010660743350002662
2018-10-02,0.0036225733138593504,0.0,0.00226556818401879,0.0,0.002799663446501563,0.002799663446501563,-0.00023224186214552096,-0.0002722087090857798
2018-10-03,0.022090847606966394,0.0,0.013844053923399779,0.0,0.007626007998033444,0.007626007998033444,-0.0011882993518885106,-0.0013810981799693932
2018-10-04,-0.00443737051321163,0.0,-0.0027039349992395304,0.0,-0.007360567011894385,-0.007360567011894385,-0.009688427498869919,-0.011262509441436294
2018-10-07,-0.0001957958795033494,0.0,-0.00011974753769660968,0.0,0.006762943568063116,0.006762943568063116,0.007686036695314018,0.008120439450316532
2018-10-08,-0.0005264619095326414,0.0,-0.00032276687595911275,0.0,-0.002778442837447161,-0.002778442837447161,-0.004677813199085413,-0.004924450302761389
2018-10-09,-0.006929486255169195,0.0,-0.004257453630334664,0.0,0.0005855476901198561,0.0005855476901198561,0.006063939079336023,0.006368879678956024
2018-10-10,-0.0020924435506449093,0.0,-0.0013090423540478957,0.0,-0.007830327899565406,-0.007830327899565406,-0.011884757793176466,-0.012422094837378479
2018-10-11,-0.008488652817123956,0.0,-0.005313049585897759,0.0,-0.003649919421050721,-0.003649919421050721,0.0008875905529603349,0.0009261118081285529
2018-10-14,0.009501405810717907,0.0,0.0059255570172719796,0.0,0.0069021975864750635,0.0069021975864750635,0.005701766989239514,0.005817384917500074
2018-10-15,-0.013244258092547747,0.0,-0.008817788172140515,0.0,-0.004657512566618285,-0.004657512566618285,0.001736596329643616,0.0017687235727744028
2018-10-16,0.0002918594253109112,0.0,0.00019268253774157166,0.0,0.0034695974577843556,0.0034695974577843556,0.007845497851182184,0.007962339779190312
2018-10-17,0.016490872449604576,0.0,0.010909329584603413,0.0,0.01132510440398481,0.01132510440398481,0.003852324830869091,0.0038786631421750747
2018-10-18,0.007933643359600125,0.0,0.005222280863089015,0.0,0.0013310508983987207,0.0013310508983987207,-0.005384963165299512,-0.005415359906234078
2018-10-21,-0.007281298382152128,0.0,-0.004890236982552267,0.0,-0.009698628864390383,-0.009698628864390383,-0.006470899026265802,-0.006511137878472571
2018-10-22,0.009814249514251274,0.0,0.006561572911243583,0.0,0.007668662192222038,0.007668662192222038,0.003361045256973758,0.0033787547442425607
2018-10-23,-0.003318950755528991,0.0,-0.002215469498910261,0.0,0.003976417012421704,0.003976417012421704,0.004337538320254385,0.004359068835135255
2018-10-24,0.008189218200501358,0.0,0.005465951221246457,0.0,-0.001707442352086178,-0.001707442352086178,-0.00908512819544947,-0.009128670849278306
2018-10-25,0.006520422981037022,0.0,0.004330350666665264,0.0,0.004869530886852577,0.004869530886852577,0.0041208193309230125,0.004142093017473871
2018-10-29,-0.0036334957209720993,0.0,-0.0024549093687366787,0.0,0.0015382523884753874,0.0015382523884753874,0.0012161065572539012,0.0012217591338994983
2018-10-30,0.007668931424696388,0.0,0.005191338965243629,0.0,-0.00677034293405319,-0.00677034293405319,-0.011804614841513841,-0.01180461484151384
2018-10-31,0.006985264093979831,0.0,0.004765552029584953,0.0,0.007741387881559644,0.007741387881559644,0.008042044085433703,0.008042044085433703
2018-11-01,0.004192705541142784,0.0,0.0026250078019997617,0.0,-0.0030523758661901053,-0.0004106836065059285,-0.007211812359029253,-0.00029855686477369016
2018-11-02,-0.0310684470708773,0.0,-0.019127906004913733,0.0,-0.017351630825814077,0.0,0.0018498941386611196,0.0
2018-11-05,0.0023207577330776595,0.0,0.0017965897460299344,0.0,0.0065704210766187494,0.0,0.00791819009284816,0.0
2018-11-06,-0.0017352985860313518,0.0,-0.0009388533355395897,0.0,0.003346317254540772,0.0,0.007187580094158746,0.0
2018-11-07,-0.008253781475811973,0.0,-0.006195604326765185,0.0,-0.003735551044208655,-0.004129391459735168,0.0022276992244339914,0.0019895987866063356
2018-11-08,-0.003881498909932529,0.0,-0.0021593335585416923,0.0,-0.002347734580456839,-0.002347734580456839,0.0019060797404338765,0.001986291708928193
2018-11-09,0.008996341724947676,0.0,0.007930834173779145,0.0,0.0003259181523449264,0.0003259181523449264,-0.005712780914238499,-0.005969488258031943
2018-11-12,0.009548124747392181,0.0,0.007103195956198095,0.0,0.008005306362092362,0.008005306362092362,-0.0004980122558531444,-0.0005203789221575596
2018-11-13,0.01018122133873119,0.0,0.007387287606525347,0.0,0.0075016038463011255,0.0075016038463011255,-0.0007490879514114884,-0.0007828257700452334
2018-11-14,-0.012907129549163199,0.0,-0.009968537680320601,0.0,-0.01570910402614422,-0.01570910402614422,-0.009554897682309885,-0.009985050228243437
2018-11-15,-0.00048047586691727246,0.0,-0.0003295998397957579,0.0,0.0040921994124273695,0.0040921994124273695,0.004488934138461935,0.004685695594660444
2018-11-16,0.0004355742472465891,0.0,0.0020512887599146855,0.0,0.00439976613150795,0.00439976613150795,0.0066348438227079335,0.006924453234345972
2018-11-19,-0.012497448956663966,0.0,-0.010713206424826925,0.0,-0.008439940325749433,-0.008439940325749433,-0.0029538769123819385,-0.003080581621509612
2018-11-20,-0.0024608837006939808,0.0,-0.003654669169050185,0.0,-0.004705184982872873,-0.004715018896521352,-0.010265070643301774,-0.010707953366842875
2018-11-21,0.01404247136608358,0.0,0.011388977462703306,0.0,0.017415621556649212,0.017461905948466562,0.006611439109507658,0.00688821353362958
2018-11-22,-0.004651225158063482,0.0,-0.0029923221903181687,0.0,-0.002916084319529669,-0.003100108408658919,0.004679465478085452,0.004869864639206515
2018-11-23,-0.0020850905915455425,0.0,-0.0027974917460785323,0.0,-0.0017467149993256627,-0.001846825387201852,-0.0007411397489862584,-0.0007707156884579746
2018-11-26,0.0071961360901570464,0.0,0.0069829477285983065,0.0,0.010055565587741405,0.01014928750566626,0.0058353456979368876,0.006087608341463332
2018-11-27,0.0029338452028514457,0.0,0.0027428229250155644,0.0,-0.0011745022148446213,-0.0012027855666213543,-0.0025578374523027,-0.0026672915950611874
2018-11-28,0.0030266310989451217,0.0,0.0035865371034349944,0.0,0.005376387327540918,0.005482871326918827,0.005613621426688163,0.005858582955276586
2018-11-29,-0.012263103291829083,0.0,-0.010264174595794366,0.0,-0.009111433630690655,-0.009165595493580899,-0.00024549174853582753,-0.0002566218000174352
2018-11-30,0.00023156311028228114,0.0,0.0011194033069808693,0.0,0.0034420234009372268,0.003530355096043715,0.0060387362747975825,0.006313931500186244
2018-12-03,-0.001567279813628183,0.0,0.00034329112332069634,0.0,-0.0009039178079985347,-0.0009284933442527212,0.0026344984007234226,0.0027522052612927858
2018-12-04,-0.0006081535566151443,0.0,0.00011503684929489534,0.0,-0.004556581561195577,-0.004674238952832516,-0.004666959936758647,-0.004875407901219555
2018-12-05,-0.0007648093979237744,0.0,-0.00024305073298547483,0.0,-0.0056333161099643946,-0.005807553506679254,-0.009941333962597528,-0.010389648598503672
2018-12-06,0.0026192392998151334,0.0,0.0007370314361494895,0.0,0.0008728808610107855,0.0009067499249248454,-0.0009300957925942007,-0.0009711243844136307
2018-12-07,0.004341216198514433,0.0,0.004390062719920822,0.0,0.0030863761768174856,0.003205250105504751,-0.005531937234094752,-0.005777785914102892
2018-12-10,0.0012682625593729401,0.0,-0.0003752967722136055,0.0,0.00040569159178226573,0.00042123829864505074,-0.003110013198443156,-0.003251831967529789
2018-12-11,0.0066377918248946765,0.0,0.009072407246176516,0.0,0.005634987496863317,0.005850994206724613,0.0006113212700822411,0.0006392657317929947
2018-12-12,0.0022690996677243594,0.0,0.0032379452989449117,0.0,0.005046447231973829,0.0052285060991824955,0.007331367576661003,0.007668396925892413
2018-12-13,-0.004342506718615055,0.0,-0.006337526549550267,0.0,0.0018809194780298826,0.0019560724058892845,0.007157827783182668,0.007477156746830558
2018-12-14,0.0010875790407952283,0.0,0.0011139049898368542,0.0,-0.00469853966968507,-0.00483955415911233,-0.0062664924604211355,-0.006546600414537085
2018-12-17,0.008962658123865064,0.0,0.007181142709174818,0.0,0.008327569940735151,0.008616182762561932,0.0004608708264228287,0.0004812751382181258
2018-12-18,-0.00409122191994575,0.0,-0.004772920800718792,0.0,-0.002099970903679602,-0.0021952952925445527,-0.00404150490624185,-0.004220311448340325
2018-12-19,-0.0036538121361550896,0.0,-0.0012841239998363908,0.0,-0.0029407315695825246,-0.003075616981844581,-0.0004910723861946787,-0.0005128302840123804
2018-12-20,0.006349915225168002,0.0,0.0037620222786957005,0.0,0.009047672140721748,0.009489961877442488,0.0004947524562651246,0.000516811344579669
2018-12-21,-0.007096622127019139,0.0,-0.008511830684063129,0.0,-0.008589390684871636,-0.009072337061416028,-0.010784941969275678,-0.011282990186655824
2018-12-24,0.01129226229760452,0.0,0.010774357480331743,0.0,0.010349573963356827,0.010919638929139788,0.0008434465333155472,0.0008869203114954529
2018-12-25,-0.006573131676877199,0.0,-0.007076338675381147,0.0,-0.0034304959131771446,-0.003687925694450988,-0.0017733675787620158,-0.0018698849733941056
2018-12-26,0.0006536310761214612,0.0,0.0005084460669603432,0.0,-0.001509901418578904,-0.0016271522614874892,-0.0034134319994443335,-0.0035992927081066888
2018-12-27,0.005454767825258496,0.0,0.006593419704119024,0.0,0.008403322414996956,0.009053010953215935,0.014300370016319385,0.01507959951677102
2018-12-28,-0.0010285982603846341,0.0,-0.0027839638419173696,0.0,0.0024293643851727893,0.0026157427735667223,-0.0019220401511419213,-0.0020150813403704507
2018-12-31,-0.004100045852593245,0.0,-0.004573385000357177,0.0,-0.006349581020598842,-0.006800851411290299,-0.005314310550868282,-0.0055809789317820685
2019-01-01,-0.00936462669125124,0.0,-0.011507268459468955,0.0,-0.017132740547976776,-0.018405995549158057,-0.002261008955944077,-0.0023791381867689326
2019-01-02,0.005232016773651695,0.0,0.006543419093330897,0.0,0.009169061384041319,0.009784031895012483,-0.005340967792659788,-0.0056211918630794
2019-01-03,0.008367810664890802,0.0,0.009973897196372263,0.0,0.009304139402761591,-0.00035819790576303466,0.0036906639278561915,-0.0003720764701783696
2019-01-04,-0.007219206981732932,0.0,-0.01049188538706576,0.0,-0.0017120379558736858,0.0,0.0041021351098493135,0.0
2019-01-07,-0.010250342925386886,0.0,-0.006638420304039381,0.0,-0.0006085591786461392,0.0,0.016702745666273836,0.0
2019-01-08,-0.006892153281487578,0.0,-0.007189812053260407,0.0,-0.013007429678589153,0.0,-0.00917482814203352,0.0
2019-01-09,0.001433157871743715,0.0,0.0024763097811299766,0.0,0.002929922411857567,0.0,0.00499690243366067,0.0
2019-01-10,-0.010071363185057297,0.0,-0.011389336346581727,0.0,-0.0083659022190706,0.0,-0.004697502474694901,0.0
2019-01-11,0.005342613648285628,0.0,0.006795221053846316,0.0,0.006561077859778674,0.0,0.009312442445863253,0.0
2019-01-14,-0.0017427847869696958,0.0,-0.0012496775323136253,0.0,0.001403441188499248,0.0,0.004295513148897774,0.0
2019-01-15,-0.0017794026966868682,0.0,-0.002346448847157595,0.0,0.002448191316786537,0.0,0.004478687772005961,0.0
2019-01-16,0.003794499065765704,0.0,0.004817671366390687,0.0,0.004403962830217751,0.0,0.008659853030930578,0.0
2019-01-17,0.005257748058198738,0.0,0.004621962910634314,0.0,0.007075550876056743,0.0,0.007793433739408197,0.0
2019-01-18,-0.00030701509848554334,0.0,0.00040452815253796915,0.0,-0.0011479283633271575,0.0,0.00023007041294109226,0.0
2019-01-21,0.007092147717363427,0.0,0.007132625133993365,0.0,0.0037870680454810753,0.0,-0.000795277679775313,0.0
2019-01-22,0.0007947271772200102,0.0,0.0007096927200080916,0.0,-0.00016877025402166305,0.0,-0.0005033308647462657,0.0
2019-01-23,0.000532681187838593,0.0,-0.001024189834697835,0.0,-0.00048777877723675376,0.0,-0.003727302077713471,0.0
2019-01-24,-0.007199158245223456,0.0,-0.007283553995532096,0.0,-0.0031932583447103024,0.0,0.00469879007167192,0.0
2019-01-25,0.005330557998631046,0.0,0.003714978710450423,0.0,0.008359000740988052,0.0,0.01015655294228615,0.0
2019-01-28,-0.015947846560823625,0.0,-0.014168283761133531,0.0,-0.013341828713858545,0.0,-0.0029480277761241773,0.0
2019-01-29,0.0017446235323576801,0.0,0.0014166971784734961,0.0,0.00017738785416712984,0.0,-0.0035839192312469535,0.0
2019-01-30,0.00388294271143155,0.0,0.004216516769920963,0.0,0.0035729474766172447,0.0,0.0031305601244954674,0.0
2019-01-31,-0.013118581970127798,0.0,-0.010893707825342469,0.0,-0.00897142765709463,0.0,0.0033334842429771556,0.0
2019-02-01,-0.0006168448282863454,0.0,2.4587804739848767e-05,0.0,0.0017591434718931538,0.0,0.004759644258970359,0.0
2019-02-04,0.0020872347846542278,0.0,0.0014393446617687732,0.0,0.0012045788642332115,0.0,-0.00047967980442066723,0.0
2019-02-05,0.007683316972133922,0.0,0.007456785499807925,0.0,0.006781363110152513,0.0,0.005788669815843339,0.0
2019-02-06,0.0008779746100901,0.0011900567472476027,0.0023921229087314174,0.003468153960435903,0.0030445773773275907,0.0,0.005223196690671948,0.0
2019-02-07,0.013394614736532993,0.019894782906170125,0.009442907602550447,0.013966023353582293,0.011501819550440646,0.0,0.0003792716005461739,0.0
2019-02-08,0.005461623428474505,0.008422393572053603,0.00583476640948494,0.008795642253238058,0.006848912539112199,0.0,0.0018604779194734903,0.0
2019-02-11,-0.0015328374231155205,-0.00014763749674120126,-0.001540195918176978,-0.00014408174586067236,0.0004175556751623951,0.0,0.0003872816149282071,0.0
2019-02-12,0.008719731737875186,0.0,0.008576642745600382,0.0,0.004503525566592812,0.0,-0.0025855302469227973,0.0
2019-02-13,-0.004246101236393446,0.0,-0.0031294579970012246,0.0,-0.005587856215278018,0.0,-0.0007781352733035824,0.0
2019-02-14,0.0028260305430929185,0.0,0.002752852138896647,0.0,-0.0039954516162239,0.0,-0.007185476224437549,0.0
2019-02-15,-0.002076200889898808,-0.0032279139749972568,-0.0019377103752682885,-0.0029650882139313174,-0.0005910746156264461,0.0,-0.0018046290635377136,0.0
2019-02-18,-0.00677809888177643,-0.010058365935809402,-0.006035554970756049,-0.008778186947353637,-0.0059933954237144085,0.0,0.0003083856776473619,0.0
2019-02-19,0.0002252768854331518,0.00033447039383187327,-0.0003763379150375668,-0.0005456913350423735,-0.0006861839772562611,0.0,-0.0004357439514421062,0.0
2019-02-20,-0.007591256294317506,-0.00014643459733061122,-0.007391260754322002,-0.00014293436283315707,-0.0037731516602019497,0.0,0.004640363451868298,0.0
2019-02-21,0.0004178753642971931,0.00047892111857420416,0.0006415348244845287,0.0007930149443425629,0.00024558343979519653,0.0,-0.0010707579861032202,0.0
2019-02-22,0.006062540363391392,-0.00014704497089554922,0.004213319796435302,-0.00014341846561149204,0.007358163634638917,0.0,0.002425472907694062,0.0
2019-02-25,-0.006935836828997205,-0.010300159776212686,-0.005814314733704272,-0.008453860240426414,-0.004752847551193899,0.0,0.00380655655098541,0.0
2019-02-26,-0.0013032236133320083,-0.001926618065692979,-0.0008448010133735101,-0.0012161703437126616,0.0008819597787221827,0.0,0.004583731395444853,0.0
2019-02-27,-0.0065268158412945835,-0.00965170708897723,-0.006865117030307987,-0.009884229076893656,-0.008323761250917685,0.0,-0.006546527243598014,0.0
2019-02-28,0.0033813686790218483,-0.00014641240569533427,0.00186655169558658,-0.00014283647353818623,0.0009765412984196249,0.0,-0.0005776591062630584,0.0
2019-03-01,0.004101587900962696,0.0,0.0027093986425334214,0.0,-0.000425242450702838,0.0,-0.009970386026225679,0.0
2019-03-04,0.006163312768467561,0.0,0.007275557132743106,0.0,0.003934035978758984,0.0,0.0021059323706209567,0.0
2019-03-05,0.002803541875370295,0.0,0.0029591358056625214,0.0,0.007199396685917198,0.0,0.00488022184317382,0.0
2019-03-06,0.0057024776373262465,0.0,0.006646473132003629,0.0,0.005175910987815622,0.0,0.005279803354887022,0.0
2019-03-07,0.003973233078240348,0.0,0.0022311195248402396,0.0,0.0002266925443318855,0.0,-0.007481897380947366,0.0
2019-03-08,0.007676168400978987,0.0,0.008759465448132744,0.0,0.007510105882267286,0.0,0.0036166074171688494,0.0
2019-03-11,-0.003645658218092205,0.0,-0.003651227719088416,0.0,-0.0023549503547089915,0.0,-0.00169553003055559,0.0
2019-03-12,-0.002335211690322182,0.0,-0.0011535706217232144,0.0,-0.002724025420521308,0.0,0.005029746874975857,0.0
2019-03-13,-0.004338970736426022,-0.006639262581516131,-0.005701857690017926,-0.008382202957262856,-0.004241713645784095,0.0,-0.002724531797673481,0.0
2019-03-14,-0.008336557445820176,-0.00014628889334091828,-0.00890503724410569,-0.0001424503757696139,-0.011506841942102795,0.0,-0.00884701752993158,0.0
2019-03-15,0.0037096672247393736,0.005444142995408385,0.003507678842851588,0.0050255014066814515,0.0017813780774762,0.0,0.0006101702547847055,0.0
2019-03-18,-0.0022995931333870366,-0.0034401201341540035,-0.002048235196169569,-0.0029799931121812532,-0.0017020732006261916,0.0,0.0007905829899818341,0.0
2019-03-19,-0.0013648951698718406,-0.001985292423278336,-0.0008025376775297109,-0.0011382785346408554,0.0008057100813702403,0.0,0.0010656643106276326,0.0
2019-03-20,-0.0013302097726759004,-0.0019161797464663267,-0.0021075276592621784,-0.0029558787914202612,-0.0028182869410754608,0.0,-0.003810367200594657,0.0
2019-03-21,-0.010145285011815481,-0.014616303815998575,-0.009870154800581817,-0.013852772502796292,-0.00406132446680303,0.0,0.0007906691631334498,0.0
2019-03-22,0.008213657066645261,0.011979039532722393,0.008517003077018793,0.012045082649375228,0.006937390330410327,0.0,0.005747070589685464,0.0
2019-03-25,0.0017329134942234846,0.002566449163940451,0.0008685495148625133,0.0012473298577379962,-0.0008013936610088547,0.0,-0.009769017986029659,0.0
2019-03-26,-0.004641071124113723,-0.006856376166254966,-0.003973017009761814,-0.005683617959763036,-0.0012113306330679351,0.0,0.0056696132265095876,0.0
2019-03-27,0.002018630160784743,0.0029381220893195314,0.003503359940555165,0.004882939132597726,0.00020378898836120125,0.0,0.0013077976991954607,0.0
2019-03-28,0.009830659839943188,0.014224481033098313,0.009336392719836288,0.012906844667669986,0.004626193875978136,0.004239585454724992,-0.012098097039648167,-0.012515749877059484
2019-03-29,0.004482027649892255,0.00650963075314904,0.005452837503537996,0.007487443272324573,0.005377988341784337,0.005377988341784337,0.003911644366527892,0.003911644366527892
2019-03-31,-0.002913545086049721,-0.004196198873211654,-0.002040811191384231,-0.002737113346436202,0.001404468339031187,0.001404468339031187,0.011152087062306446,0.011152087062306446
2019-04-01,0.0017075473492233553,0.0023964092025982923,0.00016895163160695557,0.0002237831043905986,0.0066265692284917755,0.0066265692284917755,0.013467725732359806,0.013467725732359806
2019-04-02,0.004067752352506128,0.005630593229582918,0.0028893781116147432,0.003763031483087734,0.0039418078709081514,0.0039418078709081514,0.0010825883166751629,0.0010825883166751629
2019-04-03,-0.006543452888646459,-0.009080598163872387,-0.006011023215612337,-0.007827910304699702,-0.007218389952697375,-0.007218389952697375,-0.0022675347362182204,-0.0022675347362182204
2019-04-04,0.007036222471986412,0.009566018361384465,0.007002888712912637,0.00880780179435148,0.009356338533965548,0.009356338533965548,0.007666702999113808,0.007666702999113808
2019-04-07,0.0030062372949183312,0.004095768774876187,0.002255856745120483,0.0028243990527125496,0.004830782111510189,0.004830782111510189,0.0038678510683751825,0.0038678510683751825
2019-04-08,-0.004896181626966017,-0.006669758180711369,-0.005771588274389349,-0.007223782667756235,-0.006939708574757176,-0.006939708574757176,-0.004729346912516908,-0.004729346912516908
2019-04-09,-0.0014214942386621685,-0.0019458814657850594,-0.0010349342620827433,-0.001303003063080383,0.0013163760129488065,0.0013163760129488065,0.0031018416094642613,0.0031018416094642613
2019-04-10,-0.002961370275128149,-0.004044198560001242,-0.0028384931917192725,-0.0035524057594380327,0.0009664906745628671,0.0009664906745628671,0.011019859093251162,0.011019859093251162
2019-04-11,0.007221270805252604,0.00981735920034782,0.006577016956963102,0.0081970480675493,0.005937374418845358,0.005937374418845358,-0.0016369630935124558,-0.0016369630935124558
2019-04-14,-0.004580051193146233,-0.0062881296286448176,-0.0032376025113283807,-0.004068624519340629,-0.003962174302780428,-0.003962174302780428,0.0047224924100902725,0.0047224924100902725
2019-04-15,0.0006143457557912126,0.0008369036517114625,0.0007122120579484448,0.0008832921501593254,-0.002278394125079277,-0.002278394125079277,-0.004699077985285616,-0.004699077985285616
2019-04-16,0.00635811974793972,0.008660831093343358,0.004718411599644675,0.0058515217915514756,0.005735578332047787,0.005735578332047787,0.003475739889703243,0.003475739889703243
2019-04-17,-0.00042275142308545054,-0.0005804027780126897,0.0004217936860940647,0.0005250907580500888,0.001479602077355984,0.001479602077355984,0.004422211651022811,0.004422211651022811
2019-04-18,0.007890937382168405,0.010663711389394996,0.007794689084028433,0.0095167749632495,0.008130436030743083,0.008130436030743083,0.0062984300959641575,0.0062984300959641575
2019-04-21,-0.00040736071518226985,-0.0005530876259436616,-0.0005967553185291556,-0.0007340491466641236,-0.0005603186188251214,-0.0005603186188251214,-0.0011911969252997763,-0.0011911969252997763
2019-04-22,-0.0004900475129742498,-0.0006199201948011393,-0.0006407358405868152,-0.0007353434018711704,-0.003181521243456488,-0.003181521243456488,-0.004151621598887585,-0.004151621598887585
2019-04-23,0.007989918522153626,0.010107074220607946,0.008183694831233091,0.009393728086117208,0.00692047098460331,0.00692047098460331,0.0013304713456527492,0.0013304713456527492
2019-04-24,0.014543761987466678,0.018541668702076724,0.014878821045615656,0.017193825446478246,0.01093781282089267,0.01093781282089267,-0.0022113541226933832,-0.0022113541226933832
2019-04-25,-0.003529146903354813,-0.004201331011310499,-0.0020053301909320705,-0.002295658754331289,0.0023337101542951965,0.0023337101542951965,0.0059297072013771695,0.0059297072013771695
2019-04-28,-0.004413061683838886,-0.005247998419819046,-0.003404450738853188,-0.003905031569090769,-0.0009955575270182173,-0.0009955575270182173,0.0031175279475466867,0.0031175279475466867
2019-04-29,-0.001781848352323925,-0.0021168144747378305,-0.002090974096445074,-0.0024090960959140453,-0.0023890208647306148,-0.0023890208647306148,-0.0009930881250402603,-0.0009930881250402603
2019-04-30,-0.00539137652378377,-0.006313178464158343,-0.007847361369222487,-0.008913241646606052,-0.00409209216785822,-0.00409209216785822,-0.000997911876248121,-0.000997911876248121
2019-05-01,0.004432484443140984,0.005183277286301265,0.0037931627845820787,0.004373365542843074,0.002676036167592004,0.002676036167592004,-0.00343450694263245,-0.00343450694263245
2019-05-02,0.004826349822362009,0.005771362001667287,0.005213789192873949,0.005854736073275477,0.0043608732492848735,0.0043608732492848735,-0.0013037321107729216,-0.0013037321107729216
2019-05-05,-0.002337057300352569,-0.0027852418428683952,-0.0035136437359268263,-0.0039195618938467095,-0.00018047934475421624,-0.00018047934475421624,-0.002191438375846534,-0.002191438375846534
2019-05-06,-0.002994316869636243,-0.0035700239479762234,-0.0037123380719635436,-0.004149789103248563,-0.0020394535762536282,-0.0020394535762536282,0.0022213851408386352,0.0022213851408386352
2019-05-07,0.0026275275296654714,0.003066598465250504,0.0024778601881643497,0.0027097150183621106,0.0033953477405179447,0.0033953477405179447,0.003153461937922794,0.003153461937922794
2019-05-08,0.0006919074939251528,0.0008014676827932697,3.192106559853988e-06,3.4775019642247645e-06,0.0023975047666000516,0.0023975047666000516,-0.0007138200916283789,-0.0007138200916283789
2019-05-09,-0.002909875081722813,-0.003363616891467131,-0.003624640472177836,-0.003940012057956462,-0.0016867764919395953,-0.0016867764919395953,-0.004814146368938927,-0.004814146368938927
2019-05-12,-0.0035922123325475173,-0.004152088078193606,-0.0039758902396181935,-0.004328495902765901,-0.0013308445824310087,-0.0013308445824310087,0.0022948785724463934,0.0022948785724463934
2019-05-13,0.002084802700790407,0.0023765570291561064,0.001518771156605118,0.0016347403307069722,-0.0004405772579567336,-0.0004405772579567336,-0.010005666390449345,-0.010005666390449345
2019-05-14,0.0056628237157035416,0.006457982869456456,0.006599854565181634,0.007103917531835951,0.005655418960134103,0.005655418960134103,0.009046663977991046,0.009046663977991046
2019-05-15,0.001943748499364846,0.0021737588001072357,0.0018158975839035647,0.0019224018011446955,0.0024047988855958667,0.0024047988855958667,0.0023871037850844022,0.0023871037850844022
2019-05-16,0.008962366649893843,0.010024708717355897,0.009011440329872191,0.009542057049590129,0.006760605933771495,0.006760605933771495,0.0028335662593788205,0.0028335662593788205
2019-05-19,0.003512757218669188,0.003899293010052383,0.003769739278321279,0.004028615698382614,0.00037982531657220907,0.00037982531657220907,-0.0033227017146389834,-0.0033227017146389834
2019-05-20,-0.002897346310842087,-0.003184178174799689,-0.0026401397126818564,-0.0027800171114418203,0.0009271533241132718,0.0009271533241132718,0.004758833455752978,0.004758833455752978
2019-05-22,0.007975811554386331,0.00878049006469232,0.006422265523174765,0.006775162443234604,0.005217512383122443,0.005217512383122443,0.0015629168853587758,0.0015629168853587758
2019-05-23,-0.007450081165252483,-0.008100006565995879,-0.007097886434435261,-0.007353249541508745,-0.008939803741254408,-0.008939803741254408,-0.013609451388533124,-0.013609451388533124
2019-05-26,-0.008590294804648898,-0.00947329366740036,-0.007984054535144327,-0.008389996903817212,-0.009085255443749284,-0.009085255443749284,-0.004141368329466357,-0.004141368329466357
2019-05-27,0.004650828426724263,0.005112667481258914,0.004898252455468985,0.005228305774226698,0.005117785490911935,0.005117785490911935,0.004701210050652397,0.004701210050652397
2019-05-28,0.003376548643663434,0.003667435037116152,0.004071494005759089,0.00428524680501538,-0.0040411829793780794,-0.0040411829793780794,-0.010571672510708325,-0.010571672510708325
2019-05-29,0.006441896449432058,0.006983731170942615,0.0056620916388422015,0.005958908425667734,0.006628405601509768,0.006628405601509768,0.00546750373993056,0.00546750373993056
2019-05-30,0.0013338847418444472,0.0014309380030978962,0.0010722346803612249,0.0011175003076698542,-0.006319268290825323,-0.006319268290825323,-0.016472257831425013,-0.016472257831425013
2019-06-02,-0.012250483144199104,-0.01308866507784767,-0.013115182127673309,-0.013653444120647295,-0.008476062042959857,-0.008476062042959857,-0.009482600854812043,-0.009482600854812043
2019-06-03,-0.014470003849775011,-0.015073852766790146,-0.01369725765469084,-0.01431976167844128,-0.013043241214282093,-0.013043241214282093,-0.009135028012061766,-0.009135028012061766
2019-06-04,-0.002781086895919067,-0.002865565063354806,-0.0034784624468190933,-0.0035973081926928235,-0.002347921718613712,-0.002347921718613712,0.0005761795312462978,0.0005761795312462978
2019-06-05,0.002145736123827212,0.0022049092500709883,0.005055089442765347,0.0052217609393854615,-0.0034941475858721706,-0.0034941475858721706,-0.009102827430005098,-0.009102827430005098
2019-06-06,-0.0038717976160730035,-0.003982655139170312,-0.005414707363451962,-0.005602835496467899,-0.006366032721142836,-0.006366032721142836,-0.007078007120310486,-0.007078007120310486
2019-06-09,-0.008209900150009742,-0.00820990015000975,-0.007533148429035703,-0.007533148429035713,-0.0015593522267382384,-0.0015593522267382384,0.009970294265621498,0.009970294265621498
2019-06-10,0.002643001508196056,0.0026430015081960584,0.0032918745914747934,0.0032918745914747994,0.0064223376865535685,0.0064223376865535685,0.006197897045783217,0.0062852196440368715
2019-06-11,0.004572239849864927,0.004572239849864932,0.0005561411501094081,0.0005561411501094089,0.007939421836020243,0.007939421836020243,0.01065437064170062,0.01089229278424978
2019-06-12,0.006823489563887999,0.006823489563888007,0.00802993519400147,0.008029935194001483,0.002055314683554986,0.002055314683554986,-0.003882965291788004,-0.004024836199055345
2019-06-13,0.001861830859265609,0.001861830859265611,0.001012562740294713,0.0010125627402947147,0.002069833377168733,0.002069833377168733,-0.00015007900128906834,-0.00015505319688064747
2019-06-16,0.015756869253919212,0.01575686925391923,0.01527436383000954,0.015274363830009564,0.0142863126849272,0.0142863126849272,0.010373646843514404,0.010716718975210801
2019-06-17,0.0028554925384715376,0.0028554925384715406,0.0034840111318380764,0.003484011131838082,0.002071371529443888,0.002071371529443888,-0.0015120555541572097,-0.0015508343323171149
2019-06-18,-0.003410002827815492,-0.0034100028278154964,-0.001598004685522623,-0.0015980046855226255,0.005499880774921702,0.005499880774921702,0.01577084037266717,0.015862764278475654
2019-06-19,-0.007222712477238116,-0.007222712477238124,-0.00910409421357796,-0.009104094213577973,-0.0027533534067044705,-0.0027533534067044705,0.0013443027976521866,0.0013443737829716064
2019-06-20,-0.02236859672443902,-0.022368596724439044,-0.024437696177878023,-0.024437696177878058,-0.022567734522359585,-0.022567734522359585,-0.016226081999968604,-0.0162260819999686
2019-06-23,-0.005848590810863797,-0.0058485908108638004,-0.006387071114249218,-0.006387071114249227,-0.009391765927268831,-0.009391765927268831,-0.010617805933869939,-0.010617805933869934
2019-06-24,-0.0039058823172713644,-0.0039058823172713687,-0.004834829895298369,-0.004834829895298374,-0.00725434222717915,-0.007254342227179151,-0.008072995308337804,-0.008072995308337803
2019-06-25,0.0012176369469734055,0.0012176369469734066,0.0038074936284264414,0.003807493628426446,0.0034633555185391933,0.0034633555185391938,0.002896844218702364,0.002896844218702363
2019-06-26,-0.0026325434628186556,-0.0026325434628186577,-0.000212642090026989,-0.00021264209002698923,-0.0010863697334057053,-0.0010863697334057053,0.007843613049129927,0.007843613049129925
2019-06-27,-0.0020979015395068065,-0.002097901539506809,-0.001231735557382841,-0.0012317355573828424,4.680445099086853e-06,4.680445099086853e-06,0.0017011350635181112,0.001701135063518111
2019-06-30,0.0008104987177042372,0.000810498717704238,0.0023424903928406017,0.0023424903928406056,0.0040160967244013985,0.0040160967244013985,0.009240109897512838,0.009240109897512836
2019-07-01,0.013354376800969797,0.013354376800969809,0.013191583456207967,0.013191583456207986,0.013754322456433016,0.013754322456433016,0.008908986620735812,0.008908986620735809
2019-07-02,-0.003819261838499228,-0.003819261838499231,-0.004443562353327463,-0.004443562353327469,-0.002254194991723101,-0.0022541949917231014,-0.001142355003106361,-0.0011423550031063607
2019-07-03,-0.0035235482663405755,-0.0035235482663405785,-0.0024039861013770173,-0.0024039861013770204,-0.0038121678650431595,-0.0038121678650431595,0.0009190830903575875,0.0009190830903575873
2019-07-04,0.0008758205627587507,0.0008758205627587514,-3.2388575993876803e-05,-3.238857599387685e-05,0.0017208964513503776,0.0017208964513503776,0.0013468430526529709,0.0013468430526529707
2019-07-07,0.013978826762922322,0.013978826762922336,0.013252841056348096,0.013252841056348112,0.014258952469932088,0.014258952469932092,0.009197992841259028,0.009197992841259026
2019-07-08,0.0037588443066938486,0.003758844306693852,0.0043962277099131655,0.004396227709913171,0.0056939839534783975,0.0056939839534783975,0.00616703968881815,0.006167039688818148
2019-07-09,0.006632029380494552,0.006632029380494558,0.006421102798650724,0.006421102798650732,0.0027106482760123167,0.0027106482760123167,-0.0035593162517000665,-0.003559316251700066
2019-07-10,-0.011621168326501978,-0.011621168326501988,-0.01146227652794842,-0.011462276527948432,-0.008550965290884385,-0.008550965290884387,-0.0021049027454299925,-0.0021049027454299917
2019-07-11,4.3042487816076323e-05,4.304248781607636e-05,0.0011329066865561417,0.001132906686556143,-0.0004189533062538011,-0.0004189533062538011,0.003545086116161373,0.0035450861161613724
2019-07-14,-0.010608181387941805,-0.010608181387941812,-0.011044904946282425,-0.011044904946282437,-0.007832768460028101,-0.007832768460028101,-0.005255425478783534,-0.005255425478783533
2019-07-15,-3.369427626192076e-05,-3.369427626192079e-05,0.0016726211166327733,0.0016726211166327753,0.0010042969256027201,0.0010042969256027201,0.002475121779437911,0.0024751217794379107
2019-07-16,0.00966697399865577,0.009666973998655778,0.010387085646485602,0.010387085646485612,0.007572247802650141,0.007572247802650141,0.0029751184849204906,0.0029751184849204897
2019-07-17,-0.004144103555678534,-0.004144103555678538,-0.0032161771699831462,-0.00321617716998315,-0.004159265217486408,-0.004159265217486408,-0.004229348905470762,-0.004229348905470761
2019-07-18,-0.011493532745149828,-0.011493532745149837,-0.01137332727944935,-0.011373327279449362,-0.0075171542046296,-0.0075171542046296,-0.0003120632243899381,-0.00031206322438993806
2019-07-21,0.005789854106940166,0.00578985410694017,0.005999283637894213,0.00599928363789422,0.005645897779814934,0.005645897779814934,0.004101783856595904,0.004101783856595903
2019-07-22,0.004992102107283883,0.004992102107283887,0.00477563129340646,0.0047756312934064665,0.007058606371802487,0.007058606371802487,0.0037041151073198596,0.0037041151073198583
2019-07-23,0.006890232620479749,0.006890232620479754,0.0059301635311667135,0.00593016353116672,0.006116306715124726,0.006116306715124727,0.0026418407738537583,0.0026418407738537575
2019-07-24,0.0012308874714723251,0.0012308874714723258,0.0015933747417680557,0.0015933747417680574,0.002348617993862719,0.0023486179938627194,0.004526799183768176,0.004526799183768174
2019-07-25,0.007958125968714883,0.007958125968714888,0.007217139216604589,0.007217139216604595,0.0033154420747898193,0.0033154420747898193,-0.0021362006439439372,-0.002136200643943937
2019-07-28,0.006650213199448322,0.006650213199448326,0.006685826825307354,0.006685826825307362,0.005155256001285333,0.005155256001285335,-0.0007455193976986697,-0.0007455193976986696
2019-07-29,0.004537891119428142,0.004537891119428146,0.005114923247305192,0.0051149232473051975,0.0039914398127109795,0.0039914398127109795,0.0013070896133996243,0.0013070896133996238
2019-07-30,0.0010464585638698455,0.001046458563869846,0.0004986221043171422,0.0004986221043171426,0.004403575288732709,0.004403575288732709,0.0008168333411213225,0.0008168333411213224
2019-07-31,0.010375629064334878,0.010375629064334885,0.00879760696141877,0.008797606961418781,0.0102848537092789,0.010284853709278901,0.004543028654909939,0.004543028654909938
2019-08-01,-0.002047247719130908,-0.0020472477191309096,-0.0024084753650736057,-0.0024084753650736083,-0.006268545653556388,-0.006268545653556388,-0.01721551611567202,-0.017215516115672014
2019-08-04,-0.00446669086890446,-0.004466690868904463,-0.007277035447586914,-0.00727703544758692,-0.007443411228980056,-0.007443411228980056,-0.014651748009238416,-0.014651748009238413
2019-08-05,-0.01048385075757909,-0.010483850757579096,-0.010572213193563117,-0.010572213193563131,-0.0175421650377619,-0.0175421650377619,-0.027935375487016075,-0.027935375487016068
2019-08-06,0.007344071104129031,0.007344071104129036,0.0073429319582053966,0.0073429319582054035,0.006785603298002466,0.006785603298002466,0.00764062612133197,0.00764062612133197
2019-08-07,0.004555561225425006,0.004555561225425008,0.0010172538915443755,0.0010172538915443766,0.003782522478749794,0.0037825224787497945,-0.002194302678186474,-0.002194302678186474
2019-08-08,-0.006173293945013833,-0.006173293945013835,-0.005582188994029029,-0.005582188994029033,-0.0034174754887912073,-0.0034174754887912077,0.0024032100177785727,0.0024032100177785727
2019-08-11,0.0027244268173783823,0.002724426817378384,0.002031611278228621,0.002031611278228623,-0.003950130451953963,-0.003950130451953963,-0.010151425537081083,-0.010151425537081081
2019-08-12,-0.0002560231764718473,-0.00025602317647184747,-0.0011446736370829672,-0.0011446736370829681,-0.0007164182747021039,-0.0007164182747021039,-0.003245502880248523,-0.003245502880248523
2019-08-13,0.004066165569786179,0.004066165569786183,0.005732092242383095,0.005732092242383098,0.006365595045982081,0.006365595045982081,0.014014870779183772,0.014014870779183772
2019-08-14,0.0018153676359333856,0.001815367635933387,0.0008864611492890632,0.0008864611492890637,-0.0009241954784541882,-0.0009241954784541883,-0.009106265300740076,-0.009106265300740076
2019-08-15,0.0029469635083971364,0.002946963508397138,0.0033413889087327633,0.003341388908732767,0.006565311340751612,0.006565311340751612,0.00712355846211845,0.00712355846211845
2019-08-18,-0.0005007716064988018,-0.0005007716064988021,-0.0010944905966502763,-0.0010944905966502774,-0.0007578738828809304,-0.0007578738828809306,0.0026629282890874378,0.0026629282890874378
2019-08-19,0.004631962371107563,0.004631962371107566,0.004323644865870385,0.004323644865870389,-0.001876237254105968,-0.001876237254105968,-0.005227665754820263,-0.005227665754820263
2019-08-20,-0.00305979731459955,-0.003059797314599552,-0.0033289809284906976,-0.003328980928490701,0.0008878949684543679,0.0008878949684543679,0.001882885394843296,0.001882885394843296
2019-08-21,0.0024723932658574925,0.0024723932658574943,0.0026237666325370445,0.002623766632537047,0.003745041894725692,0.0037450418947256926,0.00521722806752082,0.00521722806752082
2019-08-22,-0.00017261355454855365,-0.00017261355454855376,-0.0011979060927151308,-0.001197906092715132,-0.0008261304253656339,-0.0008261304253656339,-0.00016014256774118718,-0.00016014256774118718
2019-08-25,-0.0013425012463458362,-0.0013425012463458372,-0.0016320143200239876,-0.0016320143200239893,-0.005797958813481466,-0.005797958813481466,-0.008977619561467058,-0.008977619561467058
2019-08-26,-0.002598157165637219,-0.002598157165637221,-0.0032328346216710887,-0.0032328346216710913,0.0012784756180573128,0.0012784756180573128,0.002388408170264004,0.002388408170264004
2019-08-27,0.0014449911925875543,0.0014449911925875553,0.0003653025661235667,0.0003653025661235671,2.0322309649819986e-06,2.032230964981999e-06,-0.0012674666528671849,-0.0012674666528671849
2019-08-28,0.005725914955371034,0.005725914955371038,0.005212361702324899,0.005212361702324904,0.0033312080274585393,0.0033312080274585398,-0.0010524971506689622,-0.0010524971506689622
2019-08-29,0.002635557126814889,0.0026355571268148912,0.001975505950480346,0.001975505950480348,0.006437162513270573,0.006437162513270574,0.00534260281672624,0.00534260281672624
2019-09-01,0.007387714987210855,0.007387714987210859,0.007869037072013824,0.007869037072013831,0.008992245195653092,0.008992245195653094,0.008584782498663995,0.008584782498663995
2019-09-02,0.004706486256420917,0.00470648625642092,0.005917546626928848,0.005917546626928854,0.0033305233317104457,0.0033305233317104457,0.0011929706239004675,0.0011929706239004675
2019-09-03,-0.006991263714396669,-0.006991263714396675,-0.006340107257985641,-0.006340107257985647,-0.0013982730581299987,-0.0013982730581299989,0.002927075583391642,0.002927075583391642
2019-09-04,-0.011962955000637902,-0.011962955000637912,-0.014375998169084196,-0.01437599816908421,-0.004976814423462539,-0.00497681442346254,0.0048314641953164745,0.0048314641953164745
2019-09-05,0.0013509417907127737,0.0013509417907127746,0.0035443241248162482,0.003544324124816251,-0.0018448974645356936,-0.0018448974645356938,0.002359977622323052,0.002359977622323052
2019-09-08,-0.004415368456067295,-0.004415368456067298,-0.0021109150513319683,-0.00211091505133197,-0.0018837322241667222,-0.0018837322241667227,0.003257132411330686,0.003257132411330686
2019-09-09,-3.7111103941050212e-06,-3.711110394105024e-06,3.4210631618051446e-05,3.421063161805147e-05,-0.0006633355131323267,-0.0006633355131323268,0.003771216220614581,0.003771216220614581
2019-09-10,0.0006194832429438518,0.000619483242943852,0.0001357416259749187,0.00013574162597491883,0.004393395769288405,0.004393395769288406,0.004839540271039615,0.004839540271039615
2019-09-11,0.0037668703214627517,0.0037668703214627534,0.0045867939609704695,0.004586793960970475,0.0025139073304142503,0.0025139073304142503,0.00263891776841947,0.00263891776841947
2019-09-12,0.0014747178600049487,0.00147471786000495,0.0006487464251727181,0.0006487464251727187,0.004303304088889403,0.004303304088889404,0.0026419498390232465,0.0026419498390232465
2019-09-15,-0.009040073162353284,-0.009040073162353291,-0.011892080320543584,-0.0118920803205436,-0.010740048430386562,-0.010740048430386562,-0.007191971448314757,-0.007191971448314757
2019-09-16,0.011814399544032666,0.011814399544032675,0.011173856663502093,0.011173856663502105,0.011093274072127533,0.011093274072127537,0.007122763227201316,0.007122763227201316
2019-09-17,-0.004296442746346747,-0.004296442746346749,-0.005091748458185939,-0.005091748458185944,-0.003798870274148688,-0.003798870274148689,-0.0013974961258984252,-0.0013974961258984252
2019-09-18,0.007160138470361067,0.007160138470361072,0.0070626538053489675,0.007062653805348974,0.007779948367222748,0.0077799483672227505,0.005635615907959058,0.005635615907959058
2019-09-19,-0.0004216635643099141,-0.00042166356430991435,-0.002052135044600447,-0.0020521350446004493,-0.003060580526310285,-0.0030605805263102855,-0.0077207488350393315,-0.0077207488350393315
2019-09-22,0.0037929311372769943,0.003792931137276997,0.0025958101064839007,0.0025958101064839033,0.0042557812703959245,0.004255781270395925,-0.0024469928682596324,-0.0024469928682596324
2019-09-23,-0.0008133996269881161,-0.0008133996269881167,0.0009530417985731421,0.0009530417985731431,-0.0011453716356888484,-0.0011453716356888484,0.0003456962302485884,0.0003456962302485884
2019-09-24,-0.007713440656105518,-0.007713440656105525,-0.007745284385616958,-0.007745284385616968,-0.006796729787768314,-0.006796729787768314,-0.003186468116550106,-0.003186468116550106
2019-09-25,0.014079810781546739,0.014079810781546753,0.013722150999175621,0.013722150999175639,0.010225330312446813,0.010225330312446814,0.0030329715853202746,0.0030329715853202746
2019-09-26,0.0018929252921520876,0.0018929252921520891,0.003726041196692493,0.003726041196692497,0.0013156121146216963,0.0013156121146216968,0.0005367045923938652,0.0005367045923938652
2019-09-29,-0.0008450879377502666,-0.0008450879377502672,-0.0010032364916027928,-0.0010032364916027939,-0.002994499020605024,-0.0029944990206050245,-0.003414502286953089,-0.003414502286953089
2019-09-30,0.006844147450152254,0.006844147450152259,0.005681238724707314,0.005681238724707322,0.007606499030955641,0.007606499030955641,0.005945419152290299,0.005945419152290299
2019-10-01,-0.00117851886058788,-0.001178518860587881,-0.00255253741696573,-0.002552537416965733,-0.0034492693252188966,-0.0034492693252188966,-0.00806940822059073,-0.00806940822059073
2019-10-02,4.7913965885073956e-05,4.791396588507399e-05,0.0015187609014962265,0.0015187609014962282,0.0014672626557126027,0.0014672626557126027,0.0005068833512065026,0.0005068833512065026
2019-10-03,-0.0057347595101085716,-0.005734759510108576,-0.004234787769399532,-0.004234787769399537,-0.0023177447840793592,-0.0023177447840793592,0.0021127531418445975,0.002112753141844598
2019-10-06,-0.0042013386237332966,-0.0042013386237333,-0.004080955459940566,-0.00408095545994057,0.00040917404515450936,0.00040917404515450936,0.0035714446894144314,0.0035714446894144314
2019-10-07,0.006983484193002637,0.006983484193002643,0.006455179201970182,0.006455179201970191,0.006080873619913355,0.006080873619913355,0.00193590591280723,0.0019359059128072303
2019-10-08,0.0011404856918955837,0.001140485691895585,0.0017830923767763504,0.0017830923767763525,-0.00015208168039773884,-0.00015208168039773884,-0.0034987331702525507,-0.0034987331702525507
2019-10-09,0.0010609320177154585,0.0010609320177154596,0.0004934600669764254,0.0004934600669764261,0.0033347955570827,0.0033347955570827,0.002072797504925208,0.0020727975049252083
2019-10-10,-0.009046849518347186,-0.009046849518347196,-0.007933394524158791,-0.007933394524158803,-0.005781369496711441,-0.005781369496711441,0.0066914144248472265,0.006691414424847228
2019-10-13,-0.0055281580164992915,-0.005528158016499297,-0.006292118483811987,-0.006292118483811995,0.000659038196775905,0.000659038196775905,0.009103716362610101,0.009103716362610103
2019-10-14,0.0008373125260008235,0.0008373125260008242,-0.0006147286584427713,-0.0006147286584427721,0.0017003009245180611,0.0017003009245180611,0.0002581975148218271,0.0002581975148218271
2019-10-15,-0.0014463081934604635,-0.0014463081934604648,-0.0024407292447011964,-0.0024407292447011994,-0.0013421595133708453,-0.0013421595133708453,0.00044028837921302177,0.00044028837921302177
2019-10-16,-0.005096910131561985,-0.00509691013156199,-0.006460129898100178,-0.0064601298981001865,-0.003452651216103755,-0.003452651216103755,-0.004641494333658763,-0.004641494333658763
2019-10-17,-0.015796486918686656,-0.015796486918686674,-0.013623939067241138,-0.013623939067241157,-0.010694771442966058,-0.010694771442966058,-0.003618557757139563,-0.003618557757139563
2019-10-20,-0.005079944419987382,-0.005079944419987387,-0.003858695367417365,-0.0038586953674173696,-0.003298951049400351,-0.003298951049400351,-0.0008796795632237619,-0.000879679563223762
2019-10-21,-0.005951990519265622,-0.005951990519265627,-0.0052493554673358435,-0.005249355467335849,-0.005804588756336123,-0.005804588756336123,0.000455760547530981,0.0004557605475309811
2019-10-22,0.004954976063504321,0.004954976063504326,0.005830187962931205,0.005830187962931213,0.007148582979809411,0.007148582979809411,0.0055327167608820995,0.0055327167608820995
2019-10-23,-0.0008003736408736097,-0.0008003736408736103,-0.00029018374194857995,-0.00029018374194858033,-0.0016856171186512073,-0.0016856171186512073,0.00014280037945160902,0.00014280037945160902
2019-10-24,0.008675534687696322,0.00867553468769633,0.007085494540221316,0.0070854945402213255,0.006457534073829268,0.006457534073829268,0.001208491323138464,0.001208491323138464
2019-10-28,0.0026829372123612976,0.0026829372123613,0.0018204833100635897,0.0018204833100635926,0.006461499195378155,0.006461499195378155,0.005612840577758481,0.005612840577758482
2019-10-29,-2.3871503530280028e-05,-2.387150353028005e-05,-0.0003782940554334775,-0.00037829405543347806,0.00171926102944125,0.00171926102944125,0.0019001017799755886,0.001900101779975589
2019-10-30,-0.0019678584462010104,-0.0019678584462010126,-0.002467269449205222,-0.0024672694492052253,-0.0021985146887557898,-0.0021985146887557898,-0.002813409465429264,-0.0028134094654292644
2019-10-31,-0.00527544533542859,-0.005275445335428595,-0.0020056193597707346,-0.0020056193597707377,-0.012970437815995765,-0.012970437815995765,-0.01436961137705965,-0.014369611377059655
2019-11-01,-0.008156288922549495,-0.008156288922549503,-0.009231267380151535,-0.009231267380151549,-0.009151008526506056,-0.009151008526506056,-0.012587831399369906,-0.012587831399369906
2019-11-04,-0.00304565194284811,-0.0030456519428481133,-0.0021203954863847382,-0.0021203954863847413,-0.0007276829372176243,-0.0007276829372176243,0.006867976744712311,0.006867976744712312
2019-11-05,0.009599828808391005,0.009599828808391015,0.008846232820810407,0.008846232820810419,0.009914350957554253,0.009914350957554253,0.007380392027489396,0.007380392027489397
2019-11-06,0.0072787342461758,0.007278734246175805,0.006524064828017727,0.006524064828017737,0.007500771934641898,0.007500771934641898,0.007624380474402775,0.007624380474402776
2019-11-07,0.0024120510702993285,0.0024120510702993316,0.002279520207263263,0.002279520207263266,0.00014286451637038724,0.00014286451637038724,-0.00288976880780969,-0.0028897688078096903
2019-11-08,0.007582254577959225,0.007582254577959232,0.009995800226562093,0.009995800226562107,0.005858639928302854,0.005858639928302854,0.008631727625959462,0.008631727625959462
2019-11-11,0.0004631022740174213,0.0004631022740174217,0.000535602987534373,0.0005356029875343738,0.0011897134046642292,0.0011897134046642292,0.0008914340360502792,0.0008914340360502794
2019-11-12,-0.002851844778461756,-0.0028518447784617595,-0.0044838058455289815,-0.0044838058455289875,-0.0029260002206610075,-0.0029260002206610075,-0.004273314120790474,-0.004273314120790475
2019-11-13,0.0030117957935521466,0.0030117957935521496,0.0015034698223557257,0.0015034698223557281,0.00034205523943923994,0.00034205523943923994,-0.004032209175840906,-0.004032209175840907
2019-11-14,-0.005932468719489624,-0.005932468719489629,-0.001319582241637095,-0.001319582241637097,-0.0034747712098288724,-0.0034747712098288724,-0.0019505730338129548,-0.0019505730338129552
2019-11-15,0.002423149905954175,0.0024231499059541774,0.0004763283346395118,0.0004763283346395124,0.0027046453154766312,0.0027046453154766312,-0.00023687679432787262,-0.0002368767943278727
2019-11-18,-0.0050218343662093365,-0.00502183436620934,-0.004506012292648799,-0.004506012292648805,-0.004033526570980923,-0.004033526570980923,0.003800228184083086,0.003800228184083087
2019-11-19,-0.0010195819448756886,-0.00101958194487569,-0.0015344371285674978,-0.0015344371285674998,-0.0030250340806949067,-0.0030250340806949067,-0.006269781157320108,-0.00626978115732011
2019-11-20,-0.0017323436968186127,-0.0017323436968186149,0.00036857533308365175,0.0003685753330836523,-0.00040029016957552385,-0.00040029016957552385,3.569199424561204e-05,3.5691994245612063e-05
2019-11-21,0.0045631179869014245,0.004563117986901429,0.003946659321292129,0.003946659321292135,0.0013352178633205427,0.0013352178633205427,-0.0029976942997517997,-0.0029976942997518
2019-11-22,0.002154647576535061,0.0021546475765350636,0.0022529996890372117,0.0022529996890372148,0.004775429435120328,0.004775429435120328,0.007294163315732149,0.007294163315732152
2019-11-25,0.006263842759029778,0.006263842759029783,0.007543671969101963,0.007543671969101972,0.005377532219689034,0.005377532219689034,0.005803157255396979,0.005803157255396981
2019-11-26,0.00044011064640677583,0.00044011064640677626,0.000925417761360987,0.0009254177613609882,-0.0008842902061235102,-0.0008842902061235102,-0.002218178968372606,-0.002218178968372607
2019-11-27,-0.0005264996746053432,-0.0005264996746053437,0.000229332629150631,0.00022933262915063134,-0.0036122005909891204,-0.0036122005909891204,-0.003917333462862531,-0.003917333462862531
2019-11-28,0.0023096660147002143,0.0023096660147002165,0.0016913707493554603,0.0016913707493554629,0.001352343027650306,0.001352343027650306,0.001688402298983035,0.0016884022989830352
2019-11-29,0.0001634813613334247,0.00016348136133342484,0.0007400664072229578,0.0007400664072229578,0.0012980719362043393,0.0012980719362043393,0.002680814245607136,0.0026808142456071363
2019-12-02,0.0010629112782406976,0.0010629112782406989,0.001261809489497608,0.001261809489497608,0.003047064111758763,0.003047064111758763,0.0027045731695665236,0.002704573169566524
2019-12-03,-0.016657730072058445,-0.016657730072058462,-0.013611737298806548,-0.013611737298806548,-0.011175368562741733,-0.011175368562741733,-0.007842271515048868,-0.007842271515048871
2019-12-04,-0.008314901458122746,-0.008314901458122755,-0.008695487381677787,-0.008695487381677802,-0.006871438550869552,-0.006871438550869552,-0.006898540547147099,-0.006898540547147102
2019-12-05,-0.004028293993639554,-0.004028293993639558,-0.0025701336652872424,-0.0025701336652872472,-0.0014448972241847,-0.0014448972241847,0.005353672264663561,0.005353672264663562
2019-12-06,-0.005048453129847355,-0.005048453129847359,-0.00663484811836206,-0.00663484811836207,-0.004207921794504582,-0.004207921794504582,-0.0020387306752020634,-0.002038730675202064
2019-12-09,0.004874674336506147,0.004874674336506153,0.007035674353878974,0.007035674353878986,0.0053196690770811175,0.0053196690770811175,0.00787783538878209,0.007877835388782093
2019-12-10,-0.0012795405929201958,-0.0012795405929201973,-0.0023657189404816237,-0.0023657189404816276,2.1566637640414146e-05,2.1566637640414146e-05,-0.0015805630437772593,-0.00158056304377726
2019-12-11,-8.89394979883182e-05,-8.893949798831829e-05,-0.00040139271632587165,-0.00040139271632587165,-0.002392246110459809,-0.002392246110459809,-0.007857241416963118,-0.007857241416963118
2019-12-12,-0.009525873053396637,-0.009525873053396649,-0.008662798951468414,-0.008662798951468414,-0.007343798089637345,-0.007343798089637345,-0.0021920692538943457,-0.002192069253894346
2019-12-13,-0.016335158520260722,-0.01633515852026074,-0.016489983307735975,-0.016489983307735975,-0.007150398460324583,-0.007150398460324583,0.013315168402663138,0.013315168402663138
2019-12-16,0.011083209924985972,0.011083209924985984,0.011578902274048007,0.011578902274048028,0.005657664140392798,0.005657664140392798,-0.000517287435841941,-0.0005172874358419413
2019-12-17,0.0017325273065406062,0.001732527306540608,0.002183834737711562,0.0021838347377115654,0.004668900064314783,0.004668900064314783,0.007014886753481513,0.0070148867534815165
2019-12-18,0.004978178740588792,0.0049781787405887975,0.004333175188411144,0.004333175188411151,0.0044701301958728155,0.0044701301958728155,-0.0014807867888864254,-0.0014807867888864258
2019-12-19,0.0002711621646961191,0.00027116216469611935,0.001452356712148262,0.0014523567121482645,0.0018282813458528491,0.0018282813458528491,0.005999405721731133,0.005999405721731136
2019-12-20,-0.003260179355922353,-0.003260179355922357,-0.0017756629937369216,-0.0017756629937369216,-0.0011402614615680213,-0.0011402614615680213,0.002203133778290741,0.0022031337782907417
2019-12-23,0.0043934146558286405,0.004393414655828646,0.004863634482154394,0.004863634482154394,0.0016968664863534673,0.0016968664863534673,0.0018765829162370312,0.0018765829162370321
2019-12-24,-0.0017446948038449559,-0.0017446948038449578,-5.6371956661122905e-05,-5.6371956661122905e-05,0.0007091776372047344,0.0007091776372047344,0.0031641586078887335,0.0031641586078887353
2019-12-25,0.00027264367787065066,0.000272643677870651,0.0009487309305456655,0.0009487309305456655,-0.000986579370157265,-0.000986579370157265,-0.00017465148509795985,-0.00017465148509795985
2019-12-26,-0.002110665656678008,-0.00211066565667801,-0.0022007138803241517,-0.0022007138803241517,-0.0016189299384423799,-0.0016189299384423799,-0.0003315243635523545,-0.0003315243635523545
2019-12-27,-0.004319488140898805,-0.004319488140898811,-0.003178784189963352,-0.003178784189963352,-0.00262404951978607,-0.00262404951978607,0.003218077409551684,0.003218077409551684
2019-12-30,-0.012982757259631085,-0.0129827572596311,-0.012756331956922478,-0.012756331956922478,-0.009714477462570186,-0.009714477462570186,-0.006408587653131265,-0.006408587653131265
2019-12-31,-0.008878611024537766,-0.008878611024537778,-0.008615790925058247,-0.008615790925058247,-0.007065637974456342,-0.007065637974456342,-0.0061981070437592545,-0.0061981070437592545
2020-01-01,-0.011013281823570129,-0.011013281823570144,-0.0138956187221476,-0.0138956187221476,0.0038567644882298436,0.0038567644882298436,-0.01024456015530964,-0.01024456015530964
2020-01-02,0.004450544007165547,0.00445054400716555,-0.00038053690605416144,-0.00038053690605416204,-0.005211449915375204,-0.005211449915375204,0.010122048879898732,0.010122048879898732
2020-01-03,0.00973715273408689,0.0097371527340869,0.009882860158842112,0.009882860158842127,0.006197800450398368,0.006197800450398368,0.003967508102303821,0.003967508102303822
2020-01-06,0.005603992704316783,0.005603992704316788,0.003788520186901562,0.003788520186901568,-0.0023086231988718713,-0.0023086231988718713,-0.010715514693122298,-0.0107155146931223
2020-01-07,-0.0032702432238283356,-0.003270243223828339,-0.004673680262357178,-0.004673680262357186,0.0027440548863238152,0.0027440548863238152,0.005706396234073666,0.005706396234073666
2020-01-08,0.0076080290484944624,0.007608029048494471,0.009415082587561088,0.009415082587561106,0.0004335912827559523,0.0004335912827559523,-0.004471064984735027,-0.004471064984735027
2020-01-09,0.00047128461433790225,0.00047128461433790274,0.004681753307257651,0.004681753307257659,0.00569532230863444,0.00569532230863444,0.0144302584234983,0.014430258423498304
2020-01-10,0.009836224702692567,0.009836224702692575,0.010474085818774698,0.010474085818774717,0.0061434033206195955,0.0061434033206195955,0.0063739594045708866,0.006373959404570888
2020-01-13,-0.0038337889041087127,-0.003833788904108716,-0.0021834851029900347,-0.002183485102990038,-0.004082736481345347,-0.004082736481345347,-0.0018290614821142698,-0.00182906148211427
2020-01-14,0.0028737967267545043,0.002873796726754507,0.0018905640917242514,0.0018905640917242547,0.0002642732372074742,0.0002642732372074742,-0.003115240282886539,-0.003115240282886539
2020-01-15,-0.0019518707584210147,-0.0019518707584210166,-0.0028723211392174364,-0.0028723211392174407,-0.0012265774859447228,-0.0012265774859447228,-0.002802929533491839,-0.00280292953349184
2020-01-16,-0.0024712325530511035,-0.002471232553051106,-0.0050645878975395355,-0.005064587897539546,-0.0005285303101779994,-0.0005285303101779994,-0.0014874567837873227,-0.001487456783787323
2020-01-17,-0.00033357505649797185,-0.0003335750564979723,0.0018044675108388794,0.0018044675108388822,-0.0003283225293940187,-0.0003283225293940187,0.004121617356244421,0.004121617356244424
2020-01-20,0.0072016103474339555,0.007201610347433964,0.008978010615260965,0.008978010615260965,0.005067236780128989,0.005067236780128989,0.005751404252802501,0.005751404252802502
2020-01-21,0.001740861736281945,0.0017408617362819473,-0.00014341507741806535,-0.00014341507741806562,0.0005185513174951771,0.0005185513174951771,-4.396991028594528e-05,-4.396991028594529e-05
2020-01-22,0.00012086251109618769,0.00012086251109618784,0.0012432640650342265,0.0012432640650342289,-0.0029098147114876806,-0.0029098147114876806,-0.002608872824414633,-0.0026088728244146337
2020-01-23,-0.004514168820527628,-0.004514168820527634,-0.005240673916547695,-0.005240673916547704,0.0005958444734961092,0.0005958444734961092,0.004106505215391906,0.004106505215391907
2020-01-24,3.11179118974619e-05,3.1117911897461934e-05,0.005415650371565556,0.005415650371565566,-0.0008694638989369331,-0.0008694638989369331,0.001507415654551827,0.001507415654551827
2020-01-27,0.007406311277227107,0.007406311277227117,0.007901811688991782,0.007901811688991796,0.0009715061127586737,0.0009715061127586737,-0.0013884407497646726,-0.0013884407497646726
2020-01-28,0.001229938102511775,0.0012299381025117763,0.0015548473329339157,0.0015548473329339183,-0.0030812780997001607,-0.0030812780997001607,-0.005265601658541772,-0.005265601658541772
2020-01-29,0.0043917412579816,0.0043917412579816,0.0028822654731334085,0.0028822654731334085,0.006543372067601983,0.006543372067601983,0.007814223022008196,0.007814223022008196
2020-01-30,0.0004880215901718843,0.0004880215901718843,0.002081189143470766,0.002081189143470766,0.00035903280946426126,0.00035903280946426126,-0.00010169115551998708,-0.00010169115551998708
2020-01-31,0.0004251745961660415,0.0004251745961660415,-0.0016302564475217463,-0.0016302564475217463,-0.005369412889676894,-0.005369412889676894,-0.008940051418408076,-0.008940051418408076
2020-02-03,-0.005859099748878136,-0.005859099748878136,-0.00664153036604199,-0.00664153036604199,-0.010327260721493807,-0.010327260721493807,-0.016494198150899017,-0.016494198150899017
2020-02-04,0.005158302498528111,0.005158302498528111,0.010183778821575524,0.010183778821575524,0.004651609480808624,0.004651609480808624,0.007622333338354365,0.007622333338354365
2020-02-05,2.0346068367250634e-05,2.0346068367250634e-05,0.0016719618720970062,0.0016719618720970062,0.004453934253117166,0.004453934253117166,0.010748206007146632,0.010748206007146632
2020-02-06,0.005720129927550587,0.005720129927550587,0.0058895432513467495,0.0058895432513467495,0.005537269194911498,0.005537269194911498,0.009157050596766761,0.009157050596766761
2020-02-07,0.005482657649865996,0.005482657649865996,0.004906915315269853,0.004906915315269853,0.0005431334606077282,0.0005431334606077282,-0.002458546365587109,-0.002458546365587109
2020-02-10,0.010846749035641218,0.010846749035641218,0.009662958657898709,0.009662958657898726,0.00038675762742484764,0.00038675762742484764,-0.006329544746447409,-0.006329544746447409
2020-02-11,0.0006753322426299613,0.0006753322426299613,0.0004686734677651343,0.000468673467765135,0.004459964576898599,0.004459964576898599,0.009215918866620335,0.009215918866620335
2020-02-12,-0.004053714197412899,-0.004053714197412899,-0.0052704313672076565,-0.005270431367207666,0.0018028701645024456,0.0018028701645024456,0.005145015120373052,0.005145015120373055
2020-02-13,0.0015679022640746583,0.0015679022640746583,0.0023623129357900965,0.002362312935790101,0.00015583853368069165,0.00015583853368069165,0.0013684054773951068,0.0013684054773951074
2020-02-14,-0.0019472452578824183,-0.0019472452578824183,-0.0019733127273941693,-0.0019733127273941727,-0.0015250408115005994,-0.0015250408115005994,0.0018937730233070024,0.0018937730233070027
2020-02-17,0.001809838010933228,0.001809838010933228,0.0006802642467147674,0.0006802642467147687,0.0048072272196502145,0.0048072272196502145,0.00797076517357016,0.00797076517357016
2020-02-18,0.001498236348828584,0.001498236348828584,0.0009650646944265761,0.0009650646944265775,-0.0013464852828916152,-0.0013464852828916152,-0.004580765728426518,-0.004580765728426518
2020-02-19,0.008166743713309131,0.008166743713309131,0.007140510214723618,0.0071405102147236305,0.004334759856972173,0.004334759856972173,0.00704040974006055,0.007040409740060553
2020-02-20,0.009444631792523795,0.009444631792523795,0.008023224759380894,0.008023224759380908,0.008840716041525096,0.008840716041525096,0.007360410945558713,0.007360410945558716
2020-02-21,0.012376591060103446,0.012376591060103461,0.012801292797326164,0.012801292797326188,0.0006648088816724102,0.0006648088816724102,-0.00563339241205369,-0.0056333924120536925
2020-02-24,-0.006323122835043923,-0.006323122835043931,-0.008465143146792347,-0.00846514314679236,-0.007562016547666516,-0.007562016547666516,-0.011943696048736215,-0.01194369604873622
2020-02-25,-0.004275696400915395,-0.0042756964009154005,-0.0009461528327944842,-0.0009461528327944858,-0.005091076113043389,-0.005091076113043389,-0.005674636924512293,-0.005674636924512296
2020-02-26,-0.0053726847939254835,-0.0053726847939254835,-0.008380544296866656,-0.008380544296866672,-0.0060536817926000654,-0.0060536817926000654,-0.009721735970219194,-0.009721735970219199
2020-02-27,0.007708412298159072,0.007708412298159072,0.010828142350052467,0.010828142350052486,1.8442380576934086e-05,1.8442380576934086e-05,-0.005918900266690282,-0.005918900266690285
2020-02-28,-0.01221972236008435,-0.01221972236008435,-0.008739044859489679,-0.00873904485948969,-0.015276491064468194,-0.015276491064468194,-0.021870025628829285,-0.021870025628829295
2020-03-02,-0.00258437061929204,-0.002584370619292043,-0.007558055204402392,-0.007558055204402405,-0.013749867471874464,-0.013749867471874464,-0.03202002747715609,-0.0320200274771561
2020-03-03,-0.00655268758801896,-0.006552687588018968,-0.01027158034057656,-0.010271580340576578,0.009455264579207263,0.009455264579207263,0.007869328769157824,0.007869328769157824
2020-03-04,-0.00571138072162269,-0.0001506466427230081,-0.0026564496764878206,-0.00011374235464995975,-0.0061755969488386615,-0.0061755969488386615,-0.005552696710820106,-0.005552696710820107
2020-03-05,-0.006987516661756041,0.0,-0.005171780140664603,0.0,-0.002042564826237071,-0.002042564826237071,0.0043530100667825665,0.004353010066782567
2020-03-06,-0.01649487933396199,0.0,-0.016067296546983176,0.0,-0.022528394201562926,-0.022528394201562926,-0.025221714648044343,-0.025221714648044343
2020-03-09,-0.03599985364706243,0.0,-0.022611356997903186,0.0,-0.05617397034591692,-0.05617397034591692,-0.049452785849764445,-0.04945278584976445
2020-03-10,-0.0027862017665858992,-0.00364693480987454,-0.0004055387602307245,-0.0006049613023704394,0.0012671023487596438,0.001267102348759644,0.0031173766193051153,0.0031173766193051157
2020-03-11,0.02353275292913547,0.029511244855879887,0.028783959695065236,0.03405370647512598,0.014402976149400183,-0.00025402500236263906,0.010926653148975259,-0.00018096678661071815
2020-03-12,0.003249417831225534,0.004172408041763125,0.005813841159340926,0.006634281598433246,-0.008471507248824648,0.0,-0.0096838267731147,0.0
2020-03-13,0.02324129877096454,0.029847900646758695,0.0276563595758127,0.03154801863115576,0.0020451495855954294,0.0,-0.002100640919944313,0.0
2020-03-16,0.020735592320528275,0.02543861872802798,0.013757968734854444,0.015265079075779847,0.016449491778844173,0.0,0.010174963418946215,0.0
2020-03-17,0.0012911956831033486,-0.00011285624502778523,0.010634465745841624,-8.55936687026645e-05,-0.009396552976025882,0.0,-0.011037117526800672,0.0
2020-03-18,0.01701876260076044,0.0,0.024908856960095847,0.0,0.009033365410608403,0.0,0.007511903120141446,0.0
2020-03-19,0.026792069284907426,0.0,0.027516798056163076,0.0,0.011164276187444144,0.0,0.003141798778905711,0.0
2020-03-20,0.018649859481035952,0.0,0.020411398967047783,0.0,0.001253177810322879,0.0,-0.0038921713961181863,0.0
2020-03-23,0.0016599146274428578,0.0,-0.0016557581312834776,0.0,-0.013782263673960996,0.0,0.0004984505507724747,0.0
2020-03-24,-0.009825856358780527,0.0,-0.005468574224816117,0.0,-0.010088187490543545,0.0,-0.010112270388535597,0.0
2020-03-25,-0.009787772495288585,0.0,-0.008669212269970441,0.0,0.001577026651131066,0.0,0.003453674425196452,0.0
2020-03-26,0.002101357895118687,0.0,-0.005089386901368603,0.0,0.011746220313027462,0.0,0.005204854338833006,0.0
2020-03-27,-0.023713847106332137,0.0,-0.025399149777433103,0.0,-0.010302268193326953,0.0,-0.005222739945805973,0.0
2020-03-29,-0.01178937536779413,0.0,-0.009981961686763127,0.0,-0.018013187252415054,0.0,-0.013349196939938975,0.0
2020-03-30,0.0021782824857635593,0.0,0.00437735798559382,0.0,0.0011730744823984247,0.0,0.0011440711815483681,0.0
2020-03-31,0.0027525845869947564,0.0,-0.0014599916245070005,0.0,0.003832110557681831,0.0,-0.0003804221950251371,0.0
2020-04-01,-0.001425363271200573,0.0,0.0013227928582461163,0.0,-0.0053419379555840404,0.0,-0.010048971355863712,0.0
2020-04-02,0.003115781032147946,0.0,0.0019979922446390474,0.0,0.0016480820685248919,0.0,-0.0017222325930720578,0.0
2020-04-05,-0.005127555628530007,0.0,-0.004125117084093879,0.0,-0.016388649895924784,0.0,-0.025230652363065726,0.0
2020-04-06,0.009108405411737939,0.0,0.00525254782233407,0.0,0.015877370086089675,0.0,0.019996690336087062,0.0
2020-04-07,0.00019269721090781815,0.0,-0.0009006743045510179,0.0,0.0046837069219546335,0.0,0.007170801169273959,0.0
2020-04-08,0.006011017552088935,0.0,0.002866684619882108,0.0,0.006725041391179859,0.0,0.0054696137358285,0.0
2020-04-09,0.0029550301839072063,0.0,0.0008289176196787198,0.0,0.0038582313088802466,0.0,0.006057596546611238,0.0
2020-04-12,-0.0002713123217161149,0.0,0.0003490240910545485,0.0,0.0003440594422142109,0.0,0.0007319548361192231,0.0
2020-04-13,0.003625561528628044,0.0,0.004321929957069843,0.0,0.0014677740600440425,0.0,-0.0016955069597504539,0.0
2020-04-14,-0.0006704370997994938,0.0,-0.0017253803529912938,0.0,-0.002631837277866226,0.0,-0.003499467636125981,0.0
2020-04-15,-0.007532953045968352,0.0,-0.0059661968415915465,0.0,-0.011963171457822375,0.0,-0.014792994190844712,0.0
2020-04-16,0.003274978250232299,0.0,0.003226983246479637,0.0,0.0057541827724779905,0.0,0.006986856504695603,0.0
2020-04-19,-0.0003689829621085432,0.0,-0.00010949618401302366,0.0,-0.0021441974327763417,0.0,-0.0024501772447927967,0.0
2020-04-20,-0.0005273124891590834,0.0,-0.00011339202363599845,0.0,-0.0010947497533826869,0.0,-0.00025373020791804836,0.0
2020-04-21,-0.005591217557030504,0.0,-0.003373103340901485,0.0,-0.007105543483880114,0.0,-0.00891708180772561,0.0
2020-04-22,0.0007847954249090995,0.0,4.9250793264211206e-05,0.0,-0.0019565368713765122,0.0,-0.004832895065188314,0.0
2020-04-23,0.006882965622443125,0.0,0.006636837634653826,0.0,0.003834101860292157,0.0,0.002458738125261195,0.0
2020-04-26,-0.0007593534969181704,0.0,-0.0012959546544802278,0.0,-0.0012608081934900393,0.0,-0.0006105770773948348,0.0
2020-04-27,0.0030036596934320367,0.0,0.002154347628307127,0.0,0.0056208400552612316,0.0,0.006419619081282741,0.0
2020-04-28,0.002236687706750494,0.0,0.00317532919108501,0.0,0.004395950106175681,0.0,0.007735403022267948,0.0
2020-04-29,0.003955244216775612,0.0,0.0034824092690669715,0.0,0.00857282934199874,0.0,0.011323774527869318,0.0
2020-04-30,-0.0041492855061750385,0.0,-0.0063874677834987416,0.0,-0.00664266647258457,0.0,-0.007579561691364704,0.0
2020-05-03,-0.008771008623803317,0.0,-0.0047182249854434725,0.0,-0.012057660798790717,0.0,-0.01111372966424638,0.0
2020-05-04,0.002948635329105971,0.0,0.002088657978138746,0.0,0.008311154557062132,0.0,0.00920774266711895,0.0
2020-05-05,0.002906487768219661,0.0,0.0030126736805207686,0.0,0.002636548453479456,0.0,0.002413527943715098,0.0
2020-05-06,-0.0012337459279731509,0.0,0.00029467432777118615,0.0,-0.0026013480424777217,0.0,-0.0035306242655585227,0.0
2020-05-07,0.003551191942090912,0.0,0.0015900805092968586,0.0,0.003759927558092864,0.0,0.0034920766358088984,0.0
2020-05-10,0.0035612823928119204,0.0,0.0012320664580388794,0.0,0.005125094982876566,0.0,0.005008248766089677,0.0
2020-05-11,-0.0033360130463705234,0.0,-0.004524211280838591,0.0,-0.003675757887651155,0.0,-0.005021625039710904,0.0
2020-05-12,-0.004252223729988493,0.0,-0.002608683420175973,0.0,-0.004413616863670087,0.0,-0.0021874032343276945,0.0
2020-05-13,-0.0015546100060841602,0.0,-0.0010808234165771938,0.0,-0.00013426334218098453,0.0,-0.0005577366736588092,0.0
2020-05-14,0.002203802991031206,0.0,0.0006209672529799122,0.0,0.0030978935653729308,0.0,0.0025376047506220013,0.0
2020-05-17,-0.0043519976546857785,0.0,-0.003178710156504717,0.0,-0.0028647894141206483,0.0,-0.0027247952238322426,0.0
2020-05-18,0.005303651876676756,0.0,0.0026948266718474826,0.0,0.004875031968575999,0.0,0.005741244636644496,0.0
2020-05-19,0.0016936324670523443,0.0,0.00013053158249443455,0.0,0.0015002487561719892,0.0,0.001325605895997671,0.0
2020-05-20,0.0028730378592047093,0.0,0.00259331583301752,0.0,0.006159647287866723,0.0,0.008711281699274504,0.0
2020-05-21,-0.0015428660026204693,0.0,-0.0012180791056428757,0.0,0.0023342303176365187,0.0,0.002887612241731253,0.0
2020-05-24,-0.000991110634534953,0.0,-0.000908554012973536,0.0,0.0007909400836639325,0.0,0.0005916905677589089,0.0
2020-05-25,0.0004841570575650208,0.0,0.0006703619664030104,0.0,-0.0005406719903484537,0.0,-0.001037269453129848,0.0
2020-05-26,0.006175445623871745,0.0,0.0050330785112235755,0.0,0.008112211930083877,0.0,0.00840042885610878,0.0
2020-05-27,-0.001063901340971166,0.0,-0.0015555713783645582,0.0,-0.0007339189622774325,0.0,-0.0003434097240370237,0.0
2020-05-28,-0.0006280093802800577,0.0,-0.000553004643695141,0.0,-0.0006819851562532458,0.0,0.0009617101836390219,0.0
2020-05-31,-0.0001068954826248989,0.0,-0.0010644167852253627,0.0,-0.000969069664721037,0.0,-2.2564815964168363e-05,0.0
2020-06-01,0.006936206232409921,0.0,0.0010161887377608952,0.0,0.007201052542485653,0.0,0.005766309725487713,0.0
2020-06-02,0.0113374000720243,0.0,0.003622326021088016,0.0,0.01165748941016489,0.0,0.006556905851328921,0.0
2020-06-03,0.0011448168170126243,0.0,0.0001763666350421067,0.0,0.0028909127639997097,0.0,0.0024136821447119103,0.0
2020-06-04,-0.0007207200104509066,0.0,-0.0017032378202941323,0.0,-0.0011489611104939128,0.0,-0.0019027576963699764,0.0
2020-06-07,0.005772185553595253,0.0,0.0032236410331353996,0.0,0.005173801265122903,0.0,0.003490748647756943,0.0
2020-06-08,0.0032680281879757063,0.0,0.002536916391743792,0.0,0.005809423614795241,0.0,0.005628818182677889,0.0
2020-06-09,-0.00816168860523905,0.0,-0.0023690204491728047,0.0,-0.00726985767558462,0.0,-0.004854807023899826,0.0
2020-06-10,-0.0026765538354372813,0.0,-0.0032683655483090276,0.0,-0.0023304739887978266,0.0,-0.0012992140655849317,0.0
2020-06-11,-0.010390220739636793,0.0,-0.003421056689372009,0.0,-0.01776451114814794,0.0,-0.014308128728421876,0.0
2020-06-14,0.001983117182548061,0.0,0.0019310550909762965,0.0,0.002573085717162375,0.0,0.003289704741750136,0.0
2020-06-15,0.008066796662152353,0.0,0.00025217282020826225,0.0,0.00778685896410187,0.0,0.004478241826819578,0.0
2020-06-16,-0.002133828340776389,0.0,0.0020907213211063453,0.0,-0.0016016706655944438,0.0,-0.0014538901178021387,0.0
2020-06-17,-0.003179780070615883,0.0,-0.001513765021331195,0.0,-0.0023044846891239357,0.0,-0.0012191672659838566,0.0
2020-06-18,-0.0018872622371720136,0.0,-0.0014416860732100298,0.0,-0.002879428560171134,0.0,-0.004424961131765944,0.0
2020-06-21,-0.003554692013321974,0.0,-0.0014464330441028943,0.0,-0.0025695879771606782,0.0,-0.0008224859690388627,0.0
2020-06-22,0.009107262595385331,0.0,0.0020618413123875113,0.0,0.0063999625517131885,0.0,0.004332561882930496,0.0
2020-06-23,-0.002122115290550259,0.0,-0.002947077108437893,0.0,-0.0006915372100862752,0.0,0.0002935605709318761,0.0
2020-06-24,-0.0067645085008303995,0.0,-0.004198521113200821,0.0,-0.0075225905480292106,0.0,-0.0061241883031422206,0.0
2020-06-25,0.003324334267942568,0.0,0.0016109752664108174,0.0,0.0035330672379881196,0.0,0.003946056393834753,0.0
2020-06-28,-0.0037195384307439285,0.0,-0.003656973887797413,0.0,-0.0052969303683129566,0.0,-0.0049468272529914845,0.0
2020-06-29,0.0016806832111983091,0.0,0.0002692069822641118,0.0,0.001269588681421177,0.0,0.00011895120059772844,0.0
2020-06-30,0.005148645066506738,0.0,0.003707602639862284,0.0,0.003166234410145236,0.0,0.0010940289166974928,0.0
2020-07-01,0.0006616035025457263,0.0,-0.002993500272861566,0.0,0.005522450289214306,0.0,0.005051517467449013,0.0
2020-07-02,0.0023599990733415006,0.0,0.003392480225408347,0.0,0.003113185114541325,0.0,0.003546137576957905,0.0
2020-07-05,0.002771863404081225,0.0,0.0011683166983118306,0.0,0.0013921818518374052,0.0,0.0007141638760712482,0.0
2020-07-06,-0.0005624110239641299,0.0,-0.00572303802727148,0.0,0.0014130935654266704,0.0,-0.00144023045273451,0.0
2020-07-07,-0.0003749897118278623,0.0,0.002116541631041767,0.0,-0.005343631130602452,0.0,-0.004424700230284357,0.0
2020-07-08,0.0024460633754751415,0.0,-0.004277976954750654,0.0,0.004157343373708153,0.0,0.0006763208487289106,0.0
2020-07-09,-0.0009771011344181905,0.0,0.002633908800815092,0.0,0.0001760781267919241,0.0,0.0037596658413336414,0.0
2020-07-12,-0.0012286877579635272,0.0,-0.001932772105193101,0.0,0.00010804540360123272,0.0,0.00022239239247028714,0.0
2020-07-13,-0.00319170363790078,0.0,-0.0016043542726499377,0.0,-0.0030839410395772753,0.0,-0.002887894685333739,0.0
2020-07-14,0.00042043352586165723,0.0,-0.006682029389455571,0.0,0.0027661975006914442,0.0,0.00045082229083808,0.0
2020-07-15,0.0033728308907130184,0.0,0.002534762727988343,0.0,0.004067165527635472,0.0,0.0022366852488446332,0.0
2020-07-16,-0.0012481781357871191,0.0,0.003238903004932284,0.0,-0.0028425224919109175,0.0,-0.0019048801259305898,0.0
2020-07-19,-0.0016487699381111853,0.0,-0.007378581823286698,0.0,-0.0008808989148178767,0.0,-0.002093183067081756,0.0
2020-07-20,0.0035931972310970454,0.0,4.650110798961395e-05,0.0,0.002060185501037657,0.0,-0.0004065903255861895,0.0
2020-07-21,0.006454507858102867,0.0,-0.0064405842013689285,0.0,0.006705790937646607,0.0,0.0016203634586776942,0.0
2020-07-22,0.0003884534421709709,0.0,1.9555895988580352e-05,0.0,-0.0018717209569482844,0.0,-0.00238666065825516,0.0
2020-07-23,-0.0039791182566833935,0.0,-0.0016442722341034467,0.0,-0.004977991759907365,0.0,-0.004908471285314286,0.0
2020-07-26,-0.0059813882057250765,0.0,-0.01063640059606722,0.0,-0.0024259322658631653,0.0,-0.0010091654824461384,0.0
2020-07-27,0.004711263399934509,0.0,-0.006600777621872429,0.0,0.0076516005574156125,0.0,0.0032794229525574077,0.0
2020-07-28,-0.0009544779634945131,0.0,-0.0031546603540896076,0.0,-0.000908833370435937,-0.0020191469692624683,0.00017386014134609042,-4.963525396601794e-05
2020-07-29,-0.00104337461351431,0.0,-0.005681485515168045,0.0,-0.0009174735779796438,-0.001657237368883507,-0.005165188065628461,-0.011628511365206805
2020-07-30,0.00014476320601991574,0.0,-0.009423211448758115,0.0,-0.0027630630339754163,-0.004970614415266441,-0.005003632465456833,-0.011237973529741695
2020-08-02,0.0006017687344614119,0.0,0.00953367828209508,0.0,-0.0026514649843234483,-0.004762131252663407,-0.004633116328762668,-0.010413705716121092
2020-08-03,0.001293348014593114,0.0,0.007133431469779593,0.0,-0.005116446041825526,-0.009121511660401616,-0.0046744455383691446,-0.010414483259298822
2020-08-04,0.0020682049527781282,0.0,-0.005097924579844738,0.0,2.510980118165231e-05,4.4723036962035034e-05,-0.0038267816454264523,-0.008419105035437514
2020-08-05,-0.0004284449257157118,0.0,-0.005332258239101642,0.0,0.003174965621142699,0.005589928398490386,-0.0007769442294738498,-0.0017091333370253706
2020-08-06,0.0026818049956884296,0.0,-0.0004123785805919654,0.0,0.00046826810452894554,0.0008252174583378853,0.0011349048329864855,0.0024962841060787158
2020-08-09,-0.006293315405778412,0.0,0.0030673144989338723,0.0,-0.005737088672740089,-0.010078525291952394,-0.002006344397620231,-0.004397741505834996
2020-08-10,0.003526706197145755,0.0,0.004714968659722919,0.0,0.002327564917806972,0.0041029609523108735,0.0011859244832863242,0.0025873188014349778
2020-08-11,0.0008731347616817974,0.0,0.004208899039385528,0.0,0.0024740103070029947,0.004322047424372021,0.0025828713375660364,0.005515989879830484
2020-08-12,0.003583347950011911,0.0047966983959136815,0.0031246676677656906,0.002966349106997209,0.0025831055940130554,0.004513180610892431,-0.0005714817877951644,-0.0012206182406528383
2020-08-13,-0.005167851910301999,-0.007109084763160911,-0.006914084140195186,-0.006914084140195186,0.00023765197453145086,0.00040858236677250516,-0.0018422784931092422,-0.0037157463577158225
2020-08-16,-0.0007364498770525327,-0.0010174305240911135,-0.008706956326873027,-0.008706956326873027,0.0014907434021085321,0.0025576740753791407,0.0016547452081634702,0.0033156197459559542
2020-08-17,0.0009661446047012601,0.0013333203475174703,-0.0020284966072917736,-0.0020284966072917736,-0.0014332414070809213,-0.0024592328826211884,-0.004764812113946801,-0.009550246524664298
2020-08-18,0.0025382417294436,0.003502882261554715,-0.0070020815060376045,-0.0070020815060376045,0.002635979122433406,0.004524849788024192,0.0011849341665476475,0.0023840021718499736
2020-08-19,-0.0007044264680835314,-0.0009444735566760641,0.013932235506554187,0.013932235506554187,-0.000392758826289935,-0.0006530738280148796,0.006320014561347112,0.011942636999901666
2020-08-20,-0.0013450866566662105,-0.0018011470313130107,-0.008793300646917811,-0.008793300646917811,-3.77081819842358e-05,-6.267530082170443e-05,-0.002655072626240033,-0.005064992513667934
2020-08-23,-0.0008817479542562831,-0.0011807652137324615,0.009604210179342525,0.009604210179342525,0.001169984581721089,0.00194378046497316,0.009167731312544523,0.017487622725850804
2020-08-24,-0.0010709854317323664,-0.0014346383870873318,-0.0018553647424640767,-0.0018553647424640767,0.001577209181577135,0.00261843306580597,0.002144451908214189,0.0041684873080837775
2020-08-25,0.004751395002624902,0.006134809942749177,-0.00017687842224130463,-0.00017687842224130463,0.004476453932452223,0.0072718022470924185,0.0011013484060882698,0.0020876873797324716
2020-08-26,0.007203554434237589,0.008258483481732226,0.0007170325151683978,0.0007170325151683978,0.004128557649679427,0.006295566153856623,0.0010404492965431444,0.0019018060787537854
2020-08-27,0.005973668416068239,0.006912910959600466,0.005395630409989066,0.005395630409989066,-0.0014243105496362732,-0.002169793930801425,-0.0034285957285026805,-0.006231988377410793
2020-08-30,0.007255982850303259,0.008450695491787215,-0.010266490409687148,-0.010266490409687148,0.01206167361499152,0.01836909998914924,0.009119519507346545,0.016569951593484733
2020-08-31,0.0023967538381621323,0.002728976088375589,0.001798137976112763,0.001798137976112763,0.002764930035354433,0.0042782874502288945,0.0002093352124746914,0.0003835346924130889
2020-09-01,0.002801907472461848,0.003160443862564289,0.003846218872595982,0.003846218872595982,0.0008211633628968021,-0.000379300080385535,0.0036449743499333007,-0.0004424755085916595
2020-09-02,0.001959564030720735,0.002051138698349715,0.0056037839356149685,0.0056037839356149685,-0.0008598753888768105,0.0,-0.00034254541522834615,0.0
2020-09-03,-0.005024261768242424,-0.0052085924493568865,-0.0009433730496499562,-0.0009433730496499562,-0.0038494558991002984,0.0,0.0001444261940627095,0.0
2020-09-06,0.005171964224124607,0.005171964224124607,0.0042170282160784184,0.0042170282160784184,0.006370129564475939,0.0,0.007823117581866578,0.0
2020-09-07,0.0023663716501865833,0.0023663716501865833,0.002843803437464794,0.002843803437464794,0.00016051974181464167,-0.00018663839909929786,-0.0007067732965556038,-0.0014436713857082404
2020-09-08,-0.006419329956248107,-0.006419329956248107,-0.0025724274017286633,-0.0025724274017286633,-0.014421926519562492,-0.016171772496206598,-0.009482354720700985,-0.013043983626363189
2020-09-09,0.010065189886662839,0.010065189886662839,0.007082093654307984,0.007082093654307984,0.017090363299667483,0.019998382930594468,0.014658088227665265,0.020465670157759377
2020-09-10,-0.0018045902620153634,-0.0018045902620153634,-0.0011706487868212974,-0.0011706487868212974,-0.005487504689017736,-0.00674039682679814,-0.009444489217248985,-0.013777973824057405
2020-09-13,0.0019743160341448313,0.0019743160341448313,0.0010283885829303363,0.0010283885829303363,0.005796320109795761,0.007114207599256464,0.00665606511371892,0.009642227164337243
2020-09-14,-0.0030830339584279913,-0.0030830339584279913,-0.0039046978682502863,-0.0039046978682502863,0.0009454787374828218,0.0011574575645490288,0.0036917508699305626,0.005303188652934669
2020-09-15,-0.0006419000787487007,-0.0006419000787487007,-0.0014913235716708913,-0.0014913235716708913,0.002814524564076159,0.003351745330754115,0.006172152862542468,0.008622376303468657
2020-09-16,-0.0003412211034062132,-0.0003412211034062132,-0.00030766512276200547,-0.00030766512276200547,0.004140212481829369,0.0049292135881738326,0.009284550888585012,0.012871496764089942
2020-09-17,-5.279401644066057e-06,-5.279401644066057e-06,-0.0012121004360100805,-0.0012121004360100805,0.00202553351897555,0.002284482124562889,0.0030941990448959027,0.004007261139049804
2020-09-20,-0.000702564569106213,-0.000702564569106213,0.000525972099036573,0.000525972099036573,-0.007084582502546112,-0.007927166805106889,-0.0066131543610689686,-0.00837787723067323
2020-09-21,-0.0038549167705580994,-0.0038549167705580994,-0.0002309646016500867,-0.0002309646016500867,-0.014882370013085922,-0.016350034817296376,-0.012744686875325057,-0.01544803789676345
2020-09-22,0.003006041142146511,0.003006041142146511,0.007431410102807042,0.007431410102807042,-0.0018656535487398707,-0.002158430672716657,-0.0011347828915674798,-0.0013569055448232677
2020-09-23,-0.008983783427709831,-0.008983783427709831,-0.003133876850126807,-0.003133876850126807,-0.01826828651625389,-0.02105633744229343,-0.01639046634503124,-0.019577323068298135
2020-09-24,0.0006029405196565856,0.0006029405196565856,0.0015407960426269435,0.0015407960426269435,0.007681258757557922,0.00921931580009777,0.012511925832965237,0.014266123131164229
2020-09-27,0.0006100986778429223,0.0006100986778429223,0.001792698152485036,0.001792698152485036,-0.00527262761900405,-0.006254075844389901,-0.003994191044519676,-0.004452866262960704
2020-09-28,-0.002732352116281857,-0.002732352116281857,-0.0069716145753424795,-0.0069716145753424795,-0.00022143042167426942,-0.00026190454740514593,-0.003930543289965536,-0.00437500469127929
2020-09-29,0.0010913797370535423,0.0010913797370535423,-0.0021378289995340996,-0.0021378289995340996,0.0011032308294828888,0.0013035213985361789,-0.002950782468994975,-0.0032764976310874186
2020-09-30,0.003944729701708904,0.003944729701708904,0.002999052530577669,0.002999052530577669,0.008586588055661261,0.009942228947101105,0.009208620411984059,0.01003880038204637
2020-10-01,0.0028624624583655648,0.0028624624583655648,0.0029073771573970585,0.0029073771573970585,0.007974873660388833,0.00908385033793209,0.00885407937520336,0.009610813414007838
2020-10-04,-0.0025404787921571,-0.0025404787921571,-0.0025404787921571,-0.0025404787921571,0.002291887181160954,0.0025991232586922643,0.004543427321349742,0.004858355482673627
2020-10-05,-0.003698630970693752,-0.003698630970693752,-0.003698630970693752,-0.003698630970693752,0.0015428909963974085,0.001749024238280027,-0.0017571979328006733,-0.0018779465197322136
2020-10-06,0.000443543278178647,0.000443543278178647,0.000443543278178647,0.000443543278178647,-0.008031122117187858,-0.009037655787486266,-0.0065380892768593935,-0.0069382375154588205
2020-10-07,-0.00032283083594313554,-0.00032283083594313554,-0.00032283083594313554,-0.00032283083594313554,0.003356391933821934,0.0037529319305081143,0.0008114530869332235,0.0008600804494411148
2020-10-08,0.003017095245798138,0.003017095245798138,0.003017095245798138,0.003017095245798138,0.003572929891765719,0.003959054107990264,0.0022554684695520657,0.0023810408569907115
2020-10-11,-0.0027928442971296608,-0.0027928442971296608,-0.0027928442971296608,-0.0027928442971296608,0.003762680966349325,0.004142838128057171,0.003298040281030485,0.0034719958778030254
2020-10-12,-0.003917454881378282,-0.003917454881378282,-0.003917454881378282,-0.003917454881378282,-0.002315729781096472,-0.002545528935421459,-0.00222002362436107,-0.0023283951608289457
2020-10-13,0.011543277645461545,0.011543277645461545,0.011543277645461545,0.011543277645461545,0.0026934691397964825,0.0029555056641607925,0.004447786113878045,0.004664033265509565
2020-10-14,-0.0058062695870810714,-0.0058062695870810714,-0.0058062695870810714,-0.0058062695870810714,-0.004222618880510913,-0.004521238886117453,-0.0017237241805879305,-0.0018032705090454927
2020-10-15,0.00021718083212036434,0.00021718083212036434,0.00021718083212036434,0.00021718083212036434,-0.0006963380692781495,-0.0007431211557333592,0.0006396519266432313,0.0006662491670292836
2020-10-18,0.0026032165778282577,0.0026032165778282577,0.0026032165778282577,0.0026032165778282577,0.00414075363013988,0.004347802479757178,0.004208446049180414,0.004308578121530947
2020-10-19,-0.007589465956679522,-0.007589465956679522,-0.007589465956679522,-0.007589465956679522,-0.006168040671839781,-0.006443525613528247,-0.007073870580326129,-0.007230533319385944
2020-10-20,-0.0029896235072268598,-0.0029896235072268598,-0.0029896235072268598,-0.0029896235072268598,0.00018726688516995616,0.000190069662688466,-0.004048975790837556,-0.004117504947281161
2020-10-21,-0.00860752180892215,-0.00860752180892215,-0.00860752180892215,-0.00860752180892215,-0.0022114892194422166,-0.002244591585859399,0.004037410566113522,0.004106766280148478
2020-10-22,0.00726697204953237,0.00726697204953237,0.00726697204953237,0.00726697204953237,0.008997549638026653,0.009132111661561772,0.010678786710465661,0.010854890435682154
2020-10-26,-0.0015688693488627357,-0.0015688693488627357,-0.0015688693488627357,-0.0015688693488627357,-0.0010956753796746506,-0.0011115444765651852,-0.0015626233672448348,-0.001585448821324142
2020-10-27,0.0027779138474110596,0.0027779138474110596,0.0027779138474110596,0.0027779138474110596,0.0012967381694226154,0.0013156320914110948,0.0017488889907073825,0.0017741899372224355
2020-10-28,0.0027920767391227484,0.0027920767391227484,0.0027920767391227484,0.0027920767391227484,0.0019286741608323529,0.0019574903429992836,0.0009608845886353904,0.0009743866671322264
2020-10-29,-0.005978145219285349,-0.005978145219285349,-0.005978145219285349,-0.005978145219285349,-0.009821193186690355,-0.009967667385454628,-0.0037886941270857412,-0.0038406266367308835
2020-10-30,0.007298301313375452,0.007298301313375452,0.007298301313375452,0.007298301313375452,-0.00014340070538904626,-0.0001454800565342307,0.0038142549822834156,0.003867022011291221
2020-11-02,0.0004552682949621275,0.0004552682949621275,0.0004552682949621275,0.0004552682949621275,0.001173925195571061,0.0011909556293268038,0.0031141782427506247,0.003156547511899398
2020-11-03,0.007941759963219006,0.007941759963219006,0.007941759963219006,0.007941759963219006,0.004774254070336491,0.004845657389230468,0.0028747126507582084,0.002912400996255222
2020-11-04,-0.0062627274698400185,-0.0062627274698400185,-0.0062627274698400185,-0.0062627274698400185,0.006242254043924512,0.006335196133480433,0.0026333935015748476,0.0026676351841161123
2020-11-05,0.004012208100092961,0.004012208100092961,0.004012208100092961,0.004012208100092961,0.006312451413465658,0.006405407177607168,0.00508193304004641,0.005148796417807171
2020-11-06,-0.01167576217204049,-0.01167576217204049,-0.01167576217204049,-0.01167576217204049,0.0005595633043662352,0.0005677144713331539,0.001844270117057836,0.0018674160190001409
2020-11-09,-0.004402295544663002,-0.004402295544663002,-0.004402295544663002,-0.004402295544663002,0.001377053080296699,0.001397110628412487,0.0008872547724336502,0.0008980955448481831
2020-11-10,0.022389426625292117,0.022389426625292117,0.022389426625292117,0.022389426625292117,0.020437138413676594,0.020735234033427696,0.017081570028437555,0.017292716714628474
2020-11-11,-0.001949345571965265,-0.001949345571965265,-0.001949345571965265,-0.001949345571965265,-0.0036345507973797736,-0.003679396262757116,-0.0038164211743725797,-0.003852521127027372
2020-11-12,0.009082225023129477,0.009082225023129477,0.009082225023129477,0.009082225023129477,0.0009478324372600707,0.0009595259206586622,0.003484512613421951,0.003518715663179238
2020-11-13,-0.007151197470549896,-0.007151197470549896,-0.007151197470549896,-0.007151197470549896,-0.007664197013550026,-0.0077587228092132485,-0.006949133784223362,-0.007021535557902845
2020-11-16,-0.006126993501820907,-0.006126993501820907,-0.006126993501820907,-0.006126993501820907,0.004108234469930634,0.004157671272660032,0.008104627934560963,0.008189831129379961
2020-11-17,0.0033943433159316708,0.0033943433159316708,0.0033943433159316708,0.0033943433159316708,0.006397569043303683,0.006474048025191132,0.005613585588640244,0.005676418134781166
2020-11-18,-0.004519562266513032,-0.004519562266513032,-0.004519562266513032,-0.004519562266513032,-0.003092285366626716,-0.0031286583513173054,-0.002218721955673047,-0.002242859854494002
2020-11-19,-0.0010187878916790504,-0.0010187878916790504,-0.0010187878916790504,-0.0010187878916790504,-0.0019103921138151415,-0.0019331134915979125,-0.003159754129865993,-0.0031949636844087062
2020-11-20,-0.0015946287564577379,-0.0015946287564577379,-0.0015946287564577379,-0.0015946287564577379,0.0005745962684437172,0.0005815032733000774,0.0009143849643758057,0.0009248469812131753
2020-11-23,0.0019205103047353128,0.0019205103047353128,0.0019205103047353128,0.0019205103047353128,0.003617344799691828,0.003660852040158763,0.005819913860730178,0.005884700314013182
2020-11-24,0.0037559865011323763,0.0037559865011323763,0.0037559865011323763,0.0037559865011323763,0.0026216315085859985,0.00265622153631446,0.002653673245702123,0.0026857444620242955
2020-11-25,0.0018008432542690207,0.0018008432542690207,0.0018008432542690207,0.0018008432542690207,0.005579023870787335,0.005652833263910143,0.001983303761828705,0.0020068368749663773
2020-11-26,-0.0014561042385498866,-0.0014561042385498866,-0.0014561042385498866,-0.0014561042385498866,0.0017959417101238097,0.0018194696812903533,0.0005474390602863481,0.0005527343289676768
2020-11-27,-0.0016859942603048277,-0.0016859942603048277,-0.0016859942603048277,-0.0016859942603048277,-0.0034795688367634053,-0.0035231915784822254,-0.002264127305087101,-0.002285349566476815
2020-11-30,0.0002885580420510526,0.0002885580420510526,0.0002885580420510526,0.0002885580420510526,0.0004659854749558357,0.00046898284419257034,-0.0027330198559267138,-0.0027591245713910546
2020-12-01,0.0063456583605618145,0.0063456583605618145,0.0074056522690892435,0.0074056522690892435,-0.0007706620860648215,-0.0007706620860648216,-0.0013339515969297392,-0.0013339515969297414
2020-12-02,-0.009343100738304601,-0.009343100738304601,-0.012811056213955296,-0.012811056213955296,-0.0008372840357132921,-0.0008372840357132921,-0.002145200956241662,-0.002145200956241665
2020-12-03,-0.0030026048173481144,-0.0030026048173481144,-0.004114425029172374,-0.004114425029172374,-0.0019434960370551962,-0.0019434960370551969,-0.004319653109172194,-0.004319653109172203
2020-12-04,-0.007564559731485343,-0.007564559731485343,-0.010861906630534057,-0.010861906630534057,-0.0005971539649457292,-0.0005971539649457293,0.0016339998861517981,0.0016339998861518012
2020-12-07,0.005420890378065634,0.005420890378065634,0.0030203767621354324,0.0030203767621354324,0.0032193401266602394,0.00321934012666024,0.0014118795865862605,0.0014118795865862629
2020-12-08,0.0008556073177518487,0.0008556073177518487,0.0018743120370977341,0.0018743120370977341,0.0003012637159708675,0.0003012637159708675,-0.0034657082405639707,-0.0034657082405639777
2020-12-09,-0.0006536459661384398,-0.0006536459661384398,-0.00020829535502133936,-0.00020829535502133936,0.005363909892795015,0.005363909892795017,0.009084709574564252,0.00908470957456427
2020-12-10,-0.0021908006394675,-0.0021908006394675,-0.0022363745569984566,-0.0022363745569984566,-0.0031919981862650474,-0.003191998186265048,-0.0010772453383512156,-0.0010772453383512178
2020-12-11,0.0015647759951741551,0.0015647759951741551,-0.0014964947389925175,-0.0014964947389925175,-0.0003791837885899114,-0.0003791837885899114,-0.0027701692150879716,-0.0027701692150879772
2020-12-14,-0.0016943618929611789,-0.0016943618929611789,-0.0015296358070721289,-0.0015296358070721289,-0.004109126595794895,-0.0041091265957948955,-0.0025781136890011334,-0.002578113689001139
2020-12-15,-0.001989851917028865,-0.001989851917028865,-0.0019414815218081437,-0.0019414815218081437,-0.0018935883274955837,-0.0018935883274955841,-0.005251329997875093,-0.005251329997875104
2020-12-16,-0.00474576853963251,-0.00474576853963251,-0.007915478521916344,-0.007915478521916344,0.0028570710904547722,0.0028570710904547727,0.007845656181262293,0.00784565618126231
2020-12-17,-0.005100034441610989,-0.005100034441610989,-0.004084157289382684,-0.004084157289382684,-0.0006110331097188747,-0.0006110331097188747,0.0013818074318459707,0.0013818074318459736
2020-12-18,-0.005835629081026895,-0.005835629081026895,-0.007436160640214264,-0.007436160640214264,0.001487755289588113,0.001487755289588113,0.003094493543552601,0.00309449354355261
2020-12-21,0.0050055366777296065,0.0050055366777296065,0.008965687637136538,0.008965687637136538,-0.003924105246895447,-0.003924105246895447,-0.00941751509293756,-0.009417515092937588
2020-12-22,-0.003934207763120832,-0.003934207763120832,-0.0029275162474409993,-0.0029275162474409993,4.370714021725814e-05,4.370714021725814e-05,0.0033137051172504313,0.0033137051172504404
2020-12-23,0.0027762695955688326,0.0027762695955688326,0.004798571751970712,0.004798571751970712,-0.0016553292098786209,-0.0016553292098786209,-0.000499658500712389,-0.0004996585007123902
2020-12-24,0.002547250472603825,0.002547250472603825,0.0011177778486760356,0.0011177778486760356,0.006949395921363559,0.006949395921363559,0.006939937574488034,0.0069399375744880545
2020-12-25,-0.0019176192141759018,-0.0019176192141759018,-0.0021324411843116307,-0.0021324411843116307,0.0005808542232315407,0.0005808542232315407,0.004231144228036187,0.0042311442280362
2020-12-28,-0.003848208130964319,-0.003848208130964319,-0.004824561442530819,-0.004824561442530819,-0.0036523138617738605,-0.0036523138617738605,-0.002620202188914313,-0.002620202188914321
2020-12-29,0.003669670591393872,0.003669670591393872,0.004296562859548966,0.004296562859548966,4.3851699749450316e-05,4.3851699749450316e-05,-0.005335562009400222,-0.0053355620094002396
2020-12-30,-0.0027839674100537002,-0.0027839674100537002,-0.0039453380981307705,-0.0039453380981307705,-0.003882037140429863,-0.003882037140429863,-0.005241407377252684,-0.005241407377252701
2020-12-31,-0.0068759380767695185,-0.0068759380767695185,-0.010806516295356363,-0.010806516295356363,-0.00013516783226786558,-0.00013516783226786558,0.0042016405574762114,0.0042016405574762114
2021-01-01,0.024044706588159503,0.024044706588159503,0.012335074560149793,0.012335074560149793,0.01739910909823016,0.01739910909823016,0.01810238469939593,0.01810238469939593
2021-01-04,-0.023328195332378884,-0.023328195332379,-0.013034829024871764,-0.013034829024871799,-0.017332179157226672,-0.017332179157226672,-0.013950153544791816,-0.013950153544791857
2021-01-05,0.001095167663760246,0.0010951676637602503,0.003591566493004929,0.003591566493004938,0.0007176711878651453,0.0007176711878651453,-0.002090116216355756,-0.0020901162163557614
2021-01-06,-0.0033801431423612447,-0.003380143142361259,-0.008234714438814843,-0.008234714438814867,-0.006455149589567886,-0.006455149589567886,-0.009924248424638024,-0.00992424842463805
2021-01-07,0.00039659268570085257,0.00039659268570085425,0.0001498718838107246,0.00014987188381072498,0.003802289794838914,0.003802289794838914,0.0008793525126313651,0.000879352512631367
2021-01-08,0.009404397843639483,0.009404397843639523,0.01261610419763545,0.012616104197635486,-0.004952405813490074,-0.004952405813490074,-0.010863849670009128,-0.010863849670009152
2021-01-11,0.003966937607409344,0.003966937607409362,0.006671812923523465,0.006671812923523482,0.003578244936237382,0.003578244936237382,0.0031361135036951787,0.0031361135036951865
2021-01-12,-0.000509312708861838,-0.0005093127088618401,0.000843100744967198,0.0008431007449672002,-0.00294372882975468,-0.00294372882975468,-0.00046640308538704655,-0.0004664030853870475
2021-01-13,-0.007041955639674178,-0.007041955639674208,-0.011043927755691244,-0.011043927755691275,0.005005401085434,0.005005401085434,0.012148887936772887,0.012148887936772915
2021-01-14,0.0024097537627031664,0.002409753762703177,0.0025996641356056446,0.002599664135605651,0.0028799430217221686,0.0028799430217221686,0.0024390881662651773,0.0024390881662651825
2021-01-15,0.0015048881698057255,0.0015048881698057322,1.1437349289890833e-05,1.1437349289890862e-05,0.004659947794584127,0.004659947794584127,0.008724555326223512,0.008724555326223531
2021-01-18,0.0033308972003603613,0.0033308972003603765,0.008381741565214764,0.008381741565214786,-0.001956123529533965,-0.001956123529533965,-0.002424126478268507,-0.002424126478268513
2021-01-19,-0.0010320075622235977,-0.001032007562223602,-0.001844651012298129,-0.0018446510122981342,0.0026120261910212474,0.0026120261910212474,0.004438725818478786,0.004438725818478797
2021-01-20,-0.004432235480318868,-0.004432235480318887,-0.006260902884188171,-0.006260902884188189,-6.251761226870264e-05,-6.251761226870264e-05,-0.0010421349145750553,-0.001042134914575058
2021-01-21,0.0031622331232954845,0.003162233123295497,0.00033995143587350153,0.0003399514358735024,0.006587904621693149,0.006587904621693149,0.010160206974012419,0.010160206974012443
2021-01-22,-0.00443139502589606,-0.00443139502589608,-0.004592920196259384,-0.004592920196259396,-0.006309292140061266,-0.006309292140061266,-0.010653908063456275,-0.010653908063456298
2021-01-25,0.00027554260179465825,0.0002755426017946594,0.003117104838262797,0.003117104838262804,-0.006986039662462959,-0.006986039662462959,-0.010284289416270572,-0.010284289416270593
2021-01-26,0.0023807691789510628,0.0023807691789510736,0.0033978466955919755,0.0033978466955919854,-0.0043880897995192,-0.0043880897995192,-0.0031398627288231977,-0.0031398627288232034
2021-01-27,-0.0018321886154891477,-0.0018321886154891562,-0.003799666444626391,-0.0037996664446264014,0.0034470182695813516,0.0034470182695813516,0.009025440459575337,0.009025440459575354
2021-01-28,0.0032299893253548008,0.003229989325354816,0.00837706269913416,0.008377062699134184,-0.0077205064821190715,-0.0077205064821190715,-0.011892800968350044,-0.011892800968350065
2021-01-29,-0.0012844554204187897,-0.0012844554204187956,-0.0009870858718597328,-0.0009870858718597354,0.0027982179693747814,0.0027982179693747814,0.0036906148113352794,0.0036906148113352868
2021-02-01,0.00628880760361633,0.006288807603616359,0.0064063564448775005,0.00640635644487752,0.0022589090028585232,0.0022589090028585232,-0.002293026282874517,-0.0022930262828745208
2021-02-02,0.0033874361688999302,0.0033874361688999463,0.005620724035303761,0.005620724035303775,0.008130822569180785,0.008130822569180785,0.011957202119066045,0.01195720211906607
2021-02-03,0.008158959532140509,0.008158959532140509,0.00714862899773098,0.00714862899773098,0.009897330332217326,0.009897330332217326,0.011341619516076632,0.011341619516076658
2021-02-04,0.000341335424965623,0.000341335424965623,0.0003554420503160493,0.0003554420503160493,0.00016742184686587632,0.00016742184686587632,0.0004059845492580109,0.0004059845492580117
2021-02-05,0.003964249148383422,0.003964249148383422,0.006146653144332473,0.006146653144332473,-0.0011948920035737749,-0.0011948920035737749,-0.001189784753031578,-0.0011897847530315806
2021-02-08,-0.007027996401040359,-0.007027996401040359,-0.010714386228916897,-0.010714386228916897,0.0013649097132912374,0.0013649097132912374,0.0016698156327280397,0.0016698156327280432
2021-02-09,-0.0014965157618943362,-0.0014965157618943362,-0.002557242042725219,-0.002557242042725219,0.0018103371347652471,0.0018103371347652471,0.0032017985889147785,0.0032017985889147855
2021-02-10,-0.00938724201146374,-0.00938724201146374,-0.012545538060143462,-0.012545538060143462,-0.003272307774320262,-0.003272307774320262,-0.00238059815759843,-0.002380598157598435
2021-02-11,-0.001974638094608733,-0.001974638094608733,-0.0023470759654924326,-0.0023470759654924326,-0.002046816002183581,-0.002046816002183581,-0.003123850616832972,-0.0031238506168329784
2021-02-12,-0.00015947168087832335,-0.00015947168087832335,-4.974018311951236e-06,-4.974018311951251e-06,0.003169252814617796,0.003169252814617796,0.006113841524117059,0.006113841524117073
2021-02-15,-0.0002716135121218834,-0.0002716135121218834,-0.0008166735385264226,-0.0008166735385264252,0.0017098322963309594,0.0017098322963309594,0.0023429977891085744,0.0023429977891085804
2021-02-16,0.0001339466926203194,0.0001339466926203194,-0.001904777493858804,-0.001904777493858804,0.003356830156313195,0.003356830156313195,0.001502379197769,0.0015023791977690033
2021-02-17,0.004376600171980023,0.004376600171980023,0.008010457816859058,0.008010457816859058,-0.0069819608735454805,-0.0069819608735454805,-0.01129304917082722,-0.011293049170827246
2021-02-18,0.0032002937989150703,0.0032002937989150703,0.0033427697455190347,0.003342769745519045,0.0038309198451754152,0.0038309198451754152,0.008723164615573143,0.00872316461557316
2021-02-19,-0.005151484834015757,-0.005151484834015757,-0.0066723191615647255,-0.006672319161564747,-0.004394168755608252,-0.004394168755608252,-0.004416628562820045,-0.004416628562820054
2021-02-22,-0.0015718277410188392,-0.0015718277410188392,-0.00497189964110444,-0.004971899641104455,-0.0054979753585703665,-0.0054979753585703665,-0.0029141929216681007,-0.0029141929216681063
2021-02-23,-0.006064536642065736,-0.006064536642065736,-0.006506118509078884,-0.006506118509078905,-0.008408712634716868,-0.008408712634716868,-0.00591801366531141,-0.005918013665311421
2021-02-24,0.0062069594829068115,0.0062069594829068115,0.006475945247833353,0.006475945247833371,0.01003149705654684,0.01003149705654684,0.013553277293695614,0.013553277293695641
2021-02-25,0.007244484137712524,0.007244484137712524,0.005171941708930868,0.005171941708930868,0.010649953517634824,0.010649953517634824,0.00996004762188029,0.009960047621880306
2021-02-26,0.0036676124962107793,0.0036676124962107793,0.00825223463277014,0.008252234632770167,-0.017518513350884772,-0.017518513350884772,-0.02652515416468976,-0.026525154164689813
2021-03-01,0.002971842720249915,0.002971842720249915,0.006880890034422601,0.006880890034422601,0.0023799828780375907,0.0023799828780375907,0.004137597902389327,0.004137597902389333
2021-03-02,0.008589721668012203,0.008589721668012203,0.007857733755467833,0.007857733755467857,0.01090709677449497,0.01090709677449497,0.0077774573091855155,0.007777457309185526
2021-03-03,-0.00392835381030287,-0.00392835381030287,-0.004747711108317592,-0.0047477111083176066,0.00018350987799526015,0.00018350987799526015,0.0002814515545781649,0.00028145155457816524
2021-03-04,0.004424529522185786,0.004424529522185786,0.006425765288584795,0.006425765288584815,-0.0036808831051828804,-0.0036808831051828804,-0.00659329619080352,-0.0065932961908035295
2021-03-05,0.010972759731801061,0.010972759731801061,0.012739732078531112,0.012739732078531147,-0.0011734525991497786,-0.0011734525991497786,-0.004279117735926916,-0.004279117735926922
2021-03-08,0.006833471585248057,0.006833471585248091,0.0059755032071898825,0.005975503207189899,0.00717505649687858,0.00717505649687858,0.0025647937994126685,0.0025647937994126725
2021-03-09,0.007317922002838797,0.007317922002838835,0.009213237784983124,0.009213237784983149,-0.0004857001482793542,-0.0004857001482793542,-0.004022485422169623,-0.004022485422169629
2021-03-10,-0.008416303236380934,-0.008416303236380977,-0.009969742569434404,-0.00996974256943443,0.002171857620602173,0.002171857620602173,0.005155167008373705,0.005155167008373712
2021-03-11,-0.0012905753427777606,-0.001290575342777767,-0.0022800418403261897,-0.0022800418403261954,0.007296556324760257,0.007296556324760257,0.009137330660921095,0.009137330660921109
2021-03-12,-0.003565939599828514,-0.003565939599828531,-0.007208192396211609,-0.007208192396211627,0.005907343254268458,0.005907343254268458,0.007378830823326816,0.007378830823326826
2021-03-15,0.008283662184776637,0.00828366218477668,0.00693707028884131,0.006937070288841325,0.002773930548566539,0.002773930548566539,-0.002092072728565573,-0.0020920727285655754
2021-03-16,0.0024741596238157526,0.0024741596238157643,0.0030118946899597046,0.0030118946899597124,0.003711310150803169,0.003711310150803169,0.00456545843027388,0.0045654584302738865
2021-03-17,-0.00014409171584011667,-0.00014409171584011738,-0.0013719409666763166,-0.00137194096667632,-0.0004988593488496568,-0.0004988593488496568,-0.0001778118859335133,-0.00017781188593351353
2021-03-18,-0.0051080724387270555,-0.005108072438727079,-0.007695986220676506,-0.007695986220676526,0.0053128698671452545,0.0053128698671452545,0.007013797921173728,0.0070137979211737375
2021-03-19,0.0012029773172290614,0.001202977317229067,0.005043225567741789,0.0050432255677418,-0.00461860025717183,-0.00461860025717183,-0.0024080383217655447,-0.002408038321765548
2021-03-22,0.004591737192536291,0.0045917371925363135,0.006260689362827976,0.00626068936282799,-0.0006529507136255503,-0.0006529507136255503,-0.001425535419321679,-0.0014255354193216812
2021-03-23,-0.008151840667589822,-0.00815184066758986,-0.009110088805212265,-0.009110088805212288,-0.0019131409539665948,-0.0019131409539665948,-0.0027172950423760066,-0.00271729504237601
2021-03-24,0.008001467373859563,0.008001467373859601,0.011303258847120164,0.01130325884712019,-0.003045073023014541,-0.003045073023014541,-0.003872920296662578,-0.0038729202966625827
2021-03-25,0.003729071884064932,0.003729071884064949,0.0036106038147632746,0.003610603814763282,0.0006811485256564,0.0006811485256564,-0.001951582317784337,-0.0019515823177843393
2021-03-26,0.001392338382729258,0.0013923383827292642,0.0024270421699269275,0.0024270421699269327,0.0049089284264459965,0.0049089284264459965,0.0057364634815503125,0.00573646348155032
2021-03-28,-0.001905695979956009,-0.001905695979956009,-0.0026584107655522656,-0.0026584107655522717,0.0014116763658503458,0.0014116763658503458,0.002410569061192225,0.002410569061192229
2021-03-29,0.00396106566722058,0.00396106566722058,0.0045845403810774055,0.004584540381077417,0.006345411007449129,0.006345411007449129,0.004471692610819266,0.004471692610819272
2021-03-30,0.0054665128254840056,0.0054665128254840056,0.007134847565445985,0.007134847565446003,0.005339539991811044,0.005339539991811044,0.003916489909717254,0.003916489909717259
2021-03-31,0.0035439426550742045,0.0035439426550742045,0.0018036853526854444,0.0018036853526854487,0.006877739737457823,0.006877739737457823,0.006187722096462716,0.0061877220964627255
2021-04-01,7.031389275935111e-05,7.031389275935111e-05,-0.0016129766799747348,-0.0016129766799747392,0.005220737861473208,0.005220737861473208,0.005667899073790408,0.005667899073790414
2021-04-04,0.0001845562579949392,0.0001845562579949392,0.0003450954036458542,0.0003450954036458552,6.741507901162593e-05,6.741507901162593e-05,0.00061350927961641,0.0006135092796164109
2021-04-05,-0.00229906804539851,-0.00229906804539851,-0.005581355165680775,-0.00558135516568079,9.995029566971757e-05,9.995029566971757e-05,-0.0012040121166173373,-0.0012040121166173388
2021-04-06,-0.010597881591992812,-0.010597881591992812,-0.009152949263310731,-0.009152949263310756,-0.0062345898069297405,-0.0062345898069297405,-0.003572324136990056,-0.0035723241369900603
2021-04-07,-0.004887288156964971,-0.004887288156964971,-0.00250593606302183,-0.0025059360630218376,-0.0033628922695578293,-0.0033628922695578293,-0.0038791408364751315,-0.003879140836475137
2021-04-08,-0.004072479560519871,-0.004072479560519871,-0.0043393678778268375,-0.004339367877826849,-0.002941284373194084,-0.002941284373194084,-0.0018728891492038565,-0.0018728891492038593
2021-04-11,0.0034360307149870787,0.0034360307149870787,0.004715556589836518,0.004715556589836531,-0.0010560118953725397,-0.0010560118953725397,-0.002450728359782645,-0.0024507283597826487
2021-04-12,-0.0034175378657307597,-0.0034175378657307597,-0.005448325826006658,-0.005448325826006674,0.000279813880367486,0.000279813880367486,0.00014687607639818711,0.0001468760763981873
2021-04-13,-0.002508178252901752,-0.002508178252901752,-0.0030859358382868997,-0.0030859358382869092,-0.0009329188280725576,-0.0009329188280725576,-0.00018854101523159384,-0.0001885410152315941
2021-04-14,0.001707411155705566,0.001707411155705566,0.001271066028023406,0.00127106602802341,0.003949843798835766,0.003949843798835766,0.0045455984261954015,0.004545598426195408
2021-04-15,-0.0006894110886684355,-0.0006894110886684355,-0.0010234227071491036,-0.0010234227071491064,0.006032734869083362,0.006032734869083362,0.01014887921174427,0.010148879211744283
2021-04-18,0.0007067974647590449,0.0007067974647590449,-0.0003703222056825209,-0.00037032220568252204,-0.002351058249885532,-0.002351058249885532,-0.006357206022511754,-0.006357206022511763
2021-04-19,-0.0016697345394191398,-0.0016697345394191398,-0.008286310267362342,-0.008286310267362366,0.003762188890609533,0.003762188890609533,0.0008090826836976546,0.0008090826836976556
2021-04-20,-0.002697639638031912,-0.002697639638031912,-0.0011634272711087315,-0.0011634272711087347,-0.006149818054751312,-0.006149818054751312,-0.003033307396904595,-0.0030333073969045993
2021-04-21,0.00393368008765153,0.00393368008765153,0.004781142346554814,0.004781142346554829,0.004635913619299656,0.004635913619299656,0.003994019276133434,0.00399401927613344
2021-04-22,0.0006732526407152144,0.0006732526407152144,0.004067145956898689,0.004067145956898701,-0.0018474151787989373,-0.0018474151787989373,-0.001366560088590521,-0.0013665600885905231
2021-04-25,-0.004763884491546911,-0.004763884491546911,-0.005540750427359044,-0.005540750427359059,-0.0005225267015174617,-0.0005225267015174617,-0.003210237471037801,-0.0032102374710378054
2021-04-26,0.003872830294486396,0.003872830294486396,0.002509736355229216,0.002509736355229224,0.0026400830881845726,0.0026400830881845726,0.002347349705389903,0.0023473497053899065
2021-04-27,0.0016028286628339856,0.0016028286628339856,0.0015845790102266312,0.0015845790102266312,-0.002854024060047753,-0.002854024060047753,-0.00842029724145462,-0.008420297241454633
2021-04-28,0.0025185906947314254,0.0025185906947314254,0.0010258691603716205,0.0010258691603716205,0.008763491682628853,0.008763491682628853,0.0054604424625238875,0.005460442462523896
2021-04-29,0.002660797376440275,0.002660797376440275,0.0032433896625871953,0.0032433896625871953,-0.0007243566820112751,-0.0007243566820112751,-0.0038757522426763253,-0.003875752242676331
2021-05-02,0.0011115963722372548,0.0011115963722372548,0.006064251304796655,0.006064251304796655,-0.006242070507188925,-0.006242070507188925,-0.0027508520859029295,-0.002750852085902934
2021-05-03,-0.0003104686458300732,-0.0003104686458300732,-0.003400552237690699,-0.003400552237690699,0.0006140406111928079,0.0006140406111928079,-0.00024351876289215263,-0.000243518762892153
2021-05-04,0.002700182299400211,0.002700182299400211,0.0037121074666743824,0.0037121074666743824,0.0007991428286404834,0.0007991428286404834,0.0008510679975961277,0.000851067997596129
2021-05-05,0.0028436158441567123,0.0028436158441567123,0.0025378013823665804,0.0025378013823665804,0.0032322176396120264,0.0032322176396120264,0.005985564873443015,0.005985564873443023
2021-05-06,-0.0029674181150790434,-0.0029674181150790434,-0.0030595268049200927,-0.0030595268049200927,0.0028255225078831353,0.0028255225078831353,0.0012170641422023004,0.0012170641422023021
2021-05-09,-0.0013634699432583362,-0.0013634699432583362,-0.006723181644447606,-0.006723181644447606,0.003734853109001881,0.003734853109001881,-0.0008504547456060286,-0.0008504547456060299
2021-05-10,0.003341010247795151,0.003341010247795151,0.0006896845594676847,0.0006896845594676847,0.0011949142413037505,0.0011949142413037505,0.0005023285111404682,0.0005023285111404689
2021-05-11,0.0007020565632251867,0.0007020565632251867,0.0005712458097525072,0.0005712458097525072,0.0011100236236929457,0.0011100236236929457,0.001925472604665765,0.0019254726046657674
2021-05-12,0.005206391040839235,0.005206391040839235,0.00871064757744535,0.00871064757744535,-0.001271290887510515,-0.001271290887510515,-0.003538008866322682,-0.0035380088663226872
2021-05-13,-0.002369665910897704,-0.002369665910897704,-0.0023083422749522243,-0.0023083422749522243,-0.00015559495597804605,-0.00015559495597804605,0.0025471134494615298,0.002547113449461534
2021-05-16,0.0019947453104610727,0.0019947453104610727,0.0005147241504066199,0.0005147241504066199,0.0025257677606375286,0.0025257677606375286,0.0007465288939919884,0.0007465288939919896
2021-05-17,-0.0007761224531594769,-0.0007761224531594769,-0.002568336049418008,-0.002568336049418008,0.0024967466337037243,0.0024967466337037243,-0.000993868355560307,-0.0009938683555603088
2021-05-18,-0.005586247841767462,-0.005586247841767462,-0.007908142001238051,-0.007908142001238051,-0.0037156688783061,-0.0037156688783061,-0.005195442408891066,-0.005195442408891074
2021-05-19,0.0014059348632906809,0.0014059348632906809,0.004524598538196944,0.004524598538196944,-0.0028162741849437406,-0.0028162741849437406,-0.0003658951792518158,-0.00036589517925181644
2021-05-20,-0.002530710158787056,-0.002530710158787056,-0.005768720516213334,-0.005768720516213334,9.447236483218525e-05,9.447236483218525e-05,-0.0013913230858059354,-0.0013913230858059377
2021-05-23,0.0011510855745185075,0.0011510855745185075,0.0028487448382149777,0.0028487448382149777,-0.000951983928929156,-0.000951983928929156,0.001556727686585576,0.001556727686585576
2021-05-24,0.0008114703424592155,0.0008114703424592155,0.0004791450477269137,0.0004791450477269137,0.0035450493612189,0.0035450493612189,0.0041100895807010575,0.0041100895807010575
2021-05-25,-0.002474531234139551,-0.002474531234139551,-0.002455980965953208,-0.002455980965953208,-0.0014630688332021614,-0.0014630688332021614,-0.002785193433185587,-0.002785193433185587
2021-05-26,0.0052160001997476205,0.0052160001997476205,0.007066037043215477,0.007066037043215477,0.005500733040212712,0.005500733040212712,0.014966459527939764,0.014966459527939764
2021-05-27,0.007178888495052731,0.007178888495052731,0.005271428159150682,0.005271428159150682,0.002989898999373498,0.002989898999373498,-0.004094521923669906,-0.004094521923669906
2021-05-30,0.0003698977755417893,0.0003698977755417893,0.0012536459969274766,0.0012536459969274766,0.0010584339095220429,0.0010584339095220429,0.0013680362073664493,0.0013680362073664493
2021-05-31,-0.0017163834513532683,-0.0017163834513532683,-0.003638944311744863,-0.003638944311744863,0.0010509733169847416,0.0010509733169847416,0.00043776779052681907,0.00043776779052681907
2021-06-01,-0.004609855273000912,-0.004609855273000912,-0.002929398880711176,-0.002929398880711176,-0.005056193992304716,-0.005056193992304716,-0.005280213554633952,-0.005280213554633952
2021-06-02,0.002309317939430928,0.002309317939430928,0.0021692665493644623,0.0021692665493644623,0.007892107099565514,0.007892107099565514,0.010454789749592328,0.010454789749592328
2021-06-03,0.002866512877978007,0.002866512877978007,0.005530739740823201,0.005530739740823201,-0.004214477468066564,-0.004214477468066564,-0.00608738508831799,-0.00608738508831799
2021-06-06,-0.0037838195976384772,-0.0037838195976384772,-0.006341260806709655,-0.006341260806709655,0.0049631043186262585,0.0049631043186262585,0.009624467075716934,0.009624467075716934
2021-06-07,-0.0027193027204043345,-0.0027193027204043345,-0.0036052976640976145,-0.0036052976640976145,-0.0014100172668964242,-0.0014100172668964242,-0.0026833048196878402,-0.0026833048196878402
2021-06-08,-0.001510129781568195,-0.001510129781568195,-0.0008212165635583215,-0.0008212165635583215,0.00031955043268218515,0.00031955043268218515,0.0005730100078905377,0.0005730100078905377
2021-06-09,-0.0022506859279597478,-0.0022506859279597478,-0.0012996345515151025,-0.0012996345515151025,-0.005418336002426588,-0.005418336002426588,-0.009183473152788635,-0.009183473152788635
2021-06-10,0.00167329007527489,0.00167329007527489,-9.581913099448709e-05,-9.581913099448709e-05,0.0038017578969289723,0.0038017578969289723,0.006097681914034456,0.006097681914034456
2021-06-13,-0.0012874534055289156,-0.0012874534055289156,0.00029074516037786054,0.00029074516037786054,-0.00562081262751276,-0.00562081262751276,-0.005122717179559446,-0.005122717179559446
2021-06-14,0.003464933837629001,0.003464933837629001,0.004373624732702255,0.004373624732702255,0.0013733215266301525,0.0013733215266301525,-0.0014332630841230843,-0.0014332630841230843
2021-06-15,-0.0012632360833034853,-0.0012632360833034853,-0.00046735246060858055,-0.00046735246060858055,-0.0016841970228348583,-0.0016841970228348583,-0.001801674440296132,-0.001801674440296132
2021-06-16,0.005639334796704063,0.005639334796704063,0.009803688680166291,0.009803688680166291,-0.0070851893560142844,-0.0070851893560142844,-0.004185950357930756,-0.004185950357930756
2021-06-17,0.0015907317859183408,0.0015907317859183408,0.0037162289017354006,0.0037162289017354006,-2.0790279579871755e-05,-2.0790279579871755e-05,0.006564037227557305,0.006564037227557305
2021-06-20,-0.00518154859294964,-0.00518154859294964,-0.0016862341439423643,-0.0016862341439423643,-0.012744678001418909,-0.012744678001418909,-0.010414570638610256,-0.010414570638610256
2021-06-21,0.005921780578677989,0.005921780578677989,0.002989753573287182,0.002989753573287182,0.008133038665685533,0.008133038665685533,0.002045299019237311,0.002045299019237311
2021-06-22,0.0010085106668464533,0.0010085106668464533,0.000296752811769021,0.000296752811769021,0.0015921853235642894,0.0015921853235642894,0.000632422880773229,0.000632422880773229
2021-06-23,0.003756482088982414,0.003756482088982414,0.0037544364262275492,0.0037544364262275492,0.005437301607292599,0.005437301607292599,0.007328750959375106,0.007328750959375106
2021-06-24,-0.0017810478768912456,-0.0017810478768912456,-0.00026828774777385236,-0.00026828774777385236,0.004918783722686665,0.004918783722686665,0.010553391756815942,0.010553391756815942
2021-06-27,-0.0014422361011060853,-0.0014422361011060853,-0.0008971578812928854,-0.0008971578812928854,0.001381713439094686,0.001381713439094686,0.0025054018884765085,0.0025054018884765085
2021-06-28,-0.0006525828249985976,-0.0006525828249985976,-0.00018498158132532557,-0.00018498158132532557,-0.0026272997862250933,-0.0026272997862250933,-0.0014242435830181493,-0.0014242435830181493
2021-06-29,-0.0024340822717025925,-0.0024340822717025925,-0.0015311956038089626,-0.0015311956038089626,-0.0022287556181170847,-0.0022287556181170847,-0.0013563229603785992,-0.0013563229603785992
2021-06-30,0.006855019921446022,0.006855019921446022,0.00848887190480332,0.00848887190480332,0.001340898873978216,0.001340898873978216,0.002024322188025593,0.002024322188025593
2021-07-01,0.0028541857689111327,0.0028541857689111327,0.0008442473144631658,0.0008442473144631658,-0.0014314141856236187,-0.0014314141856236187,-0.006178025149163404,-0.006178025149163404
2021-07-04,-0.0016217772810061518,-0.0016217772810061518,0.0007147189657809264,0.0007147189657809264,0.005652939551124019,0.005652939551124019,0.012954006302314778,0.012954006302314778
2021-07-05,-0.0009187937734632233,-0.0009187937734632233,-0.0001713012813330671,-0.0001713012813330671,-0.00011981973989073317,-0.00011981973989073317,-0.00017403644118549002,-0.00017403644118549002
2021-07-06,-0.0013132351679833057,-0.0013132351679833057,-0.003354862867472304,-0.003354862867472304,-0.008292970959771254,-0.008292970959771254,-0.0047438548154730255,-0.0047438548154730255
2021-07-07,0.0011749248408703349,0.0011749248408703349,0.0012047764158096541,0.0012047764158096541,0.0029384934948168784,0.0029384934948168784,0.007222302630508758,0.007222302630508758
2021-07-08,-0.012264384839773245,-0.012264384839773245,-0.014681215603324443,-0.014681215603324443,-0.010401223917650452,-0.010401223917650452,-0.014452715629326384,-0.014452715629326384
2021-07-11,-0.006231858534095252,-0.006231858534095252,-0.0033303971993916834,-0.0033303971993916834,0.0013464292306857044,0.0013464292306857044,0.002341496504124062,0.002341496504124062
2021-07-12,0.006912753546940457,0.006912753546940457,0.007613186225845696,0.007613186225845696,0.0021634577863172775,0.0021634577863172775,-0.0001284073594850062,-0.0001284073594850062
2021-07-13,0.005958946469512921,0.005958946469512921,0.004038595643508804,0.004038595643508804,-0.006006298802076387,-0.006006298802076387,-0.0100467174553155,-0.0100467174553155
2021-07-14,-0.004154187949187146,-0.004154187949187146,-0.0029622392140475646,-0.0029622392140475646,0.004284421304320531,0.004284421304320531,0.012799807169523602,0.012799807169523602
2021-07-15,0.0014547952075820191,0.0014547952075820191,0.0006734673690287061,0.0006734673690287061,-0.0024732485508970306,-0.0024732485508970306,-0.0005353775822856785,-0.0005353775822856785
2021-07-18,0.00054936439002441,0.00054936439002441,0.0006405282962983192,0.0006405282962983192,0.003300691751745091,0.003300691751745091,0.005814216104838498,0.005814216104838498
2021-07-19,-0.0006090440336742995,-0.0006090440336742995,-0.006486506055438185,-0.006486506055438185,-0.007720800016529342,-0.007720800016529342,-0.010768988486599084,-0.010768988486599084
2021-07-20,0.005971457480689687,0.005971457480689687,0.005623431152521312,0.005623431152521312,0.0001284779152944802,0.0001284779152944802,-0.0030395533690718685,-0.0030395533690718685
2021-07-21,0.0018763775070385182,0.0018763775070385182,0.00515095926522227,0.00515095926522227,0.004758563397350968,0.004758563397350968,0.00033165171560199837,0.00033165171560199837
2021-07-22,-0.001051988982302477,-0.001051988982302477,0.0009547527515350859,0.0009547527515350859,-0.0015784213337578783,-0.0015784213337578783,-0.00027922990413826776,-0.00027922990413826776
2021-07-25,0.0030254638057305872,0.0030254638057305872,0.002945290097684154,0.002945290097684154,0.0012308382127772454,0.0012308382127772454,-0.0006938320549541133,-0.0006938320549541133
2021-07-26,-0.005204284357413432,-0.005204284357413432,-0.0034791500650158402,-0.0034791500650158402,-0.0030412108794192474,-0.0030412108794192474,-0.003705964048005395,-0.003705964048005395
2021-07-27,-0.007613711376167641,-0.007613711376167641,-0.006946372465300139,-0.006946372465300139,-0.005786650898208105,-0.005786650898208105,-0.002598580189572608,-0.002598580189572608
2021-07-28,-0.002203895624582886,-0.002203895624582886,-0.0017024440654635781,-0.0017024440654635781,0.0015343914645908126,0.0015343914645908126,-0.0029605404098241423,-0.0029605404098241423
2021-07-29,-0.002353177818698091,-0.002353177818698091,-0.0006790660095008238,-0.0006790660095008238,0.003945568981156291,0.003945568981156291,0.005870969705228145,0.005870969705228145
2021-08-01,0.004619168931849257,0.004619168931849257,0.002949870094628352,0.002949870094628352,-0.00030112950906664476,-0.00030112950906664476,-0.001687630147908748,-0.001687630147908748
2021-08-02,-0.003638086585918993,-0.003638086585918993,-0.00436986337732534,-0.00436986337732534,-0.0029175041069068285,-0.0029175041069068285,-0.0007735398265123601,-0.0007735398265123601
2021-08-03,-0.001947622964115108,-0.001947622964115108,-0.0013680049605000759,-0.0013680049605000759,0.005630467780770298,0.005630467780770298,0.01541226935099742,0.01541226935099742
2021-08-04,0.0060709950672290635,0.0060709950672290635,0.006096830247636752,0.006096830247636752,0.0015336782527098746,0.0015336782527098746,-1.3740781190091263e-05,-1.37407811900913e-05
2021-08-05,6.994665986289651e-05,6.994665986289651e-05,0.0014188534971590998,0.0014188534971590998,-0.0011428664635320673,-0.0011428664635320673,-0.003585712945950237,-0.003585712945950237
2021-08-08,0.009290158858408564,0.009290158858408564,0.008716048254048989,0.008716048254048989,-0.0003939924343120824,-0.0003939924343120824,-0.00030737157030579225,-0.00030737157030579225
2021-08-09,0.003781740669733696,0.003781740669733696,0.0037120889801631274,0.0037120889801631274,0.0002498356941039498,0.0002498356941039498,0.00036328925035973147,0.00036328925035973147
2021-08-10,0.005235185273562995,0.005235185273562995,0.005636664630762853,0.005636664630762853,0.0044547017339669915,0.0044547017339669915,0.004023774035120897,0.004023774035120897
2021-08-11,-0.0023516914141369773,-0.0023516914141369773,-0.00162796551271032,-0.00162796551271032,0.004516397357665714,0.004516397357665714,0.007811178617835543,0.007811178617835543
2021-08-12,0.002024887160284124,0.002024887160284124,0.00036601573873346863,0.00036601573873346863,-0.0014981060466295,-0.0014981060466295,-0.0067578555063708716,-0.006757855506370889
2021-08-15,-0.006433461360714171,-0.006433461360714171,-0.005613886084867506,-0.005613886084867506,-0.0012099609331148846,-0.0012099609331148846,-0.0014832428564779579,-0.001483242856477961
2021-08-16,-0.005115553736780593,-0.005115553736780593,-0.006730101302984671,-0.006730101302984671,-0.0062803175020165625,-0.0062803175020165625,-0.00589065981301741,-0.005890659813017423
2021-08-17,0.0042475579063426085,0.0042475579063426085,0.0012587562241892047,0.0012587562241892047,0.0005932273511049148,0.0005932273511049148,-0.0015652332515044582,-0.0015652332515044619
2021-08-18,-0.00041471271113146515,-0.00041471271113146515,-0.0003607530168284658,-0.0003607530168284658,-0.002382282203364482,-0.002382282203364482,-0.006039003169427069,-0.006039003169427085
2021-08-19,0.00020354121977528847,0.00020354121977528847,-0.00387284439983975,-0.00387284439983975,-0.008210486981891077,-0.008210486981891077,-0.010841100505099887,-0.010841100505099887
2021-08-22,-0.0006558910486959893,-0.0006558910486959893,-0.0007658014615738922,-0.0007658014615738922,-0.004749610881699877,-0.004749610881699877,-0.009048504583476436,-0.009048504583476436
2021-08-23,-0.0006657322576359736,-0.0006657322576359736,0.00266783190480158,0.00266783190480158,0.004439740853376557,0.004439740853376557,0.002858753630634319,0.002858753630634326
2021-08-24,0.002548764346614067,0.002548764346614067,0.003000651845347427,0.003000651845347427,0.007339165093242972,0.007339165093242972,0.008886065851044742,0.008886065851044763
2021-08-25,-0.0003041614461228941,-0.0003041614461228941,0.0011383906955673736,0.0011383906955673736,0.0015476821466605991,0.0015476821466605991,0.0038252709634346077,0.003825270963434616
2021-08-26,0.002520850831661178,0.002520850831661178,0.0006111839571854598,0.0006111839571854598,0.00025513838162035036,0.00025513838162035036,-0.00026759748700910075,-0.00026759748700910135
2021-08-29,-0.005229720381551268,-0.005229720381551268,-0.0038900067337469513,-0.0038900067337469513,0.004366774617842751,0.004366774617842751,0.006760651835179686,0.006760651835179703
2021-08-30,0.003967721974668808,0.003967721974668808,0.004536409628306873,0.004536409628306873,0.00544805677613246,0.00544805677613246,0.005372685155520816,0.005372685155520816
2021-08-31,0.0007929008333894449,0.0007929008333894449,0.0006681374666793226,0.0006681374666793226,0.0034055895534390295,0.0034055895534390295,0.00860544417189708,0.00860544417189708
2021-09-01,-0.0036470739265616935,-0.0036470739265616935,-0.0035920014124961623,-0.0035920014124961623,0.0006486779964715078,0.0006486779964715078,0.005482293664782016,0.005482293664782028
2021-09-02,-0.0010765845413959743,-0.0010765845413959743,0.0011098566973892752,0.0011098566973892752,-0.0012488076821953894,-0.0012488076821953894,-0.002679899965731803,-0.002679899965731803
2021-09-05,-0.0014420344812452845,-0.0014420344812452845,-0.0008713822206676952,-0.0008713822206676952,0.0008582319272962841,0.0008582319272962841,0.007064307495056497,0.007064307495056497
2021-09-06,0.0011703870914564634,0.0011703870914564634,0.0006524959532766234,0.0006524959532766234,0.0034553411948073038,0.0034553411948073038,0.0040499576566910105,0.0040499576566910105
2021-09-07,0.0037343047973594124,0.0037343047973594124,0.002199963115848437,0.002199963115848437,0.0013056662568082216,0.0013056662568082216,0.0006638337297785574,0.0006638337297785574
2021-09-08,0.0018654367611446207,0.0018654367611446207,0.0017355913741861312,0.0017355913741861312,0.003624978819324162,0.003624978819324162,0.008353669456715325,0.008353669456715325
2021-09-09,-0.005568601572953787,-0.005568601572953787,-0.0038812094626553867,-0.0038812094626553867,-0.003498332822453748,-0.003498332822453748,-0.0043507408739536105,-0.00435074087395362
2021-09-12,0.002071749102120949,0.002071749102120949,0.002458359692970615,0.002458359692970615,0.0038326607563161164,0.0038326607563161164,0.006018523895158961,0.006018523895158974
2021-09-13,0.0033045573685041166,0.0033045573685041166,0.003758266780050003,0.003758266780050003,0.002901217137410631,0.002901217137410631,0.0023387365084408364,0.0023387365084408364
2021-09-14,0.0005412232093532042,0.0005412232093532042,-0.000376930941180218,-0.000376930941180218,-0.004074098170171749,-0.004074098170171749,-0.010020555759015521,-0.010020555759015521
2021-09-15,-0.003243019179125237,-0.003243019179125237,-0.002384957314418433,-0.002384957314418433,-0.0003857758588747899,-0.0003857758588747899,-0.0022053133899785997,-0.002205313389978605
2021-09-16,0.007599007823902405,0.007599007823902405,0.006992368640258675,0.006992368640258675,-0.0011902814457449029,-0.0011902814457449029,-0.0025674740197221694,-0.0025674740197221754
2021-09-19,0.0032881623002889745,0.0032881623002889745,0.0013955149888832082,0.0013955149888832082,-0.0023280376151920768,-0.0023280376151920768,-0.002699711921334242,-0.002699711921334242
2021-09-20,-0.003976303561351544,-0.003976303561351544,-0.0070779903464722495,-0.0070779903464722495,-0.004527451691921994,-0.004527451691921994,-0.006437472307667686,-0.006437472307667686
2021-09-21,-0.002575423310852445,-0.002575423310852445,-0.0031961145806647974,-0.0031961145806647974,-0.0018478582248204938,-0.0018478582248204938,-0.005516106553480853,-0.005516106553480853
2021-09-22,0.006957294872203771,0.006957294872203771,0.006639215248739196,0.006639215248739196,0.007158189464221585,0.007158189464221585,0.006465239548000917,0.006465239548000917
2021-09-23,0.0007422673241450936,0.0007422673241450936,0.004735519268464352,0.004735519268464352,0.002468818570229213,0.002468818570229213,0.0007692857231723131,0.0007692857231723148
2021-09-26,0.003467542933386673,0.003467542933386673,0.0020974380861362397,0.0020974380861362397,-0.0005268836507968123,-0.0005268836507968123,-0.008211435515880399,-0.008211435515880399
2021-09-27,0.0006687169601101076,0.0006687169601101076,0.0019720167420256528,0.0019720167420256528,0.0010192860137228006,0.0010192860137228006,0.004299408615981586,0.004299408615981586
2021-09-28,0.006722623937016248,0.006722623937016248,0.002026447457346393,0.002026447457346393,-0.002987258923239153,-0.002987258923239153,-0.011066534513590924,-0.011066534513590924
2021-09-29,0.006536475007716766,0.006536475007716766,0.0033494345208437137,0.0033494345208437137,-0.0005446074397214399,-0.0005446074397214399,-0.002079757094570327,-0.002079757094570327
2021-09-30,-0.0021631778989596225,-0.0021631778989596225,-0.0009075817125188991,-0.0009075817125188991,-0.0018358560776233048,-0.0018358560776233048,4.768813457110572e-05,4.768813457110572e-05
2021-10-03,-0.005520758112778985,-0.005520758112778985,-0.0026886856073314635,-0.0026886856073314635,0.0067691510436643405,0.0067691510436643405,0.02040005114291812,0.02040005114291812
2021-10-04,-0.0020037426915935686,-0.0020037426915935686,-0.0009907572180088181,-0.0009907572180088181,-0.00488965690777776,-0.00488965690777776,-0.007398156410276996,-0.007398156410277013
2021-10-05,0.0037508745505058245,0.0037508745505058245,0.005118896132603314,0.005118896132603314,0.004284533366624487,0.004284533366624487,0.0047805825998167425,0.004780582599816752
2021-10-06,-9.826961589334848e-05,-9.826961589334848e-05,-0.0014178930255184354,-0.0014178930255184354,0.0012509201098396538,0.0012509201098396538,-0.0008543271315280238,-0.0008543271315280257
2021-10-07,0.0009041394324335076,0.0009041394324335076,0.0020915508621960786,0.0020915508621960786,-0.0010746318183833814,-0.0010746318183833814,-0.0010027720702417788,-0.0010027720702417788
2021-10-10,0.003124444966696619,0.003124444966696619,0.0035106303530044068,0.0035106303530044068,0.001536515500206017,0.001536515500206017,-0.0022900786003052596,-0.0022900786003052596
2021-10-11,0.005054014488636694,0.005054014488636694,0.004946561045287557,0.004946561045287557,-0.0011537763274288286,-0.0011537763274288286,-0.0065792800782647305,-0.0065792800782647305
2021-10-12,0.0028114972700950176,0.0028114972700950176,0.002847131318229323,0.002847131318229323,0.00561879701356034,0.00561879701356034,0.0073436552105768564,0.0073436552105768564
2021-10-13,-0.007882733049490796,-0.007882733049490796,-0.005866445828204736,-0.005866445828204736,0.0006321038424667207,0.0006321038424667207,0.010175916767864243,0.010175916767864243
2021-10-14,0.0070594378507510625,0.0070594378507510625,0.008223949772064188,0.008223949772064188,0.004437773377872541,0.004437773377872541,0.004765566902194774,0.004765566902194786
2021-10-17,0.0007545381003677123,0.0007545381003677123,0.004274092122084282,0.004274092122084282,0.0038237237784605875,0.0038237237784605875,0.009105569620899952,0.009105569620899975
2021-10-18,-0.00017523580009505362,-0.00017523580009505362,-0.00020285446519026097,-0.00020285446519026097,0.0016075869417040904,0.0016075869417040904,0.0029742045779246663,0.0029742045779246732
2021-10-19,0.0005039593602188886,0.0005039593602188886,0.001737792557283946,0.001737792557283946,0.00805721797549319,0.00805721797549319,0.018696065827479152,0.018696065827479194
2021-10-20,-0.0028466363302010666,-0.0028466363302010666,-0.002239204838976339,-0.002239204838976339,0.000162689441921839,0.000162689441921839,0.004036403407039451,0.004036403407039458
2021-10-21,-0.0014243642304251937,-0.0014243642304251937,-0.0028103513981859287,-0.0028103513981859287,-0.008025076926809005,-0.008025076926809005,-0.01510660337298321,-0.015106603372983234
2021-10-24,-0.0017102143479412074,-0.0017102143479412074,-0.003025869987290164,-0.003025869987290164,-0.0029012653205809447,-0.0029012653205809447,-0.0039674241445862585,-0.003967424144586265
2021-10-25,0.0023272054578815844,0.0023272054578815844,0.0027786351361616547,0.0027786351361616547,0.004962306524866155,0.004962306524866155,0.008159882178476418,0.00815988217847643
2021-10-26,0.0004111582985094338,0.0004111582985094338,0.000543195799393148,0.000543195799393148,-0.002499763984628309,-0.002499763984628309,-0.004384232503582257,-0.004384232503582263
2021-10-27,-9.350654364173591e-05,-9.350654364173591e-05,-0.001315994300982515,-0.001315994300982515,-0.008621952490893706,-0.008621952490893706,-0.0150230717675415,-0.015023071767541528
2021-10-28,-0.007860904979975186,-0.007860904979975186,-0.006699148503071194,-0.006699148503071194,-0.006723907100789701,-0.006723907100789701,-0.0037965526237759514,-0.003796552623775958
2021-11-01,0.01121051033035711,0.01121051033035711,0.008825008859125173,0.008825008859125173,0.002569347495947865,0.002569347495947865,-0.0060387092687759596,-0.006038709268775969
2021-11-02,-0.0040481340631639195,-0.0040481340631639195,-0.005738542266504287,-0.005738542266504287,-0.011474625652908924,-0.011474625652908924,-0.01667732449817079,-0.016677324498170817
2021-11-03,0.004231594978733479,0.004231594978733479,0.0035462846223761994,0.0035462846223761994,0.0016850363703806047,0.0016850363703806047,-0.0021061574238030885,-0.0021061574238030916
2021-11-04,-9.403804277195076e-05,-9.403804277195076e-05,-0.00010792533561489507,-0.00010792533561489507,0.006636597723029108,0.006636597723029108,0.011195461679309958,0.011195461679309975
2021-11-05,0.002369943898122573,0.002369943898122573,-0.0012278181717461814,-0.0012278181717461814,0.0016430568566395097,0.0016430568566395097,-0.0028258951883247396,-0.0028258951883247435
2021-11-08,-0.0008559384519081416,-0.0008559384519081416,-0.0016390698425253016,-0.0016390698425253016,0.004558663302679709,0.004558663302679709,0.00704167487456032,0.00704167487456033
2021-11-09,-9.752275349350918e-05,-9.752275349350918e-05,0.0026014232098853416,0.0026014232098853416,0.004348306393740776,0.004348306393740776,0.009788096642340038,0.009788096642340052
2021-11-10,-0.003092328651852767,-0.003092328651852767,-0.0037728240187726945,-0.0037728240187726945,-0.0036949503287065366,-0.0036949503287065366,-0.005484369968527237,-0.005484369968527246
2021-11-11,0.013054490267645297,0.013054490267645297,0.009801098859753853,0.009801098859753853,-0.0031631859740525944,-0.0031631859740525944,-0.01614112456640317,-0.016141124566403195
2021-11-12,0.0012943145115890092,0.0012943145115890092,-0.00021324574044360566,-0.00021324574044360566,0.0017240214161943564,0.0017240214161943564,0.00036284714487062024,0.00036284714487062067
2021-11-15,-0.0012630446832349069,-0.0012630446832349069,0.0004192371921749228,0.0004192371921749228,0.0018811560827710274,0.0018811560827710274,0.004602018907433981,0.004602018907433988
2021-11-16,0.005653581378406242,0.005653581378406242,0.0065968370049660115,0.0065968370049660115,0.004788249702611809,0.004788249702611809,0.0032664647613101865,0.0032664647613101904
2021-11-17,0.00443027282900232,0.00443027282900232,0.005451561792347199,0.005451561792347199,-0.001910312582568892,-0.001910312582568892,-0.007014757636545242,-0.007014757636545251
2021-11-18,-0.004476298503526301,-0.004476298503526301,-0.0027253938811801306,-0.0027253938811801306,-0.0021909808182149692,-0.0021909808182149692,0.0008268004606249465,0.0008268004606249477
2021-11-19,-0.0010177344433132628,-0.0010177344433132628,-0.0008893938027221642,-0.0008893938027221642,-0.006933976873090787,-0.006933976873090787,-0.007630955856051445,-0.0076309558560514554
2021-11-22,0.004770944334403832,0.004770944334403832,0.0031556036903340368,0.0031556036903340368,-0.0001571154595000387,-0.0001571154595000387,-0.005413645388048603,-0.005413645388048609
2021-11-23,0.002359860118867062,0.002359860118867062,0.0013809235497791634,0.0013809235497791634,-0.0015590605356254742,-0.0015590605356254742,-0.005066738358276391,-0.005066738358276397
2021-11-24,0.0038438016815752246,0.0038438016815752246,0.0036761741645599164,0.0036761741645599164,0.0017163457569668414,0.0017163457569668414,-0.00035394200880615204,-0.0003539420088061525
2021-11-25,-0.0004322010199501369,-0.0004322010199501369,-0.0021962495956970125,-0.0021962495956970125,-0.0016005608899738906,-0.0016005608899738906,-0.005698205646742873,-0.00569820564674288
2021-11-26,0.0010234985954469696,0.0010234985954469696,0.0005759855232174893,0.0005759855232174893,-0.0076968963870294935,-0.0076968963870294935,-0.012269557620473394,-0.01226955762047341
2021-11-29,-0.015423706570056718,-0.015423706570056718,-0.016986100289809552,-0.016986100289809552,-0.012067560102491104,-0.012067560102491104,-0.008046130639922338,-0.00804613063992235
2021-11-30,0.0001606063177199179,0.0001606063177199179,-0.000783645279153459,-0.000783645279153459,-0.00036857672988353666,-0.00036857672988353666,-0.0009211547217649304,-0.0009211547217649316
2021-12-01,-0.005806026316252525,-0.005806026316252525,-0.00602286061270261,-0.00602286061270261,0.001615997160490175,0.001615997160490175,0.0053595605718079,0.005359560571807907
2021-12-02,-0.001990771521655511,-0.001990771521655511,-0.001724640048558416,-0.001724640048558416,-0.004076310769176928,-0.004076310769176928,-0.003758548692179773,-0.003758548692179777
2021-12-03,0.0023145058739414926,0.0023145058739414926,0.0019464868899790788,0.0019464868899790788,0.004373124600719893,0.004373124600719893,0.0035046074547034627,0.003504607454703468
2021-12-06,-0.001165771896334657,-0.001165771896334657,0.0009945673709925763,0.0009945673709925763,-0.00046351593633430074,-0.00046351593633430074,-0.0025722048406263825,-0.002572204840626386
2021-12-07,0.005274742599637631,0.005274742599637631,0.005130915026973108,0.005130915026973108,0.0059731711733770065,0.0059731711733770065,0.005259582237848892,0.0052595822378489
2021-12-08,0.0013392382299363035,0.0013392382299363035,0.0022496353848550695,0.0022496353848550695,0.0071396149989644605,0.0071396149989644605,0.009704895385739093,0.009704895385739105
2021-12-09,-0.006865342272179205,-0.006865342272179205,-0.006650460972891232,-0.006650460972891232,-0.00500186216674307,-0.00500186216674307,-0.0013151981952380044,-0.0013151981952380062
2021-12-10,0.0020762236733606475,0.0020762236733606475,0.001891723476212031,0.001891723476212031,0.0009320624038342976,0.0009320624038342976,0.0003176528213909839,0.0003176528213909843
2021-12-13,-0.0022236688394644795,-0.0022236688394644795,-0.003848672621946098,-0.003848672621946098,0.0007956802225208884,0.0007956802225208884,0.0018365409067757866,0.001836540906775789
2021-12-14,-0.0032238201429031,-0.0032238201429031,-0.0021176553915671593,-0.0021176553915671593,-0.006395817059942207,-0.006395817059942207,-0.007298016050875627,-0.007298016050875636
2021-12-15,0.0015332589660501247,0.0015332589660501247,0.0011448655883105109,0.0011448655883105109,-0.003391176654797366,-0.003391176654797366,-0.005731772166775674,-0.005731772166775683
2021-12-16,0.001688365127278235,0.001688365127278235,0.0007353986961841685,0.0007353986961841685,0.006899486843730099,0.006899486843730099,0.009720679579516268,0.009720679579516278
2021-12-17,-0.0015170512395659241,-0.0015170512395659241,-0.004056505549870466,-0.004056505549870466,0.001421756702397921,0.001421756702397921,0.0018513492121059463,0.0018513492121059482
2021-12-20,-0.0025991615524976926,-0.0025991615524976926,0.0005049175976569219,0.0005049175976569219,0.0005013425399016511,0.0005013425399016511,0.0011184009122034136,0.0011184009122034149
2021-12-21,-0.004040980474649841,-0.004040980474649841,-0.003981585162990681,-0.003981585162990681,0.0008092747116615307,0.0008092747116615307,0.002736094249509033,0.002736094249509036
2021-12-22,0.0032644405485638232,0.0032644405485638232,0.0015497568581178166,0.0015497568581178166,0.0029407845226915434,0.0029407845226915434,0.0042740768168526904,0.004274076816852695
2021-12-23,0.002565383667726048,0.002565383667726048,-0.00011297176666457808,-0.00011297176666457808,0.005898695843909503,0.005898695843909503,0.006088564038136696,0.006088564038136702
2021-12-24,0.0035274824226586617,0.0035274824226586617,0.0020692556327912602,0.0020692556327912602,0.006207894970889182,0.006207894970889182,0.0054853856601942,0.005485385660194207
2021-12-27,-0.0002970179207778629,-0.0002970179207778629,-0.0002615907964429407,-0.0002615907964429407,0.028536911856361438,0.028536911856361438,0.035409610879286416,0.03540961087928646
2021-12-28,0.00275430592454369,0.00275430592454369,0.0017807836347632545,0.0017807836347632545,-0.028295562055274323,-0.028295562055274323,-0.0313438673615709,-0.03134386736157092
2021-12-29,-0.0013467909126103406,-0.0013467909126103406,-0.0012236223384757229,-0.0012236223384757229,-0.003929353555750152,-0.0039293535557501525,-0.0035209017966026453,-0.003520901796602647
2021-12-30,0.0029384216525443745,0.0029384216525443745,0.0009880360647818208,0.0009880360647818208,-0.00034016278739742393,-0.00034201530909486953,-0.0015988752318239492,-0.0002845220106188479
2021-12-31,0.001343970696109434,0.001343970696109434,0.001581921259812496,0.001581921259812496,0.0028568749626467593,0.0,0.0017258479250653453,0.0
2022-01-03,-0.004904759946541308,-0.004904759946541308,0.0001505856408357027,0.0001505856408357027,-0.0034489294365537943,0.0,-0.0006912832996782088,0.0
2022-01-04,0.00924165552932254,0.00924165552932254,0.004915759673208457,0.004915759673208457,0.0059346624316713075,0.0,0.0005309984103522298,0.0
2022-01-05,0.0019359862003190582,0.0019359862003190582,0.004149119753599494,0.004149119753599494,-0.0011575236605895955,0.0,-0.0018922162493275583,0.0
2022-01-06,0.0017201807796218996,0.0017201807796218996,-0.0032719541682389493,-0.0032719541682389493,0.003383853510360822,0.0,0.0019432118630396285,0.0
2022-01-07,0.0010044157698722834,0.0010044157698722834,0.001984061168168178,0.001984061168168178,0.0037389462001086267,0.0,0.002301364918763758,0.0
2022-01-10,-0.004894047346445908,-0.004894047346445908,0.0009937164324066985,0.0009937164324066985,-0.00014209202924406468,0.0,0.00319313879876531,0.0
2022-01-11,0.0030950546963003527,0.0030950546963003527,0.0026210761698665097,0.0026210761698665097,0.0012489867236360277,0.0,0.0013494760105919386,0.0
2022-01-12,-0.004744657028329142,-0.004744657028329142,-0.0005762305804712378,-0.0005762305804712378,0.00029354401406933887,0.0,0.0026036235926191445,0.0
2022-01-13,-0.01006102256580808,-0.01006102256580808,-0.008517224615322339,-0.008517224615322339,-0.0015429758574080892,0.0,0.004003049120465763,0.0
2022-01-14,-0.0028070007883550987,-0.0028070007883550987,-0.0039044634240161793,-0.0039044634240161793,-0.00481108916463851,0.0,-0.003402252647009725,0.0
2022-01-17,0.004555265243191608,0.004555265243191608,0.004027249578581915,0.004027249578581915,0.005254564635969665,0.0,0.0015994986960360914,0.0
2022-01-18,-0.0012422349237533842,-0.0012422349237533842,0.001597117663107217,0.001597117663107217,0.0010096231336292796,0.0,0.0011989626003876327,0.0
2022-01-19,0.002108524352820479,0.002108524352820479,0.0056631014973339,0.0056631014973339,-0.002379032279134602,0.0,-0.003645712841604784,0.0
2022-01-20,-0.0024302889765970117,-0.0024302889765970117,-0.004213746025922225,-0.004213746025922225,0.0009643918755615057,0.0,0.0022796383562154066,0.0
2022-01-21,-0.002159100107012606,-0.002159100107012606,-0.0012705679411328936,-0.0012705679411328936,0.0010865920053494626,0.0,0.0015962660407019271,0.0
2022-01-24,-0.0019925534975655367,-0.0019925534975655367,-0.00564199800308407,-0.00564199800308407,-8.646636556113033e-05,0.0,-0.0010886535320408007,0.0
2022-01-25,0.002124674930732714,0.002124674930732714,-0.0002010095283308535,-0.0002010095283308535,-0.0030637229965434056,0.0,-0.0044912212817974796,0.0
2022-01-26,0.0012116626240450878,0.0012116626240450878,0.0013767938357601155,0.0013767938357601155,0.001653342694529958,0.0,0.0014042466800365363,0.0
2022-01-27,0.007944855987705002,0.007944855987705002,0.005892351763316537,0.005892351763316537,0.00318013955653156,0.0,-0.0010219934653950765,0.0
2022-01-28,0.010838939827026375,0.010838939827026375,0.010288688670488322,0.010288688670488322,0.005953454469628388,0.0,-0.0016537392379381705,0.0
2022-01-31,0.0007281999987569198,0.0007281999987569198,-0.0007647027156443271,-0.0007647027156443271,-0.003069175325132852,0.0,-0.0046302101304844506,0.0
2022-02-01,-0.005198626712559239,-0.005198626712559239,-0.005444091616972405,-0.005444091616972405,0.003486592735030046,0.0,0.009673638041488315,0.0
2022-02-02,-0.0025425750503296363,-0.0025425750503296363,-0.001296158792389357,-0.001296158792389357,0.0008944209093192355,0.0,0.007167609484095016,0.0
2022-02-03,-0.0010223897005456734,-0.0010223897005456734,0.0003478835362149095,0.0003478835362149095,-0.0030327793620098555,0.0,-0.0012168602013808735,0.0
2022-02-04,-0.000541085393476511,-0.000541085393476511,-0.003146744366057153,-0.003146744366057153,0.0015207563523615699,0.0,0.006882966737797638,0.0
2022-02-07,-0.0008736548170413473,-0.0008736548170413473,-0.0021825047489668122,-0.0021825047489668122,-0.005298955774095001,-0.005902036925383285,-0.007583177085144902,-0.008459559172765665
2022-02-08,0.0005337018232873175,0.0005337018232873175,0.0006207076827240929,0.0006207076827240929,-0.0002589372229170751,-0.00027135402835534186,0.00035227852761914,0.00038138731805352776
2022-02-09,0.0016743995251434145,0.0016743995251434145,0.0006193373613732015,0.0006193373613732015,0.002703835714809331,0.0028215297177388663,0.002388343056725612,0.002587127789455182
2022-02-10,0.000521413568703864,0.000521413568703864,0.00029909824432127743,0.00029909824432127743,0.0032434517583891562,0.003386775153614497,0.0042272548048094966,0.004575508899107586
2022-02-11,0.0014502818114728875,0.0014502818114728875,-0.00023465490647789832,-0.00023465490647789832,0.006481207087793878,0.006773474001156666,1.5883050147112388e-05,1.7168664895188185e-05
2022-02-14,0.0003632244102776966,0.0003632244102776966,0.0024166877571820057,0.0024166877571820057,-0.0011589733277335632,-0.001208366133738962,-0.0017644459717781166,-0.001907289038311058
2022-02-15,-0.00041969114474996573,-0.00041969114474996573,-0.0002839579663260264,-0.0002839579663260264,0.002579149911400265,0.0026903439463241375,0.0009417081894389863,0.0010179816659314903
2022-02-16,-0.0001715003951308394,-0.0001715003951308394,-0.0006304618904838302,-0.0006304618904838302,-0.0009270797767125247,-0.0009671650823032947,0.0009963345298079343,0.0010766208132183602
2022-02-17,-0.0011179324888837144,-0.0011179324888837144,-0.00023385459464503886,-0.00023385459464503886,0.0020625953938912477,0.0021520773382724843,0.00434549789889174,0.004694482240856992
2022-02-18,-0.0007779932420558354,-0.0007779932420558354,0.0013480328953350221,0.0013480328953350221,0.00037776508389667017,0.00039401462865587636,5.5684331442077516e-05,6.0064615077802086e-05
2022-02-21,0.0012923884969720289,0.0012923884969720289,0.001092311486930059,0.001092311486930059,-0.000646080623660008,-0.0006646780346142318,-0.0038526490330643907,-0.004160822464850103
2022-02-22,-0.003634096451128411,-0.003634096451128411,-0.0027107810570156706,-0.0027107810570156706,-0.0031331154021452174,-0.0031331154021452174,-0.002651772476927201,-0.0028650047367015596
2022-02-23,0.003702712779395268,0.003702712779395268,0.0021932742878872868,0.0021932742878872868,0.004912182618546625,0.004912182618546625,0.008490547148948736,0.009173971434510285
2022-02-24,-0.0001995435656228893,-0.0001995435656228893,0.0006253977648960579,0.0006253977648960579,0.00010380734796047622,0.00010389757962738415,-0.0006378034870269387,-0.000687305662818239
2022-02-25,0.0016349403248899458,0.0016349403248899458,-0.0010231834313805294,-0.0010231834313805294,-0.005258783963179926,-0.005258783963179926,-0.014341864333330805,-0.015453865782836843
2022-02-28,0.0014163958478145481,0.0014163958478145481,0.0015899488137970878,0.0015899488137970878,0.0029784316231773363,0.0029816727000831216,0.0010632927957766995,0.0011414165104524393
2022-03-01,-0.002433294827324824,-0.002433294827324824,-0.0006476138679732462,-0.0006476138679732462,0.0019280642482795904,0.0019314119972923672,0.006532304150273239,0.007009501812039209
2022-03-02,-0.0019815270401981923,-0.0019815270401981923,-0.0012492186991375266,-0.0012492186991375266,-0.006868384670005744,-0.006868384670005744,-0.006447340910541935,-0.006908754017859964
2022-03-03,0.008009307740296703,0.008009307740296703,0.006355314684957919,0.006355314684957919,0.014061077517160426,0.014061077517160426,0.004678953444164665,0.005025230606180202
2022-03-04,-0.002736308017413377,-0.002736308017413377,-0.0029995385644999207,-0.0029995385644999207,0.000838789201338373,0.0008640865664309365,6.441297448836349e-06,6.906877785338274e-06
2022-03-07,0.0014026520667582503,0.0014026520667582503,0.003903599402692693,0.003903599402692693,-0.0025337033843611666,-0.002610115813049498,-0.007238419490709374,-0.007761903147249414
2022-03-08,-0.00013720537017673166,-0.00013720537017673166,-0.002001767470016345,-0.002001767470016345,-0.005362053017580647,-0.005536932804077735,-0.008078333357760528,-0.008660932898443824
2022-03-09,-0.003511819185323287,-0.003511819185323287,-0.0056113497582399,-0.0056113497582399,-0.0001903919799026804,-0.00037127561408475203,0.002538447515000691,-0.00023313800024649884
2022-03-10,0.001103552557759239,0.001103552557759239,0.000477776421967781,0.000477776421967781,0.005132539571977484,0.0,0.012653769617640162,0.0
2022-03-11,0.005727979020291806,0.005727979020291806,0.005516170898161978,0.005516170898161978,0.002546147127253368,0.0,-9.29844956519742e-05,0.0
2022-03-14,0.007025739405185673,0.007025739405185673,0.0023849564645596075,0.0023849564645596075,0.005065955610003483,0.0,-0.0026682188012046833,0.0
2022-03-15,0.0013573262682364615,0.0013573262682364615,-0.0013494029095079672,-0.0013494029095079672,-0.005071307114136372,0.0,-0.004669960192350712,0.0
2022-03-16,0.004631312799159749,0.004631312799159749,0.005088481721383821,0.005088481721383821,0.004922531496962306,0.0,0.004032802941942793,0.0
2022-03-17,0.00483903418500348,0.00483903418500348,0.003200674575649821,0.003200674575649821,0.006297228653921907,0.0,0.011827372710776926,0.0
2022-03-18,-0.005912609720070734,-0.005912609720070734,-0.005284569553171467,-0.005284569553171467,0.0014203355644430624,0.0,0.005391309109762236,0.0
2022-03-21,0.003245679589684624,0.003245679589684624,0.0005060099654549143,0.0005060099654549143,0.004689392201674993,0.0,0.0016247749221257972,0.0
2022-03-22,0.0031957376562408452,0.0031957376562408452,0.0023339594894925004,0.0023339594894925004,0.004804887777648444,0.0,0.0007652692963227174,0.0
2022-03-23,0.004161536434887399,0.004161536434887399,0.0048484194914956156,0.0048484194914956156,0.004259830283567072,0.0038791707025838053,0.009571589526809483,0.013783131339480658
2022-03-24,0.0027156457995994527,0.0027156457995994527,-0.0032476252354320927,-0.0032476252354320927,0.0061679794817735886,0.0061679794817735886,0.003741417187178383,0.005416578121485487
2022-03-25,0.0031555927566393137,0.0031555927566393137,-0.001357097476416933,-0.001357097476416933,0.007860908287762373,0.007860908287762373,0.0073376381910418296,0.010542149874807607
2022-03-27,0.001496941882240665,0.001496941882240665,0.0020503368512007087,0.0020503368512007087,0.0021493452160185338,0.0021493452160185338,0.0004020038649324301,0.0005683386759066225
2022-03-28,0.00015988668350252902,0.00015988668350252902,-0.00550434239794306,-0.00550434239794306,-0.002881810178195657,-0.002881810178195657,-0.0091230424116333,-0.01288587459208744
2022-03-29,-0.0031853651052788454,-0.0031853651052788454,-0.003722965638698335,-0.003722965638698335,-0.0007576895272592581,-0.0007576895272592581,0.007285430546596673,0.010173035899508501
2022-03-30,-0.00771480191682063,-0.00771480191682063,-0.0023802671394880766,-0.0023802671394880766,-0.0025648373366771397,-0.0025648373366771397,0.005272064239393149,0.0072370690358579525
2022-03-31,0.000502761178152302,0.000502761178152302,0.0016657557473538376,0.0016657557473538376,-0.004676878831828993,-0.004676878831828993,-0.011928347027555032,-0.016242890938533334
2022-04-03,0.001889340931815267,0.001889340931815267,-0.0013095054263828599,-0.0013095054263828599,0.0013019275379983924,0.0013019275379983924,-0.0008109922817272758,-0.0010841307275771379
2022-04-04,0.004657159669339404,0.004657159669339404,0.0046151406177348826,0.0046151406177348826,0.008063322758965262,0.008063322758965262,0.0061629982949051015,0.008225019843178586
2022-04-05,0.003735290448036585,0.003735290448036585,0.000902687624458611,0.000902687624458611,-0.0033032050851396055,-0.0033032050851396055,-0.0061315331628610924,-0.008108666801484747
2022-04-06,0.0016563538847981535,0.0016563538847981535,0.0016547088629455693,0.0016547088629455693,-0.0007588680925199544,-0.0007588680925199544,-0.004475438138675431,-0.00589382125519548
2022-04-07,0.002347569956177178,0.002347569956177178,0.0012246418619048685,0.0012246418619048685,0.0003128620552218627,0.0003128620552218627,-0.0012918665867387741,-0.0016931657458073377
2022-04-10,-0.0019216276487667046,-0.0019216276487667046,-0.0034131116269528854,-0.0034131116269528854,0.003930722386451435,0.003930722386451435,0.0033652672579304217,0.004390732575020134
2022-04-11,0.0010025560649502866,0.0010025560649502866,-0.0032066267301400324,-0.0032066267301400324,0.002738100597638915,0.002738100597638915,-0.0018689391479112833,-0.0024298554445750095
2022-04-12,0.0021731456568831855,0.0021731456568831855,0.0027517072701222674,0.0027517072701222674,0.005924362169602481,0.005924362169602481,0.006348690920506736,0.008256392639359178
2022-04-13,0.0006328570983735729,0.0006328570983735729,0.0008870359606958549,0.0008870359606958549,-0.00013681593133420798,-0.00013681593133420798,0.001757220401388297,0.0022532232670859167
2022-04-14,0.008347268371676285,0.008347268371676285,0.006533332470590864,0.006533332470590864,0.0018063348632102062,0.0018063348632102062,-0.00464006949451823,-0.005938539208677007
2022-04-17,0.00021896772425054634,0.00021896772425054634,-0.001490897142915098,-0.001490897142915098,0.0006210270693897336,0.0006210270693897336,-0.0021240957285153473,-0.0027154107406111307
2022-04-18,0.003574168210363539,0.003574168210363539,0.0022675987852600775,0.0022675987852600775,0.0035702445232444332,0.0035702445232444332,-0.0008210746715592266,-0.0010492177815531272
2022-04-19,0.009046130320278043,0.009046130320278043,0.0017546326855798656,0.0017546326855798656,-0.004228722965762368,-0.004228722965762368,-0.006117323804807708,-0.0077592372580247105
2022-04-20,-0.002783602113704036,-0.002783602113704036,0.0018487540410759454,0.0018487540410759454,-0.004500420623944108,-0.004500420623944108,0.0021755232825112045,0.002754168735873128
2022-04-21,0.00040070843914795005,0.00040070843914795005,-0.001082121275150988,-0.001082121275150988,-0.00889316883673432,-0.00889316883673432,-0.014549943425629996,-0.018377516754986157
2022-04-24,-0.008272481339153625,-0.008272481339153625,-0.010425064903882546,-0.010425064903882546,-0.006968207290170013,-0.006968207290170013,-0.0057356108873007385,-0.00711311873695364
2022-04-25,0.002564396420530871,0.002564396420530871,0.006332440070571117,0.006332440070571117,-0.003566323675974919,-0.003566323675974919,-0.016591094373126527,-0.020432632836091782
2022-04-26,-0.005395430188415326,-0.005395430188415326,-0.004430507517556286,-0.004430507517556286,-0.008004340944123086,-0.008004340944123086,-0.012056355730047194,-0.014265688264101826
2022-04-27,0.009835828583546001,-0.00014943842627766746,0.007036691250767908,-0.00016071490995796565,0.002820714634180576,0.002820714634180576,-0.002121260780817448,-0.0024631451477558097
2022-04-28,-0.002622994756116144,0.0,-0.0030669462630878814,0.0,-0.0071547949286820955,-0.0071547949286820955,-0.007886795162440601,-0.009162376941898077
2022-05-01,0.007008377021230424,0.0,0.001872613667273111,0.0,0.008560483788136019,0.008560483788136019,0.004084227098209179,0.004681535361758393
2022-05-02,-0.0011363174566186385,0.0,-0.0017209100995080155,0.0,-0.005308240917398221,-0.005308240917398221,-0.007950829243173203,-0.009097617975442857
2022-05-03,-0.0016752319017790166,0.0,-0.0019765858616946743,0.0,0.007317807572466696,0.007317807572466696,0.009569384381497776,0.010940804100516711
2022-05-04,-0.003077219989229719,0.0,-0.0001653602434536338,0.0,0.00742326149309995,0.00742326149309995,0.018025877489352613,0.020444977413146777
2022-05-05,0.0006323702269945982,0.0,-0.003552292650261617,0.0,-0.012330575161089586,-0.012330575161089586,-0.02339281172117739,-0.02599666511828886
2022-05-08,0.0009425603568206031,0.0,-0.0005146747941445738,0.0,-0.0010995719063709927,-0.0010995719063709927,-0.003104391749856344,-0.0033955046406761308
2022-05-09,-0.0025558036424940885,0.0,-0.0015661254532963714,0.0,-0.007201428455990359,-0.007201428455990359,-0.008096246822967904,-0.008856883663749386
2022-05-10,-9.776627327673891e-05,0.0,-3.1171464424494064e-05,0.0,-0.0009163246439920459,-0.0009163246439920459,-0.0013992257953780657,-0.0015306635097058804
2022-05-11,-0.002524367125123531,0.0,-0.0009826827057228243,0.0,-4.469999133054482e-05,-4.469999133054482e-05,-0.0008785817098894943,-0.000961732155206594
2022-05-12,0.004048988734719416,0.0,0.009509279281145259,0.0,0.003943035377399621,0.003943035377399621,-0.00046933697675799105,-0.0005147970951838082
2022-05-15,0.005584034372544807,0.0,0.003216045522386691,0.0,0.0035396010042094035,0.0035396010042094035,0.004141976126112955,0.00454388353133937
2022-05-16,0.002363240920565242,0.0,0.004706582734865462,0.0,0.002819362207046306,0.002819362207046306,0.003180296475906127,0.003479808764192173
2022-05-17,-0.00292178774405637,0.0,-0.0034255777648911617,0.0,0.002540951882740219,0.002540951882740219,0.009185890295333449,0.010032451894942776
2022-05-18,-0.010155698080174585,0.0,-0.007951941042003308,0.0,-0.016638635834587443,-0.016638635834587443,-0.014129662677157503,-0.015401365539584827
2022-05-19,-0.004063680657820247,0.0,-0.00443725545035417,0.0,0.007962024313400515,0.007962024313400515,0.009797814500383903,0.010640774152217673
2022-05-22,0.0037897531983255564,0.0,0.00412684843632466,0.0,0.0037643930488915193,0.0037643930488915193,0.002895732656498196,0.0031307138097367345
2022-05-23,-0.004225763145294948,0.0,-0.004724060391595562,0.0,-0.003042591870727857,-0.003042591870727857,0.002589977955434612,0.0027979372685396965
2022-05-24,-0.011033692869800086,0.0,-0.008677354562622861,0.0,-0.0037091559701971895,-0.0037091559701971895,0.0024411387704680243,0.0026414379146327614
2022-05-25,0.008414400901461533,0.0,0.008289341180576615,0.0,0.006773709536568939,0.006773709536568939,0.0009631207380736563,0.0010409114008284037
2022-05-26,-0.0011962443907302996,0.0,-0.0009916787135477154,0.0,0.0023290555756794317,0.0023290555756794317,0.0024066923682580744,0.002604573530668424
2022-05-29,0.002233970796377417,0.0,0.0016449050253489763,0.0,0.006743691436800269,0.006743691436800269,0.006680004559296151,0.007223234593450028
2022-05-30,0.002859770628161176,0.0,0.0013594334110235157,0.0,0.0034638324264257684,0.0034638324264257684,0.004084511021797764,0.004401699831657195
2022-05-31,-0.00033940014384762685,0.0,-0.0004127922313142945,0.0,-0.0023970706981692467,-0.0023970706981692467,-0.0032558964859871137,-0.003503579253804679
2022-06-01,0.004486815959974854,0.0,0.011485147076966703,0.0,0.001207597061148857,0.001207597061148857,0.004408144931176358,0.004740305757405075
2022-06-02,0.010525802583803638,0.0,-0.004884134297757994,0.0,0.011128606497256971,0.011128606497256971,0.0032812181376667307,0.0034283131326569593
2022-06-05,-0.004740968991111401,0.0,0.006723834718876144,0.0,-0.004656103906377241,-0.004656103906377241,-7.405893275739562e-05,-7.733206073458376e-05
2022-06-06,0.009078905602473882,0.0,0.011563256348752275,0.0,0.008731035416003117,0.008731035416003117,0.006039384012935851,0.006298459018170989
2022-06-07,0.008236132673824535,0.0,0.0025638530718352114,0.0,0.005103674231215809,0.005103674231215809,0.0019938789013869145,0.0020677303947041785
2022-06-08,0.00023441180957888615,0.0,0.00682112911314553,0.0,0.0019956014199669714,0.0019956014199669714,0.0034098101750223973,0.003525115655783343
2022-06-09,-0.011132913607430486,0.0,0.0011398445675173696,0.0,-0.012464144064459278,-0.012464144064459278,-0.003337396077541224,-0.0033600380201742113
2022-06-12,-0.008225656425323451,0.0,0.0103429326537397,0.0,-0.011382148618763941,-0.011382148618763941,-2.2675581101316594e-05,-2.2693493967990404e-05
2022-06-13,-0.012060921104096447,0.0,0.002110904896943876,0.0,-0.024787245336528,-0.024787245336528,-0.013996122495228856,-0.01399809816987873
2022-06-14,-0.01269174203416469,0.0,-0.0019625444447868273,0.0,-0.009441001718489293,-0.009441001718489293,-0.0011163870022156607,-0.0011163870022156614
2022-06-15,0.017612383737521067,0.0,-0.00466330791087599,0.0,0.020186383260468104,-0.00033205762058071396,0.008186653040810172,-0.00012897110954724944
2022-06-16,-0.019044523442658185,0.0,-0.022263848778339305,0.0,-0.01706923765494408,0.0,-0.013449567683158215,0.0
2022-06-19,0.006759014486621794,0.0,0.014967988369133158,0.0,0.0050308606856763975,0.0,0.0064806897845288685,0.0
2022-06-20,0.0004887939892400044,0.0,-0.002787511680421015,0.0,0.0006954281312420201,0.00046953315239315604,-0.0012083214381833497,-0.001413835447598868
2022-06-21,0.0048860461202614525,0.0,0.005316250727166362,0.0,0.006516710906783148,0.007579965490392644,0.004238191717500747,0.004509530579672449
2022-06-22,-0.013317236880395975,0.0,-0.006323797047640008,0.0,-0.007317100936484334,-0.00847710644333716,-0.002849235750780508,-0.0030321346068940607
2022-06-23,-0.001393399646503327,0.0,-0.0018949635815963413,0.0,-0.0006569641252321561,-0.0007589104669180862,-0.0004444217957680099,-0.000473134629492713
2022-06-26,0.004915028707060165,0.0,-0.0005276642773724275,0.0,0.008107601165838755,0.009371160392784671,0.003099122154458848,0.003304283991627281
2022-06-27,-0.0019072800196187462,0.0,0.0012264347097230702,0.0,-0.0015615959592288327,-0.0017955456562804993,-0.001432212780887655,-0.001526396161320516
2022-06-28,-0.003014993328014071,0.0,0.0020132134562887,0.0,-0.006643353109477337,-0.007665234134162103,-0.005281441868423676,-0.005632706680727164
2022-06-29,-0.0007964650922282974,0.0,0.004849102285701748,0.0,-0.0020151329180175676,-0.002320204023886579,-0.00017406454816486233,-0.0001855978881967728
2022-06-30,0.00018172678683236212,0.0,-0.003461721835534268,0.0,0.0011387428871329672,0.001311037196296175,-0.0013353487207558507,-0.0014240609110497363
2022-07-03,-0.004293680604948873,0.0,0.000566371185836877,0.0,-0.002408260667928766,-0.0027720803148523327,-0.002009976230113584,-0.0021434841910408474
2022-07-04,0.007868514073484873,0.0,0.00558231079447668,0.0,0.004351651012856001,0.005014037868103987,0.0009968081200251318,0.001063271711113207
2022-07-05,0.0011228493459131271,0.0,0.007284812651482226,0.0,-0.006169051162889023,-0.007098866347412008,-0.0020679296035509918,-0.0022056310651486877
2022-07-06,0.0046215083841982035,0.0,0.006372200748467563,0.0,-0.002592889408189611,-0.0029849797767273144,-0.0018690517271902126,-0.0019950672549038794
2022-07-07,0.005850414960365048,0.0,0.0027906397028407723,0.0,0.006587675052348074,0.007583370134329036,0.004525456510532214,0.004831084878170485
2022-07-10,0.0031816670022260713,0.0,0.004250064943867874,0.0,0.002546338998599135,0.002920643366546444,0.002000207148414593,0.002133855282485979
2022-07-11,0.003282213951045919,0.0,0.011637829614083165,0.0,-0.006742029204855196,-0.007727523073188381,-0.004129861245380179,-0.004404905798679211
2022-07-12,0.0002743705153659397,0.0,6.497066692107464e-05,0.0,-0.0028086269091740063,-0.0032157253607606614,-0.0004897125050842799,-0.0005221524534029394
2022-07-13,-1.948692788737811e-05,0.0,0.0010552472758279005,0.0,0.0027640039449925674,0.003164964015627615,0.001445417052977825,0.0015417394348322196
2022-07-14,0.005490454767695791,0.0,0.005161154976043971,0.0,0.00044382003494808906,0.0005078605596938025,0.0012188672859275052,0.0013001103696034196
2022-07-17,0.0011953193621784266,0.0,-0.0029421001636504257,0.0,0.003778989433791364,0.004333300916228897,0.0022208486468527026,0.0023755824847423177
2022-07-18,-0.005098237479556558,0.0,-0.005994414451009508,0.0,-0.002411494547377479,-0.002764830157603893,-0.0018852709949366423,-0.0020171220996837253
2022-07-19,0.005013010999763616,0.0,-0.00021203180355438677,0.0,0.0027589455464551707,0.0031634475593787055,-0.0014522002987557264,-0.00156155729942058
2022-07-20,0.003260111080319846,0.0,0.004816326857882861,0.0,-0.00016752929580998464,-0.00019231541078809636,0.0009716740203925387,0.0010482350246622067
2022-07-21,-0.004783995462011357,0.0,-0.008449434109760675,0.0,-0.002868092232033059,-0.003294248840790486,-0.0034621474011637897,-0.0037351967523145866
2022-07-24,-0.0056065771313394365,0.0,-0.0055883743542980945,0.0,0.0028603210644098077,0.003289631241020939,0.0028444363195157503,0.003072375649288296
2022-07-25,0.00440453729737215,0.0,0.0020208286851568537,0.0,0.004187798931163168,0.004830633353670636,0.002075229937054987,0.0022418599232828587
2022-07-26,0.0032141910521820117,0.0,0.004220810297876189,0.0,0.0022247626299750126,0.0025642350403896176,0.0009874807328974229,0.00106844037330584
2022-07-27,-0.005776359489869221,0.0,-0.010551530138223738,0.0,0.0019631272716263857,0.002267969055913663,0.00015667732096638734,0.00016994923499465196
2022-07-28,-0.0032728732760504303,0.0,-0.0044669333928756315,0.0,0.0007858055230039854,0.0009102242921174828,0.0011114030913627754,0.001219375357676078
2022-07-31,-0.0016466117866039177,0.0,6.044160832909129e-05,0.0,-0.0026329846743618768,-0.0030692598152743614,-0.0024949405125948053,-0.0028305144959389857
2022-08-01,-0.005552786938828428,0.0,-0.017667895751087136,0.0,-0.0012042676182705565,-0.0014033601542179266,-0.005228768491218892,-0.0059359752355392596
2022-08-02,-0.006365179169664309,0.0,0.009905158351735822,0.0,-0.013058544162035205,-0.01525051624996896,-0.0074505142105417725,-0.0085055724594449
2022-08-03,0.00955166604654806,0.0,0.008121166411912809,0.0,0.01006581861156001,0.011625120254694058,0.009958113153948971,0.011328345752788868
2022-08-04,-0.0070049273692666695,0.0,-0.010907171913653925,0.0,-0.00221269293209911,-0.00253585412381549,-0.0008027166502086164,-0.0009082709509797702
2022-08-07,0.0013890137891120428,0.0,0.012462041014107956,0.0,-0.0031022061071377736,-0.0035578123724612815,0.002656892106605452,0.0030061813622164557
2022-08-08,0.0068559480633007455,0.0,0.0004711209325511654,0.0,0.00835433575779708,0.009585063245688051,0.004123296211000904,0.004670784276907572
2022-08-09,-0.0026794186481007283,0.0,-0.00034968530137671094,0.0,3.412589887777529e-05,3.8966108642639006e-05,0.0012899027293799517,0.0014611863806079323
2022-08-10,0.007004622415007601,0.0,-0.009657899234605302,0.0,0.013219172414742606,0.015100215446608648,0.0046781992528953445,0.005345909878065873
2022-08-11,0.002450976995683994,0.0,0.0024006983920747396,0.0,0.0016510020572590928,0.0018816357213656796,0.0012106699403504847,0.0014245216879123248
2022-08-14,0.002459117236130577,0.0,0.006721970863368445,0.0,0.0037824586306011813,0.004321099861214538,0.005289447295189131,0.006342989621002807
2022-08-15,-0.011564968901810984,0.0,-0.0018859118507568154,0.0,-0.008023790801830388,-0.009162582943222804,-0.0031371654659304725,-0.0037599818484830207
2022-08-16,0.00633969038618987,0.0,0.004279692228188216,0.0,0.004218948206210041,0.004801008045197327,0.0026229629183576056,0.003143781820932435
2022-08-17,-0.010450282226479937,0.0,-0.002493176508118161,0.0,-0.009548898950645581,-0.01085642422748151,-0.008252612771039768,-0.009897901041858883
2022-08-18,-0.0017481594395063996,0.0,0.007387273520300703,0.0,-0.0032133193092721236,-0.003641539441667508,-0.0034221632184735337,-0.004077839759352247
2022-08-21,-0.0023037107559230885,0.0,0.007870347213208135,0.0,-0.0036858645099990817,-0.004176614771127896,0.00028701785531574985,0.0003420049026520603
2022-08-22,0.004435234817040113,0.0,0.008690209416521016,0.0,0.005395723229458048,0.006122900335466034,0.008126012560937047,0.009782303625416868
2022-08-23,0.005900508893863812,0.0,-0.0009024180563423938,0.0,0.006041924580887452,0.006845190400179738,0.0019565408756243977,0.0023500951889133094
2022-08-24,-0.0022143590446230045,0.0,0.001370031426629766,0.0,-6.18263825535418e-05,-6.986617009158779e-05,0.0027266278629956417,0.003282341390636231
2022-08-25,0.004695156918470234,0.0,-0.0004803827886298946,0.0,0.0026828629508254278,0.003032090327967193,-0.0004649626545028199,-0.000562101416966464
2022-08-28,-0.016245585510415286,0.0,-0.002889062136734159,0.0,-0.011611789825068785,-0.013177469298581351,-0.005219907231099067,-0.006327187664387738
2022-08-29,0.009804589135253856,0.0,0.007069257584219521,0.0,0.008773431405978686,0.00989258544321056,0.008381390825026943,0.010133151346516208
2022-08-30,-0.006054728666812201,0.0,0.0005309124721243988,0.0,-0.0075638402353503395,-0.008509271246465631,-0.004437911767777111,-0.005376160896064514
2022-08-31,-0.0016740887748048026,0.0,0.0044525410916204326,0.0,-0.002985975211035713,-0.0033547144170529377,-0.0021949278578819874,-0.0026573451382926627
2022-09-01,0.00627519310524863,0.0,0.005567333952353258,0.0,-0.0006933873227974843,-0.0007790997398596448,0.006825552205365961,0.008288222406101794
2022-09-04,0.0063025233955210005,0.0,0.00724515689230798,0.0,0.005380137224885868,0.006067667606568659,0.007162286205862576,0.008671401261151452
2022-09-05,-0.0061170120895998594,0.0,-0.005841795922623297,0.0,-0.00012572609169206434,-0.0001419496790510624,-0.0017996412545669346,-0.0021675403743165807
2022-09-06,0.012880733350208486,0.0,0.009799432762066691,0.0,0.002776940167728065,0.003204673665853501,0.0070335332218829545,0.008965755569064142
2022-09-07,-0.0027801774215820275,0.0,-0.0018815263718629986,0.0,-0.001022871541977839,-0.0011849311784626543,-0.003545241662683818,-0.0044959078146109424
2022-09-08,-0.0034633696824915017,0.0,-0.0029390474516212224,0.0,-0.005374748614500388,-0.005800555532207442,-0.00947473706978293,-0.011499061673222016
2022-09-11,-0.013382488088073251,-0.01405134343185173,-0.009696068018041227,-0.010362300058565244,-0.0021920070329423955,-0.002206609159473236,-0.006974177121628546,-0.007253330415764744
2022-09-12,-0.006825088766545726,-0.007295068906880148,-0.0048702669628797835,-0.005071218483003009,-0.0031658345922593516,-0.003165834592259351,-0.005180538041490072,-0.005180538041490085
2022-09-13,0.014317429815799447,0.015449252412852853,0.006771773260955543,0.007082335136910155,0.0004749449565507518,0.00047494495655075173,0.012337914665040355,0.012337914665040384
2022-09-14,-0.0003047918432324511,-0.00034159344258475,0.0002498322944441685,0.00026222724807257157,0.00011962421757213429,0.00011962421757213421,0.000981219650488513,0.0009812196504885157
2022-09-15,-0.002475894527128366,-0.0001562378978855708,-0.007602331803016597,-0.00015237010663556562,-0.005796857167330147,-0.005796857167330144,-0.006244093631044468,-0.006244093631044483
2022-09-18,-0.0017852263466584261,0.0,0.0006829043753457251,0.0,-0.0011602062703224547,-0.001160206270322454,-0.002796484886002058,-0.002796484886002065
2022-09-19,-0.0007406455395548851,0.0,-0.0004050006332450864,0.0,0.0011621357867284922,0.0011621357867284922,0.005489620257852207,0.005489620257852222
2022-09-20,-6.561593786325266e-05,0.0,-0.002855069788039405,0.0,-0.0019871876903985114,-0.0019871876903985106,0.006015870144138072,0.006015870144138086
2022-09-21,0.010466222933146238,0.0,0.006508252487350233,0.0,0.00986015202172651,0.009860152021726507,0.01718756412775712,0.017187564127757165
2022-09-22,-0.0035693095142660426,0.0,-0.0017948076010019666,0.0,0.00016028676330805068,0.00016028676330805063,0.002566245875465698,0.002566245875465703
2022-09-25,0.024697230916816627,0.0,0.021911924234227245,0.0,0.007949703108351242,0.007949703108351238,0.007124925532056398,0.007124925532056414
2022-09-26,0.0039788891272524605,0.0,0.0013269477862472726,0.0,-0.004997605914317392,-0.0049976059143173905,0.004854473132258011,0.00485447313225802
2022-09-27,0.0026032567811292294,0.0,0.0006722258634332315,0.0,0.003942267956212745,0.003942267956212743,0.0054522655093138875,0.005452265509313899
2022-09-28,-0.011342615594099329,0.0,-0.009629059191459517,0.0,-0.004935726296501644,-0.004935726296501642,-0.009816137713396027,-0.009816137713396048
2022-09-29,-0.014719372165309483,0.0,-0.01802716006820537,0.0,-0.013453964929662436,-0.013453964929662433,-0.010721682618003506,-0.010721682618003527
2022-10-02,0.002881895527042059,0.0,-0.002146294325362067,0.0,-0.004319628630923174,-0.004319628630923172,0.004315743620068001,0.0043157436200680094
2022-10-03,0.0002897191583204762,0.0,0.005409122537788337,0.0,0.010859526333877143,0.010859526333877137,0.009059391179967792,0.009059391179967811
2022-10-04,-0.011239148497676465,0.0,-0.013174475680209456,0.0,-0.0067715006786406625,-0.006771500678640659,-0.019055604001243284,-0.01905560400124332
2022-10-05,0.00751703444515589,0.0,0.009135128119461135,0.0,0.0034902972335104903,0.0034902972335104886,0.0037073104185474035,0.00370731041854741
2022-10-06,0.008584394998399759,0.0,0.004664203681922227,0.0,0.0029247780146202476,0.002924778014620247,0.012707366892336463,0.012707366892336484
2022-10-09,0.006136153771676122,0.0,0.004894773244336332,0.0,0.006345022595312674,0.00634502259531267,0.0066746581476906,0.006674658147690612
2022-10-10,0.0035360589638602983,0.0,-0.0001390172938319123,0.0,0.00637475532255264,0.006374755322552639,0.0077799465565106,0.007779946556510614
2022-10-11,0.0045967960869985145,0.0,0.003978008956451846,0.0,0.0007560971893764378,0.0007560971893764374,-0.0017995723450561546,-0.0017995723450561572
2022-10-12,-0.0014366302899387364,0.0,-0.001118262012973774,0.0,-0.002364262555737293,-0.0023642625557372928,0.0008876509010352932,0.0008876509010352946
2022-10-13,-0.0027700244804828474,0.0,-0.0019939369515679845,0.0,0.0009697854349826526,0.0009697854349826522,-0.00017978773296731268,-0.000179787732967313
2022-10-16,0.0038384017351495046,0.0,5.4696410644966286e-05,0.0,0.0017184083848838668,0.0017184083848838666,0.004978025387538868,0.0049780253875388765
2022-10-17,-0.00420734417439632,0.0,-0.0005930339556185158,0.0,-0.0005211506706526027,-0.0005211506706526027,-0.006305273136260493,-0.006305273136260504
2022-10-18,0.0006801189787960164,0.0,0.001946873135975879,0.0,-0.0017967327159349334,-0.0017967327159349332,-0.003389003677360643,-0.0033890036773606483
2022-10-19,0.011361257146815861,0.0,0.01106193269199567,0.0,0.007354377736529899,0.0073543777365298975,0.009915948719281444,0.009915948719281458
2022-10-20,-0.0004231945425096933,0.0,0.0001396488897887591,0.0,-0.0005545188238518862,-0.0005545188238518861,0.0012969356869502637,0.001296935686950266
2022-10-23,-0.011956631696158447,0.0,-0.009288221079285867,0.0,-0.00598990485218623,-0.0059899048521862295,-0.011130477888556343,-0.011130477888556362
2022-10-24,0.003560111858970826,0.0,0.0020713352601364325,0.0,0.0010388788187710597,0.0010388788187710597,-0.0005150541417206834,-0.0005150541417206843
2022-10-25,-0.008385412965527377,0.0,-0.007804404277484906,0.0,-0.005095453076151088,-0.005095453076151087,-0.007209218008926462,-0.007209218008926473
2022-10-26,-0.013252451344825656,0.0,-0.011340632097680018,0.0,-0.007319647689659273,-0.007319647689659272,-0.012438994211127263,-0.012438994211127282
2022-10-27,0.008231699998779457,0.0,0.008740663566099156,0.0,0.010273722476470237,0.010273722476470236,0.012067676169965116,0.012067676169965139
2022-10-31,0.004405294170368057,0.0,0.0031150236326574644,0.0,0.0008922766898409287,0.0008922766898409284,0.003658441735779215,0.0036584417357792207
2022-11-01,0.0028000378373986196,0.0,0.008426563037827746,0.0,-3.902499257323884e-05,-3.9024992573238835e-05,0.005102880695139398,0.005102880695139405
2022-11-02,0.0003648543117346763,0.0,-0.00023056569650602884,0.0,0.0033087706939474585,0.003308770693947458,0.0007001395998548553,0.0007001395998548563
2022-11-03,-0.0008005492099190403,0.0,0.00250500397867263,0.0,-0.0008190126060914134,-0.0008190126060914133,0.007286996393498001,0.007286996393498013
2022-11-04,1.9777824209374708e-05,0.0,0.007606490210441685,0.0,-0.003082778119015566,-0.003082778119015566,0.00697841239572124,0.006978412395721251
2022-11-07,-0.004582018615100251,0.0,-0.012245597472296515,0.0,0.005356476942592879,0.005356476942592879,-0.013612011499977919,-0.01361201149997794
2022-11-08,0.0006084759369246447,0.0,-0.005567837591422657,0.0,0.005064304546391926,0.005064304546391926,-0.001673170874749752,-0.0016731708747497545
2022-11-09,-0.0034385329608316037,0.0,-0.005794821060521738,0.0,-0.006934543786169186,-0.006934543786169186,-0.01061847964098896,-0.010618479640988976
2022-11-10,-0.003973205953745805,0.0,0.0008400512839560059,0.0,-0.005230348411181533,-0.005230348411181533,0.006543559482294812,0.006543559482294822
2022-11-11,-0.008027873604294229,0.0,-0.02173370629187553,0.0,0.0023443905277002555,0.0023443905277002555,-0.01825205311752052,-0.018252053117520543
2022-11-14,-0.009946874414344583,0.0,-0.015372250555095125,0.0,-0.0110867884963269,-0.0110867884963269,-0.02225212345190728,-0.02225212345190731
2022-11-15,-0.0017772911310340006,0.0,-0.0008005651007534065,0.0,-0.0004078579194777927,-0.0004078579194777927,0.005641917356347436,0.005641917356347441
2022-11-16,0.001046683444376609,0.0,-0.0024619419407045573,0.0,0.0018226273122676734,0.0018226273122676734,-0.0040403201771623065,-0.004040320177162311
2022-11-17,0.0003304276224604602,0.0,-0.0006017075122377434,0.0,0.001525497391878042,0.001525497391878042,0.002039591727219258,0.00203959172721926
2022-11-18,0.005846538586734804,0.0,0.00869446759345114,0.0,0.0032332171762797027,0.0032332171762797027,0.006406284132496039,0.006406284132496045
2022-11-21,0.000578338994852252,0.0,-4.9235370235590414e-05,0.0,0.0018013756326274854,0.0018013756326274854,0.002897957612656134,0.002897957612656137
2022-11-22,0.0067395405736077035,0.0,0.009514752149425468,0.0,0.0024701467420031927,0.0024701467420031927,0.006236069286139409,0.006236069286139415
2022-11-23,-0.001519815391537411,0.0,-0.003623271246402042,0.0,0.003353692664635694,0.003353692664635694,-0.004845449743259026,-0.004845449743259031
2022-11-24,-0.004683358815085469,0.0,-0.010323817992022692,0.0,0.0010792627597227668,0.0010792627597227668,-0.00832315464980389,-0.0083231546498039
2022-11-25,0.00024722546534700995,0.0,-0.0008004833099287781,0.0,-0.0013421987980282912,-0.0013421987980282912,-0.002435101178847507,-0.0024351011788475096
2022-11-28,-0.00039612201021356903,0.0,0.0011530140816365432,0.0,0.0008383093200894619,0.0008383093200894619,0.003376338029672696,0.0033763380296727005
2022-11-29,-0.002308744565780314,0.0,6.953799636240532e-06,0.0,-0.0025669880626578655,-0.0025669880626578655,0.0038930035321674997,0.003893003532167504
2022-11-30,0.00026606634845157784,0.0,0.0006751900718387377,0.0,0.005088887299560853,0.005088887299560853,0.006998891619635693,0.0069988916196357
2022-12-01,-0.008172946476944125,0.0,-0.013326729472116834,0.0,-0.018250900426663223,-0.018250900426663223,-0.01383159636577286,-0.013831596365772872
2022-12-02,-0.01293987635592112,0.0,-0.013509220520831183,0.0,-0.023950165285177155,-0.023950165285177155,-0.01748065267356277,-0.017480652673562788
2022-12-05,-0.0013208008113645264,0.0,-0.0012380758747284387,0.0,0.0004537744653976845,0.00045377446539768436,-0.0009327441820865665,-0.0009327441820865673
2022-12-06,0.008220123209402097,0.0,0.012239772356630981,0.0,0.007925705333766485,0.007925705333766485,0.002374774825465722,0.0023747748254657245
2022-12-07,0.00190217479197942,0.0,0.0033810685870655933,0.0,0.0053019970173250296,0.005301997017325029,0.0028195538708496518,0.0028195538708496544
2022-12-08,-0.004606778316696682,0.0,-0.00474236581113137,0.0,-0.000935396518192255,-0.0009353965181922549,0.00042721927494955363,0.000427219274949554
2022-12-09,-0.0025771032257317725,0.0,-0.0038043207442308774,0.0,-0.004337575046628812,-0.00433757504662881,-0.0023707273319869215,-0.0023707273319869236
2022-12-12,0.00025201560989433037,0.0,0.001556687905958276,0.0,-0.003947898878441166,-0.003947898878441166,-0.0032373053211669353,-0.003237305321166938
2022-12-13,0.0022741546063695314,0.0,0.001772739775314168,0.0,-0.002296139096853538,-0.002296139096853538,-0.0031112796901259033,-0.003111279690125906
2022-12-14,-0.009843667822945818,0.0,-0.011813917131836047,0.0,-0.007677613590604481,-0.00767761359060448,-0.0011645830948863731,-0.0011645830948863742
2022-12-15,-0.005243258147494695,0.0,-0.0054778447961372255,0.0,-0.007240709485113891,-0.007240709485113889,-0.0037271851224923223,-0.0037271851224923245
2022-12-16,0.012011354500098891,0.0,0.01454834166743311,0.0,0.012086196748463202,0.012086196748463196,0.004167960258477777,0.00416796025847778
2022-12-19,0.001529026258698954,0.0,0.002153948065341648,0.0,-0.0024168697238610634,-0.0024168697238610625,-0.0036458540673998947,-0.003645854067399898
2022-12-20,0.00013191469996445943,0.0,-0.0008623983760560057,0.0,0.008286823347158231,0.008286823347158226,0.006634811083267745,0.00663481108326775
2022-12-21,-0.012541234235287428,0.0,-0.012929581049475855,0.0,-0.008947988384873522,-0.008947988384873519,-0.008667935067927008,-0.008667935067927013
2022-12-22,0.00035111783581788096,0.0,0.0006192237335271734,0.0,0.002224016073343103,0.0022240160733431017,0.004577695085379589,0.004577695085379593
2022-12-23,0.002241121158775515,0.0,0.0026272983332325545,0.0,0.0058982776242102394,0.005898277624210238,0.004723250388286342,0.004723250388286347
2022-12-26,0.002850079243148935,0.0,0.001635633388114717,0.0,0.008186062164758498,0.008186062164758496,0.007818354788346558,0.007818354788346565
2022-12-27,-0.0019987875541697155,0.0,-0.002580155576501577,0.0,-0.0036935099536955056,-0.003693509953695504,-0.002550002164422661,-0.002550002164422663
2022-12-28,0.002258467681041441,0.0,0.001413797702100806,0.0,-0.00227394663557822,-0.002273946635578219,-0.0033071720796611455,-0.003307172079661147
2022-12-29,0.0009013158566878349,0.0,0.0025140685797441133,0.0,0.004849086557447602,0.0048490865574476,0.0033900287744823374,0.0033900287744823405
2022-12-30,-0.004409329524505886,0.0,-0.005167758019083401,0.0,-0.0018235210252117895,-0.0018235210252117889,-0.0025665547639828006,-0.0025665547639828023
2023-01-02,-0.010311551579453905,0.0,-0.009963839639409068,0.0,-0.011942737040122034,-0.01194273704012203,-0.005620857240753794,-0.0056208572407538
2023-01-03,0.001753087554017578,0.0,0.0022898734188043952,0.0,0.004522859738154942,0.00452285973815494,0.0019721250735322883,0.00197212507353229
2023-01-04,0.011937101218180606,0.0,0.01078936778790287,0.0,0.018115036154420686,0.018115036154420675,0.00966731297486137,0.009667312974861378
2023-01-05,-0.0048912703884482775,0.0,-0.006038476141246751,0.0,-0.0029341384551669304,-0.0029341384551669287,-0.0001280617153606637,-0.00012806171536066383
2023-01-06,0.010318679018341896,0.0,0.010954389046306197,0.0,0.012705989236498563,0.012705989236498554,0.006821677896032781,0.006821677896032788
2023-01-09,-0.012844958371372336,0.0,-0.01418950110843055,0.0,-0.012318882056428818,-0.012318882056428813,-0.004731823483390495,-0.004731823483390499
2023-01-10,-0.005376284295936055,0.0,-0.005635142678165787,0.0,-0.010136111670995311,-0.010136111670995306,-0.007499283296135581,-0.007499283296135586
2023-01-11,0.0010576485040286782,0.0,0.0017417379576686934,0.0,0.004470668761723237,0.004470668761723235,0.001672015900013533,0.0016720159000135348
2023-01-12,0.001697386127837476,0.0,0.0014475375558293414,0.0,0.00408715328707364,0.004087153287073638,0.0051792126144053876,0.005179212614405393
2023-01-13,-0.012384722759195272,0.0,-0.011928827016282704,0.0,-0.008549243308576975,-0.00854924330857697,-0.005401900385333997,-0.005401900385334003
2023-01-16,-0.002841902476629282,-0.004063638774236338,-0.002073829135243826,-0.003965200223595024,-0.0031153238078823905,-0.0031153238078823896,-0.00264691428500802,-0.0026469142850080226
2023-01-17,0.00128758778149668,0.0017283701939907674,0.0011366748197057356,0.0020762416393699454,-0.0023239639973423347,-0.0023239639973423334,-0.0028124207396463385,-0.002812420739646341
2023-01-18,-0.0007514570924596636,-0.0010043183733247194,-0.0008010937678059045,-0.0014626930534728864,0.0020694685414086146,0.0020694685414086138,0.002349927752634587,0.0023499277526345896
2023-01-19,-0.0029683838485527326,-0.003916408578249132,-0.0003397906045083455,-0.0006183111357977234,-0.006695874918984266,-0.006695874918984263,-0.007301599117890166,-0.007301599117890174
2023-01-20,-0.0031849917792346003,-0.004037830038352971,-0.0032701099188788335,-0.00589627655450551,-0.006319415412941319,-0.006319415412941316,-0.005553389676139021,-0.005553389676139026
2023-01-23,0.007140918318088388,0.008821854741744593,0.0038393724795372985,0.006845997386529654,0.007670618344310772,0.007670618344310769,0.00729181125393309,0.007291811253933096
2023-01-24,0.002373026054683648,0.0029481363704621797,0.0019043718579744154,0.0034059355875269634,-0.0008155027670690313,-0.000815502767069031,0.0008620397093096547,0.0008620397093096554
2023-01-25,-0.0003938179858443747,-0.0004882841868347073,-0.00022219331778378616,-0.00039382914293310106,0.0022380031223099687,0.0022380031223099683,0.0009664753997713111,0.0009664753997713116
2023-01-26,-0.011554389904480896,-0.014318682163020627,-0.009311145275064263,-0.016503151039013265,-0.008256286240647755,-0.008256286240647753,-0.005739542622792035,-0.00573954262279204
2023-01-27,0.005311372449083722,0.006722705999977633,0.0030411691268925987,0.005447924721686224,0.0035310051727033896,0.003531005172703388,0.0037545292365705994,0.0037545292365706038
2023-01-30,0.0023211086773828773,0.002965376511250098,0.001669926959377248,0.0029753426888989515,0.0030556758075886326,0.0030556758075886313,0.0017605660329273781,0.0017605660329273797
2023-01-31,0.002790096472684997,0.0035625343206725233,0.004067248629106044,0.007185727481986445,0.003703931382130335,0.0037039313821303336,0.0017100099541592243,0.001710009954159226
2023-02-01,-0.004798508137389279,-0.0061434606081608,-0.0023768963886734596,-0.004219652722020607,-0.0037323094163235083,-0.003732309416323507,-0.002936060044018693,-0.002936060044018696
2023-02-02,-0.014986251775569047,-0.019206155739768055,-0.011984486506491223,-0.021242378783192323,-0.006364325173186599,-0.0063643251731865975,-0.0022783774783762295,-0.002278377478376232
2023-02-03,0.008137950844639995,0.010811888414298743,0.006957449870484649,0.012613770610332663,0.009367836676230753,0.009367836676230748,0.004837353149791564,0.004837353149791569
2023-02-06,0.026573650481887603,0.03553062042511636,0.020891493810236646,0.0367579702893573,0.013299524305571993,0.013299524305571991,0.0030516692411847687,0.003051669241184772
2023-02-07,0.004011325579364595,0.006055297874009973,0.002932303827673452,0.00539959397714591,0.005518683463446152,0.005518683463446149,0.0025084500060928903,0.0025084500060928937
2023-02-08,-0.008085417634418038,-0.012250404152920533,-0.006570232923770071,-0.012065676280240589,-0.002390832581156885,-0.0023908325811568846,0.0017949811668531612,0.0017949811668531636
2023-02-09,0.002832303335115954,0.00430896333775162,0.0015852257342000402,0.0028405523131660626,-0.0005959804661149604,-0.0005959804661149602,-0.0028020503910034336,-0.002802050391003437
2023-02-10,-0.0007233078818433114,-0.0010989990320220344,-0.000754994389043358,-0.0013522821263219221,-0.006590581312784119,-0.006590581312784118,-0.00477678436976836,-0.004776784369768367
2023-02-13,0.002413115244883046,0.00363438876315773,0.004081729513397515,0.007225183094491667,0.0022021286094617855,0.0022021286094617847,0.004672841956508195,0.004672841956508202
2023-02-14,-0.0040924076504413156,-0.0061590011186068655,-0.0033744161381455287,-0.005940983076480516,-0.002894409061325734,-0.002894409061325733,0.00021706111130276033,0.00021706111130276068
2023-02-15,0.0019367579117457612,0.0028654142218941044,0.0016798873643858174,0.002896314198964376,0.002284933659348333,0.0022849336593483327,0.002281641884007956,0.002281641884007959
2023-02-16,0.006913833479344153,0.010227748324905259,0.005541893799932682,0.009543465871950227,0.005105826760056964,0.005105826760056963,0.0019525909930677935,0.0019525909930677965
2023-02-17,0.005615036521299945,0.008208507686446619,0.003731118306974932,0.006283641937452225,0.004285783946863519,0.004285783946863517,0.0025456078591249054,0.0025456078591249093
2023-02-20,-0.0019745036455795307,-0.0028725521876758107,-0.0020826524199445947,-0.0034959605423872686,0.0033553760096406973,0.003355376009640696,0.0046173802708518435,0.00461738027085185
2023-02-21,-0.001868780014180192,-0.0027136272606206467,-0.001225836514744396,-0.0020510806263298155,-0.004968436943722383,-0.00496843694372238,-0.004378218997043801,-0.0043782189970438075
2023-02-22,0.0036844710714181534,0.005337512723835021,0.0019167901957479385,0.0032031580005568152,0.0017400041274637087,0.0017400041274637078,0.0006431088101728855,0.0006431088101728866
2023-02-23,0.006267688574879491,0.009066286332165007,0.00584386511963906,0.009760885604156435,0.008037661636984415,0.008037661636984413,0.006218410958681909,0.006218410958681919
2023-02-24,0.0015565737237354207,0.002213416160302375,0.0015649275903768256,0.002531037159104387,0.0005390569050693483,0.0005390569050693481,0.0010538593747627181,0.0010538593747627196
2023-02-27,0.009783052934360187,0.013477839489809773,0.008483714658411403,0.013347822741083995,0.007629398259508755,0.007629398259508751,0.007222846575270377,0.007222846575270393
2023-02-28,-0.006201475288613891,-0.008423647123735953,-0.005667230077491844,-0.008759231705976344,-0.006928143436660917,-0.006928143436660914,-0.006530530456865765,-0.006530530456865777
2023-03-01,0.006685144438813423,0.008886416640665567,0.005154754956848005,0.007685016129905277,0.00982466730646932,0.009824667306469316,0.009678407156029353,0.009678407156029375
2023-03-02,-0.005582437118177094,-0.007384052017472085,-0.004423557623280915,-0.006554801165440602,-0.00027463762751865525,-0.00027463762751865514,0.002697757178809444,0.0026977571788094493
2023-03-03,0.008212856041666567,0.010740581270719092,0.008089963818611578,0.011854622730281055,0.008910409421688324,0.00891040942168832,0.006457943735330557,0.006457943735330571
2023-03-06,-0.006682387287902869,-0.008667338636405975,-0.006845725435718398,-0.009891691444619473,-0.004768743430032762,-0.00476874343003276,-0.002175329656045757,-0.002175329656045761
2023-03-07,-0.0022829281122995616,-0.0029353301417035134,-0.0025488656497067745,-0.0036313238233325077,-0.003006719504343862,-0.003006719504343861,-0.006979542105627931,-0.006979542105627945
2023-03-08,0.01889642171934469,0.024240818293685202,0.016238912186305233,0.02306394861108357,0.025927901818972365,0.02592790181897236,0.021608022086374974,0.021608022086375012
2023-03-09,-2.533911028026815e-05,-3.0848615892254257e-05,-0.0010179022375569635,-0.001354112771866084,-0.0025821495448552743,-0.002582149544855273,-0.004758888690649594,-0.004758888690649602
2023-03-10,-0.00600054347551562,-0.0072627143346706245,-0.006740128207220609,-0.008908328336076417,-0.008702740460655953,-0.008702740460655951,-0.012701276275575294,-0.012701276275575317
2023-03-13,-0.013085682812103174,-0.015417180293819728,-0.012191918670848694,-0.015419620885827658,-0.008174271613110668,-0.008174271613110667,-0.007660067698028342,-0.0076600676980283534
2023-03-14,-0.007160814847940424,-0.008298189413116629,-0.0068944548807650516,-0.008527258074659176,-0.01361462860972358,-0.013614628609723574,-0.019542128673094666,-0.019542128673094693
2023-03-15,0.0020383599235998637,0.0023496315496676946,0.003003630836411362,0.0036879245898291473,0.0030252179176231673,0.003025217917623166,0.006400784651325605,0.006400784651325614
2023-03-16,0.008606050246996058,0.00969672659010914,0.0074968143133143745,0.008948335924199965,0.0055892832390405205,0.005589283239040517,-0.0006681767185238702,-0.0006681767185238712
2023-03-17,-0.0021309203429993586,-0.0023942655875728636,-0.0013503624026088023,-0.001606246023363343,-0.0007287707804125238,-0.0007287707804125235,0.0011377407703882455,0.0011377407703882475
2023-03-20,-0.004981724127080194,-0.005591289669743867,-0.005050705940608217,-0.005998351899028106,-0.007224987054325704,-0.007224987054325699,-0.008522305708138982,-0.008522305708138998
2023-03-21,-0.005784505104794751,-0.0064722507051768125,-0.005322816406732153,-0.006297680260191267,-0.006876272564099984,-0.00687627256409998,-0.006337877884354652,-0.006337877884354664
2023-03-22,-0.00023004531164002608,-0.0002565453154730087,-0.0009726325362568652,-0.0011455320542165996,-0.0010820783568814545,-0.0010820783568814543,8.738571251878878e-06,8.738571251878893e-06
2023-03-23,-0.005863604704364961,-0.006534740553134149,-0.006316684249129859,-0.007434791907787678,-0.003143634488655332,-0.00314363448865533,-0.0024206925383573243,-0.0024206925383573287
2023-03-24,0.0015007748409564892,0.0016679107187538551,0.0015701437832166842,0.001837765302906564,0.0028989837235638633,0.002898983723563862,0.004694404916071316,0.004694404916071325
2023-03-26,0.002805860112563683,0.003111394062583348,0.0027527090629938873,0.0032099672498497123,0.003992947132940402,0.0039929471329404,0.00618642470469058,0.006186424704690589
2023-03-27,-0.004054707767693684,-0.004437933027401779,-0.0028588545131450404,-0.0032818453562439994,-0.0029437005966217156,-0.0029437005966217143,-0.003099309904473207,-0.0030993099044732122
2023-03-28,-0.001034345223543137,-0.0011306226665824127,8.571899109804335e-05,9.82320451651039e-05,-0.0003466267561619463,-0.00034662675616194615,0.00437505001776636,0.004375050017766367
2023-03-29,0.0017653114219018124,0.0018962721915689084,0.0024714322314053853,0.0027762397813051944,0.005557605513059323,0.005557605513059322,0.008037603037120979,0.008037603037120993
2023-03-30,-0.0030563758384169865,-0.00327330574575206,-0.002427192712944663,-0.002709643026772138,0.0003460516550635114,0.00034605165506351135,0.0032815392369264246,0.00328153923692643
2023-04-02,0.0060978324366936084,0.006432053903916215,0.006958144466179658,0.007583688997845344,0.00698498260059059,0.006984982600590586,0.007043138105760796,0.007043138105760807
2023-04-03,-0.0120728806680503,-0.012435157515485643,-0.011714190455748024,-0.012242670377696652,-0.014108883671477336,-0.014108883671477328,-0.009858270422211986,-0.009858270422212004
2023-04-04,-0.004448838774403836,-0.004550274428384565,-0.004966829223858361,-0.005135833545846498,-0.00581246187911129,-0.005812461879111286,-0.010757253319440266,-0.010757253319440285
2023-04-05,0.003386233293582761,0.0034612378290956435,0.0033619009446866736,0.0034712713481545574,0.004091882159366358,0.004091882159366356,-0.0013767303014244048,-0.001376730301424407
2023-04-06,0.0004859272677280358,0.0004965188751916801,-0.0003191069592563311,-0.00032934853448195536,0.0013684992476040475,0.0013684992476040469,0.002634928527105357,0.0026349285271053615
2023-04-09,0.0019518647998773473,0.0019518647998773514,0.001960428113959818,0.001960428113959821,0.004366098837069735,0.0043660988370697335,0.00452711119873784,0.0045271111987378486
2023-04-10,0.005826666845206767,0.005826666845206779,0.006448545376592911,0.00644854537659292,0.0010751248402052272,0.0010751248402052266,0.0001660182446281403,0.0001660182446281406
2023-04-11,-0.005631473543894585,-0.005631473543894597,-0.005353355295127794,-0.005353355295127801,-0.0032193995623269436,-0.0032193995623269423,-0.0026129321943177634,-0.0026129321943177673
2023-04-12,-0.007316776645449725,-0.007316776645449739,-0.0076117113335589445,-0.007611711333558955,-0.009802003304564882,-0.009802003304564875,-0.009257260336934543,-0.00925726033693456
2023-04-13,-0.006518409247155594,-0.006518409247155607,-0.0050991652145001036,-0.005099165214500111,-0.004079117550092054,-0.004079117550092051,0.00012401864312281587,0.0001240186431228161
2023-04-16,0.008014072777371328,0.008014072777371343,0.008345139849080549,0.00834513984908056,0.008781717199609518,0.008781717199609514,0.009763267776140915,0.009763267776140932
2023-04-17,0.003840876954962442,0.0038408769549624494,0.0036733946479553976,0.003673394647955403,0.002636029819916015,0.0026360298199160142,0.0008577015079401684,0.0008577015079401701
2023-04-18,-0.0034946820092614426,-0.0034946820092614495,-0.003839855030490482,-0.003839855030490487,-0.0025177595027177763,-0.0025177595027177755,-0.002450779638502181,-0.0024507796385021853
2023-04-19,0.002738888887854556,0.0027388888878545617,0.0014302568381763003,0.0014302568381763024,0.005372677504919498,0.005372677504919495,0.004773783857742584,0.004773783857742592
2023-04-20,-0.0031606578623080287,-0.0031606578623080347,-0.003772734321780391,-0.003772734321780396,7.803948147120148e-05,7.803948147120145e-05,0.0001663340904752438,0.00016633409047524413
2023-04-23,-1.490992592909368e-05,-1.4909925929093707e-05,-0.001218486639242936,-0.0012184866392429378,-0.0019314991776927769,-0.0019314991776927758,-0.0042054942409368405,-0.004205494240936848
2023-04-24,-0.002664195442928004,-0.0026641954429280097,-0.0028510139204586905,-0.0028510139204586944,-0.0045988070834879465,-0.004598807083487944,-0.005687593765086425,-0.0056875937650864355
2023-04-25,0.0073252834152704805,0.007325283415270495,0.006349839643778618,0.006349839643778628,0.006832837906724315,0.0068328379067243115,0.0009463823223724089,0.0009463823223724104
2023-04-26,-0.0031422514686941087,-0.003142251468694115,-0.0037391835482180045,-0.0037391835482180106,-0.004481982227537679,-0.004481982227537677,-0.005184328761532332,-0.005184328761532341
2023-04-27,0.0011170719532217802,0.0011170719532217826,0.0018867247001451263,0.001886724700145129,0.002355809457701146,0.0023558094577011447,0.005608848870704338,0.0056088488707043485
2023-04-30,0.005690963862354213,0.005690963862354225,0.007188641665496765,0.007188641665496775,0.005376075174776347,0.005376075174776344,0.007233310616038342,0.0072333106160383555
2023-05-01,0.005015813718910217,0.00501581371891023,0.005697041571634824,0.005697041571634834,0.005954706531227322,0.005954706531227318,0.006426893176872757,0.006426893176872768
2023-05-02,-0.0023086274122316817,-0.0023086274122316873,-0.004124388272823436,-0.004124388272823444,-0.0023561479261411003,-0.0023561479261410985,-0.008066576607514076,-0.00806657660751409
2023-05-03,-0.009989590112004565,-0.009989590112004591,-0.010960794062093786,-0.010960794062093807,-0.0062031991796199,-0.006203199179619897,-0.006939317592056069,-0.006939317592056081
2023-05-04,0.00017373079854180316,0.0001737307985418036,0.0023951564721273457,0.00239515647212735,-0.0014971166730437708,-0.0014971166730437695,0.0011232511585421046,0.0011232511585421066
2023-05-07,-0.003466889210359227,-0.003466889210359236,-0.000487213880831211,-0.00048721388083121186,-0.004891790293392477,-0.004891790293392474,0.0019483155159696608,0.001948315515969664
2023-05-08,0.0025942392665385754,0.0025942392665385824,0.003018871355387077,0.003018871355387083,0.0016043259129669303,0.001604325912966929,0.0018342077402613973,0.0018342077402614006
2023-05-09,0.0018976028942436713,0.0018976028942436758,0.002010849759541634,0.0020108497595416374,0.0021779725931945653,0.002177972593194564,0.003144054219312461,0.003144054219312466
2023-05-10,-0.0024582589994045804,-0.002458258999404587,-0.002632935182363,-0.0026329351823630048,-0.00504750128575878,-0.005047501285758776,-0.006867725716187087,-0.006867725716187098
2023-05-11,0.00980328975928211,0.009803289759282133,0.007857091080873754,0.007857091080873768,0.00834169257218609,0.008341692572186084,0.00209927490930768,0.0020992749093076833
2023-05-14,0.0062920162126441056,0.006292016212644122,0.005487946741606898,0.0054879467416069075,0.005683816561014307,0.005683816561014303,0.00852230496788006,0.008522304967880073
2023-05-15,-0.004608452810881412,-0.004608452810881424,-0.0030356411717230407,-0.0030356411717230468,-0.00194017997303045,-0.0019401799730304485,0.003390571111954914,0.0033905711119549195
2023-05-16,0.004245518666815617,0.004245518666815626,0.004395451987953945,0.004395451987953953,0.005566188689005501,0.0055661886890054964,0.0019249513967476183,0.001924951396747621
2023-05-17,0.004354027644434891,0.004354027644434901,0.005027942896618697,0.005027942896618707,0.0033279953190469436,0.0033279953190469406,0.003412980953878498,0.0034129809538785026
2023-05-18,0.008665162013829882,0.008665162013829903,0.00881337422091648,0.008813374220916496,0.007182834599493431,0.007182834599493426,0.003957067854678806,0.003957067854678811
2023-05-21,-0.0054356593111921595,-0.005435659311192172,-0.00576797580890107,-0.0057679758089010805,-0.00706264821320049,-0.007062648213200485,-0.009516395896189913,-0.009516395896189925
2023-05-22,0.0039912250941858424,0.003991225094185853,0.004034007869457612,0.00403400786945762,0.004696781481361698,0.004696781481361693,0.004768150687140822,0.004768150687140828
2023-05-23,0.002262871290036157,0.002262871290036163,0.002560173988778453,0.0025601739887784573,0.0035635594011308096,0.0035635594011308074,0.003825219981580112,0.003825219981580116
2023-05-24,0.008340942977352002,0.008340942977352024,0.00706070921072056,0.007060709210720573,0.008747017540764629,0.008747017540764622,0.007370629009114009,0.007370629009114019
2023-05-25,-0.0013953356168886794,-0.0013953356168886833,-0.0027962318044023396,-0.0027962318044023444,-0.003165755763704219,-0.003165755763704217,-0.002979004856202936,-0.0029790048562029397
2023-05-28,-0.00029436645145825035,-0.0002943664514582511,0.00046340795147682353,0.0004634079514768244,0.003993150875570901,0.003993150875570899,0.008209963645635589,0.008209963645635598
2023-05-29,-0.0016498660678988634,-0.0016498660678988676,-0.0016389165045544451,-0.0016389165045544482,-2.4646369163966714e-05,-2.4646369163966697e-05,-0.00014230950921748342,-0.0001423095092174836
2023-05-30,-0.0023674056258103527,-0.002367405625810359,-0.002590393019489453,-0.002590393019489458,-7.218327875881345e-05,-7.21832787588134e-05,-0.0010585317169878163,-0.0010585317169878176
2023-05-31,-0.0010657130412121574,-0.001065713041212161,-0.00030446113321872426,-0.0003044611332187249,-0.0043628071532800464,-0.004362807153280043,-0.0005550060096165954,-0.0005550060096165962
2023-06-01,-0.010493188931946276,-0.01049318893194631,-0.0138918914577072,-0.013891891457707231,-0.004791741063145066,-0.004791741063145061,-0.00022307450593675275,-0.00022307450593675308
2023-06-04,0.007398206766452461,0.007398206766452486,0.008410875854934855,0.008410875854934873,0.005861169692823885,0.00586116969282388,0.008093862087803978,0.00809386208780399
2023-06-05,-0.003150059021723754,-0.0031500590217237653,-0.004115884324947396,-0.004115884324947404,0.002813406358495067,0.0028134063584950644,0.004335754130862615,0.004335754130862622
2023-06-06,-0.0026116022261864166,-0.0026116022261864266,-0.003267794187644866,-0.0032677941876448732,0.003142624555798215,0.0031426245557982114,0.0073517949633712725,0.007351794963371284
2023-06-07,0.0015391147075793192,0.001539114707579325,0.001642326415629831,0.0016423264156298352,0.0010989129598153915,0.0010989129598153902,0.003468312791230378,0.003468312791230384
2023-06-08,-0.01165994460421298,-0.011659944604213025,-0.01341208595969434,-0.013412085959694373,-0.010656203787058859,-0.010656203787058848,-0.005507030419162716,-0.005507030419162726
2023-06-11,0.000732203115922775,0.0007322031159227778,-0.0013455115266413507,-0.0013455115266413538,0.001084567380933801,0.0010845673809338,0.007732696160874749,0.007732696160874761
2023-06-12,0.003861264926996872,0.003861264926996887,0.0041591754041038,0.00415917540410381,0.005171345218736924,0.005171345218736918,0.004482813066149546,0.004482813066149553
2023-06-13,-0.002927335486094739,-0.00292733548609475,-0.004877687579430152,-0.004877687579430163,-0.008574039924845258,-0.008574039924845248,-0.0047446092552524,-0.004744609255252408
2023-06-14,-0.00472944103115155,-0.004729441031151569,-0.007164040255432582,-0.0071640402554325995,0.0025792982383642748,0.0025792982383642717,0.00512964718394635,0.0051296471839463575
2023-06-15,-0.013541351957912545,-0.013541351957912598,-0.016421915269370008,-0.016421915269370042,-0.01395429908736753,-0.013954299087367514,-0.007839018272978825,-0.007839018272978837
2023-06-18,0.0032881881902750054,0.0032881881902750176,0.003565731919861655,0.003565731919861663,0.005828045384617116,0.005828045384617112,0.008879904468990953,0.008879904468990967
2023-06-19,0.0021898676317953607,0.0021898676317953693,0.0038744067039246156,0.003874406703924624,0.007174970849894348,0.00717497084989434,0.0061116020234947615,0.00611160202349477
2023-06-20,0.00329498081158587,0.0032949808115858826,0.005329054530015732,0.005329054530015745,-0.00035543118652300946,-0.0003554311865230092,-0.004548667509914674,-0.004548667509914682
2023-06-21,-0.004648310052032032,-0.004648310052032049,-0.006967044874444961,-0.006967044874444978,-0.006891315432012281,-0.0068913154320122735,-0.00817820397698923,-0.008178203976989243
2023-06-22,0.006116644272093221,0.006116644272093243,0.007521521031137434,0.007521521031137451,0.004778348719843324,0.004778348719843319,0.006624928935949276,0.006624928935949286
2023-06-25,0.006278854642141112,0.006278854642141137,0.008166446410358786,0.008166446410358803,0.0046656547825406425,0.004665654782540637,-0.001937605105448123,-0.001937605105448126
2023-06-26,0.0009567866703890931,0.0009567866703890966,0.00017104420570755982,0.0001710442057075602,0.0002148337012058448,0.0002148337012058446,0.0019745730853262984,0.001974573085326302
2023-06-27,-0.0013507535444809286,-0.001350753544480934,-0.0010282562860188219,-0.0010282562860188243,0.003458515440694664,0.0034585154406946597,0.0033472306483154756,0.003347230648315481
2023-06-28,0.007678000716314987,0.0076780007163150185,0.012348883068473126,0.012348883068473156,0.006162544580537988,0.00616254458053798,0.00643713898017713,0.006437138980177139
2023-06-29,0.0028979309733730718,0.0028979309733730835,0.0032347720636388536,0.0032347720636388597,0.0014842471626214894,0.0014842471626214876,0.0018280278532259969,0.0018280278532260001
2023-07-02,-0.00409384651234301,-0.004093846512343028,-0.007664274434299113,-0.007664274434299129,-0.0071394418968852525,-0.007139441896885242,-0.008934655028134102,-0.008934655028134118
2023-07-03,0.0012317102967173677,0.0012317102967173727,-0.00012800541981343382,-0.0001280054198134341,0.0031727489542816728,0.0031727489542816684,0.006730563934314135,0.006730563934314145
2023-07-04,0.0010633819625876686,0.0010633819625876732,-0.0013114995336328547,-0.0013114995336328573,0.0006392750972482252,0.0006392750972482244,0.00254730381057841,0.0025473038105784137
2023-07-05,0.004814028046785339,0.004814028046785358,0.005777894606977481,0.005777894606977494,0.0065281775965494605,0.0065281775965494535,0.005718286335444766,0.005718286335444776
2023-07-06,-0.0018082979816331864,-0.0018082979816331942,-0.0009696879376265727,-0.0009696879376265748,-0.007840450424504517,-0.007840450424504507,-0.01762929158617451,-0.01762929158617454
2023-07-09,-0.012971825324967184,-0.012971825324967245,-0.014626906762931822,-0.01462690676293185,-0.009427485390711185,-0.009427485390711173,-0.005981721612811942,-0.005981721612811952
2023-07-10,-0.008071164305511871,-0.008071164305511906,-0.007539556253601329,-0.007539556253601346,-0.009219237462951058,-0.009219237462951047,-0.004620748657556747,-0.004620748657556755
2023-07-11,-0.007225970368531278,-0.007225970368531311,-0.006347234691693077,-0.006347234691693091,-0.006292887882176826,-0.006292887882176817,0.000316933771793357,0.00031693377179335756
2023-07-12,-0.01899805406003366,-0.01899805406003375,-0.02347898649588698,-0.02347898649588703,-0.019510319579658104,-0.019510319579658077,-0.018536153282290142,-0.018536153282290174
2023-07-13,-0.011176077662132857,-0.011176077662132898,-0.01427768370883781,-0.014277683708837837,-0.012084894974944084,-0.01208489497494407,-0.0066167601677484585,-0.00661676016774847
2023-07-16,0.007482281694845358,0.007482281694845385,0.007837578288207284,0.007837578288207296,0.008051647632285726,0.008051647632285717,0.003162869383906912,0.0031628693839069162
2023-07-17,-0.0017330351399989373,-0.0017330351399989436,0.0004974934134304315,0.0004974934134304324,0.0003845195515919921,0.0003845195515919917,0.001389831229314391,0.001389831229314393
2023-07-18,-0.0013511883273085031,-0.0013511883273085083,-8.782897047369065e-05,-8.782897047369079e-05,-0.0005156738555921064,-0.0005156738555921059,0.0012096142939837635,0.001209614293983765
2023-07-19,0.0029085285599235837,0.0029085285599235954,0.004136297556614307,0.004136297556614313,0.004379627262017625,0.004379627262017622,0.006650453014863058,0.006650453014863068
2023-07-20,0.008188124748030016,0.008188124748030049,0.008674824243393107,0.008674824243393121,0.005147247210506472,0.005147247210506467,0.004579225183544022,0.004579225183544029
2023-07-23,0.005998316121710119,0.005998316121710142,0.008068211076914463,0.008068211076914477,0.003902464321629341,0.003902464321629337,0.004133119423263881,0.004133119423263887
2023-07-24,0.002611285178677716,0.002611285178677726,0.0007977931405786728,0.0007977931405786741,0.0064285836181190185,0.006428583618119011,0.010154350081397341,0.010154350081397354
2023-07-25,-0.005202731682557537,-0.005202731682557557,-0.005280940642894536,-0.0052809406428945445,-0.005583681224082948,-0.0055836812240829415,-0.005005573480770769,-0.005005573480770777
2023-07-26,-0.002875145173375512,-0.0028751451733755227,-0.002301757382414639,-0.0023017573824146427,0.002674602951226897,0.002674602951226895,0.0016631988418892426,0.001663198841889245
2023-07-27,0.005667172858418842,0.0056671728584188645,0.006054829185382948,0.006054829185382958,0.00503147120106765,0.005031471201067644,0.0026607361371738226,0.0026607361371738265
2023-07-30,0.006255286000198144,0.00625528600019817,0.006677870813197294,0.006677870813197305,0.010630977137546628,0.010630977137546616,0.013579832467986585,0.013579832467986604
2023-07-31,0.004073582230130742,0.004073582230130758,0.0013774528352707446,0.001377452835270747,-0.0031852054374226116,-0.003185205437422608,-0.0007802702555400244,-0.0007802702555400255
2023-08-01,0.005661708395728857,0.005661708395728879,0.005674595719661164,0.005674595719661173,0.003916074391639236,0.003916074391639231,0.00021663548172338448,0.00021663548172338475
2023-08-02,0.004001623188669287,0.004001623188669302,-0.001494172178131047,-0.0014941721781310494,-0.00038117497722729645,-0.00038117497722729607,-0.004469822117043486,-0.004469822117043492
2023-08-03,-0.003956373659050965,-0.0039563736590509805,-0.003634769651150965,-0.003634769651150971,-0.011730245096762067,-0.011730245096762057,-0.015408396362746254,-0.015408396362746272
2023-08-06,-0.0014203765357964865,-0.0014203765357964921,-0.0029134105944906633,-0.002913410594490668,0.0012107570786136024,0.0012107570786136007,0.0031006328926924055,0.0031006328926924086
2023-08-07,0.0008913610820457228,0.0008913610820457264,3.8468168343678e-05,3.8468168343678066e-05,-0.0022533876143056865,-0.002253387614305684,-0.005212107763931761,-0.005212107763931768
2023-08-08,0.005827747671990538,0.0058277476719905625,0.0034377169031921716,0.0034377169031921777,0.006451365872501458,-0.0003035271493914881,0.006020670340386454,-0.00026778027608007825
2023-08-09,0.0003896828196516691,0.0003896828196516707,0.0010853665131060803,0.0010853665131060823,-0.0022122796298927358,0.0,-0.00027158001446139264,0.0
2023-08-10,0.0006210620286885641,0.0006210620286885666,0.000527259132099789,0.0005272591320997901,0.0055176478859079985,0.0,0.006463197177022527,0.0
2023-08-13,0.0010392193391589187,0.0010392193391589235,0.0004869960722881534,0.0004869960722881543,0.006016758583394402,0.0,0.005152489892931232,0.0
2023-08-14,0.00348639692438587,0.0034863969243858852,0.002254326105855969,0.002254326105855973,0.000292841068048458,-1.5475646078409885e-05,-0.0012293838646134107,-0.0015266958222799464
2023-08-15,0.003038163987530172,0.003038163987530185,0.0007118349611155646,0.0007118349611155658,0.002536228311814665,0.0026023425740217404,6.559066055598347e-05,6.679529916089107e-05
2023-08-16,0.006496027283577492,0.006496027283577521,0.002641374867974794,0.002641374867974799,0.007047893762870679,0.007234230833849388,0.004710261016983234,0.00480009424783698
2023-08-17,-0.0011877067403251438,-0.0011877067403251492,-0.0019037960788048248,-0.0019037960788048285,0.0010985386701073635,0.0011289182774706146,0.0017296597636980104,0.0017642752619438653
2023-08-20,7.828692078257099e-05,7.828692078257133e-05,0.0004164238559438065,0.00041642385594380734,0.004443854638172959,0.004564746191201933,0.005373478294382337,0.005477978624886351
2023-08-21,0.0009940222955266136,0.0009940222955266182,0.0002927969476220206,0.00029279694762202117,0.000345601560624207,0.00035504587523282015,0.0005366644654974644,0.0005477237794070455
2023-08-22,0.0005306646300590265,0.0005306646300590287,0.0008072853274154775,0.000807285327415479,0.003896220892387666,0.004002507322169931,0.006485040557500422,0.006618091079485057
2023-08-23,-0.006255308315827809,-0.006255308315827838,-0.0036899126822635873,-0.003689912682263594,0.000825477787662188,0.0008474454823459384,0.004437685415387939,0.0045229352444475755
2023-08-24,0.007681572045940989,0.007681572045941024,0.006549340736544103,0.0065493407365441155,0.0052995367706044376,0.0054383728799517585,0.004805606021284299,0.004894209361423118
2023-08-27,0.0006142790277440694,0.0006142790277440722,0.0002467979988662338,0.00024679799886623423,0.004239535798389218,0.004345314313137167,0.008584162864413599,0.008735669051453624
2023-08-28,-0.001505712595638229,-0.0015057125956382362,-0.0021163271469680322,-0.0021163271469680366,-0.0022303367464028808,-0.00032693909403296506,-0.00417134586466462,-0.0002841223455660073
2023-08-29,-0.003979119742043594,-0.003979119742043614,-0.0019675461529695035,-0.001967546152969507,-0.0073299003441734635,0.0,-0.007346863093168329,0.0
2023-08-30,-0.0015745028246359398,-0.0015745028246359476,-0.002084572171179072,-0.002084572171179076,-0.002937270471614674,0.0,-0.0055720858790131575,0.0
2023-08-31,0.0029446444043883706,0.002944644404388385,0.004585488955851084,0.004585488955851092,-0.00010649427213526858,0.0,-0.00030641664817387487,0.0
2023-09-03,0.005065526802913048,0.005065526802913075,0.006215620446903771,0.006215620446903783,0.0056732159616849475,0.0,0.007053354191116114,0.0
2023-09-04,0.0010459216911108177,0.001045921691110823,-0.0008709121483963415,-0.0008709121483963432,-0.002163512158444758,0.0,-0.0027931713517244557,0.0
2023-09-05,0.008340631977942794,0.008340631977942837,0.008481782638563333,0.00848178263856335,0.002015683190705681,0.0,-0.0007016676769137991,0.0
2023-09-06,-0.001818346091397552,-0.0018183460913975614,0.002151502845454821,0.002151502845454825,-0.00484725874059356,0.0,-0.0035291195665093948,0.0
2023-09-07,0.0023665714929253286,0.0023665714929253408,0.002084011505283785,0.0020840115052837894,0.003349121155162184,0.0,0.0033533104169851152,0.0
2023-09-10,-0.002099182073161437,-0.0020991820731614498,-0.0011149438303212614,-0.0011149438303212638,-0.002620796670503801,0.0,-0.0005268503903860862,0.0
2023-09-11,-0.005273464783636393,-0.005273464783636424,-0.004077850684614652,-0.004077850684614661,0.0005382874726283186,0.0,0.0028497661382698236,0.0
2023-09-12,-0.00011405595465642476,-0.00011405595465642541,0.0015052892375442815,0.0015052892375442843,0.0042007204301163685,0.0,0.006335895426296556,0.0
2023-09-13,0.003465093328432784,0.0034650933284328038,0.002884814442574493,0.0028848144425744995,0.007058026930023038,0.0,0.007651070802639041,0.0
2023-09-14,6.22981016275001e-05,6.229810162750046e-05,0.005802737250428528,0.005802737250428541,-0.0003373322666830096,0.0,0.0036666618309488513,0.0
2023-09-17,-0.0013074180216467593,-0.0013074180216467667,-0.0010095950370304825,-0.0010095950370304844,0.0007363069529473127,0.0,0.0007176862726174419,0.0
2023-09-18,-0.0005945162553157904,-0.0005945162553157904,0.0011848172327295983,0.001184817232729601,-0.0011100871883753215,0.0,-0.0028681697374782567,0.0
2023-09-19,0.0004193182668305424,0.0004193182668305424,0.0009243153117030346,0.0009243153117030367,0.001954293240820839,0.0016079683886903399,0.004845733346482266,0.005049047970287955
2023-09-20,0.0029040046088856467,0.0029040046088856467,0.005111794544225146,0.005111794544225157,0.002622464302172733,0.002622464302172733,0.0040913470163133426,0.004527440034379862
2023-09-21,0.0026868931454401505,0.0026868931454401505,0.002215113708737348,0.002215113708737354,-0.0014406502213677144,-0.0014406502213677144,-0.0035835223424456595,-0.003970213453555656
2023-09-24,0.0009632366377335414,0.0009632366377335414,0.005877271208815444,0.005877271208815459,0.0027178479402407,0.0027178479402407,0.00743834145415649,0.008242487547559399
2023-09-25,0.006085421732423647,0.006085421732423647,0.007539759554140529,0.007539759554140547,0.0002696425141088507,0.0002696425141088507,-0.0017773264776221537,-0.001967312641339775
2023-09-26,0.0038580176465102386,0.0038580176465102386,0.005261449933124522,0.005261449933124534,-0.005242122867478283,-0.005242122867478283,-0.008634188203842494,-0.009584305740426735
2023-09-27,0.005486956775069993,0.005486956775069993,0.005726118593220875,0.005726118593220887,-0.0007974659708865201,-0.0007974659708865201,0.002146797268324329,0.0023784706359222534
2023-09-28,-0.004352161183804908,-0.004352161183804908,-0.007459408022695227,-0.007459408022695244,-0.0014335669214824637,-0.0014335669214824637,-0.0019044188663700035,-0.0021135251789525223
2023-10-01,0.004877705740467789,0.004877705740467789,0.002519889528135169,0.0025198895281351745,0.005699131952724585,0.005699131952724585,0.006517816853942448,0.007327951325484829
2023-10-02,0.005907352692467754,0.005907352692467754,0.011317518004253506,0.011317518004253535,0.00254868970851804,0.00254868970851804,-0.004242651143931219,-0.00476305621784132
2023-10-03,0.002798761667416984,0.002798761667416984,-0.0005067572737903357,-0.0005067572737903369,-0.0015648367802512714,-0.0015648367802512714,-0.0077671461523385,-0.008722218720503412
2023-10-04,-0.0016977028922465082,-0.0016977028922465082,-0.006117641713922794,-0.00611764171392281,-7.448461452316205e-06,-7.448461452316205e-06,-0.004066860250210182,-0.004555703890379136
2023-10-05,-0.0020944363282854725,-0.0020944363282854725,-0.004659515311554423,-0.00465951531155444,-0.01096968336352328,-0.01096968336352328,-0.017354865904564074,-0.019221864618000756
2023-10-08,-0.001743444789441475,-0.001743444789441475,-0.003139921213915437,-0.003139921213915437,-0.0005987437167913022,-0.0005987437167913022,0.0015629026238864047,0.001766608927417611
2023-10-09,-0.005070219441005881,-0.005070219441005881,-0.005386390276822756,-0.005386390276822756,-0.003436953490848374,-0.003436953490848374,-0.00043495371114168316,-0.000492081426159599
2023-10-10,0.0013449315558415852,0.0013449315558415852,-0.0018961071030710935,-0.0018961071030710935,0.006124202505255754,0.006124202505255754,0.006915341369133251,0.007826353144408549
2023-10-11,-0.000443374155227045,-0.000443374155227045,-0.002958355144840391,-0.002958355144840391,0.0059452559356282025,0.0059452559356282025,0.006800882980271939,0.007672173143603868
2023-10-12,0.007132070093267657,0.007132070093267657,0.015835163973368642,0.015835163973368642,0.004609601614625979,0.004609601614625979,0.0047000575129399836,0.005306629430471203
2023-10-15,-0.005436659512736565,-0.005436659512736565,-0.002488515398520525,-0.002488515398520525,-0.0031888960229219305,-0.0031888960229219305,-0.0002237499849367197,-0.0002527286160323613
2023-10-16,-0.00301062953427015,-0.00301062953427015,-0.007174855724806256,-0.007174855724806256,2.5598051812316422e-05,2.5598051812316422e-05,0.0006560047860617328,0.0007423257774607152
2023-10-17,-0.002313975143607986,-0.002313975143607986,-0.0014456457180314689,-0.0014456457180314689,-0.0025743625915097836,-0.0025743625915097836,-0.0030565249147685414,-0.003479380214757072
2023-10-18,0.0005553087254306335,0.0005553087254306335,0.0013158588180525116,0.0013158588180525116,-0.0003094672199400344,-0.0003094672199400344,-0.004523869538381526,-0.005115508634262184
2023-10-19,-0.004786086026715252,-0.004786086026715252,-0.005136538873571967,-0.005136538873571967,-0.008038188674107752,-0.008038188674107752,-0.010654474036432672,-0.012119190153098919
2023-10-22,0.0003419636496866669,0.0003419636496866669,-0.0013620241039794042,-0.0013620241039794042,0.005030945969229976,0.005030945969229976,0.005894145260358024,0.0067120406572352374
2023-10-23,-0.0015105257586691075,-0.0015105257586691075,-0.008333805941623924,-0.008333805941623924,0.0006391892600556117,0.0006391892600556117,-0.002622330260130103,-0.00293511278203495
2023-10-24,0.0012517902199233682,0.0012517902199233682,0.006725045333950401,0.006725045333950401,0.0038177706269021477,0.0038177706269021477,0.006363704781684667,0.0071339383812821285
2023-10-25,0.003933885685607292,0.003933885685607292,0.007156516876407718,0.007156516876407718,0.001541298858611902,0.001541298858611902,0.000534094386264881,0.0006031994246892326
2023-10-26,0.0036978821589183364,0.0036978821589183364,0.001124941930767114,0.001124941930767114,0.007669485529851491,0.007669485529851491,0.011598301037356878,0.013002113933660967
2023-10-30,-0.0008111516463966878,-0.0008111516463966878,-0.0008160617662039188,-0.0008160617662039188,0.0026828344110356515,0.0026828344110356515,0.005958474703063996,0.006311086135087412
2023-10-31,-0.0029234873018599405,-0.0029234873018599405,-0.006457887419584368,-0.006457887419584368,-0.003201496193141496,-0.003201496193141496,-0.004960857078540771,-0.0052703642506057805
2023-11-01,0.012290282103956211,0.012290282103956211,0.01371340036335238,0.01371340036335238,0.012385195111489578,0.012385195111489578,0.01959336567590421,0.020699669562924246
2023-11-02,-0.004644661007874119,-0.004644661007874119,-0.006378994268916312,-0.006378994268916312,0.002972990499470274,0.002972990499470274,0.006402791927777688,0.00717118209686835
2023-11-03,-0.0023864878992170776,-0.0023864878992170776,-0.0004255894710396617,-0.0004255894710396617,0.0023327712864465886,0.0023327712864465886,0.004717386880378223,0.005308162232618081
2023-11-06,-0.0057635402610483385,-0.0057635402610483385,-0.018512225164089575,-0.018512225164089575,-0.009638831040959112,-0.009638831040959112,-0.01592012134113044,-0.017733885783547933
2023-11-07,0.0017802493288017341,0.0017802493288017341,0.0028396980181191064,0.002839698018119118,0.0016151602959646179,0.0016151602959646179,0.0016164301800456898,0.0017696578175373581
2023-11-08,0.005089723889070186,0.005089723889070186,0.007252930916445178,0.007252930916445207,0.00703732468847749,0.00703732468847749,0.0035744021370041385,0.003913769241217535
2023-11-09,0.0009648001741692842,0.0009648001741692842,0.0007244243287437443,0.0007244243287437471,-0.0034030527124645476,-0.0034030527124645476,-0.005316558306474099,-0.0058193554533272135
2023-11-10,0.0045883400764360465,0.0045883400764360465,0.009737751708238448,0.009737751708238488,-0.0017746943493100191,-0.0017746943493100191,-0.0037497985047641904,-0.004102358256817102
2023-11-13,-0.000616721536804827,-0.000616721536804827,-0.001252009397069692,-0.0012520093970696967,-0.003168665813208847,-0.003168665813208847,-0.00072063639220803,-0.0007878780931649006
2023-11-14,-0.00014430268243699048,-0.00014430268243699048,-0.004217108072280182,-0.004217108072280199,-8.297188790267618e-05,-8.297188790267618e-05,0.0007138047419501827,0.0007814393150412416
2023-11-15,-0.01073080593639061,-0.01073080593639061,-0.02414813590659941,-0.02414813590659951,-0.007158792497442384,-0.007158792497442384,-0.008522613952171866,-0.009330120110319874
2023-11-16,0.00023871026659590924,0.00023871026659590924,0.0054203975399556605,0.005420397539955678,-0.0016372658429722599,-0.0016372658429722599,0.0021584036851320493,0.002360363217093093
2023-11-17,-0.00048018184353891546,-0.00048018184353891546,-0.0020329366771989674,-0.002032936677198974,0.0027188556175235497,0.0027188556175235497,-0.001089841722944091,-0.001192810221201487
2023-11-20,-0.005579331198520166,-0.005579331198520166,-0.007051710312327836,-0.007051710312327861,-0.007259231781106422,-0.007259231781106422,-0.00647118764701389,-0.007091235207779052
2023-11-21,-0.00476785057251591,-0.00476785057251591,-0.008305022319759764,-0.00830502231975979,-0.006368563453511078,-0.006368563453511078,-0.007071009901255358,-0.0077689799235861065
2023-11-22,0.0019330297840857778,0.0019330297840857778,0.0002255799380597414,0.00022557993805974206,-0.004972695103079343,-0.004972695103079343,-0.008033644071757589,-0.008769210985907385
2023-11-23,0.004419493127389745,0.004419493127389745,0.00791827040057593,0.007918270400575954,0.0022560481229763583,0.0022560481229763583,0.0007511005959080986,0.0008065557589526
2023-11-24,0.0003661402890432787,0.0003661402890432787,-0.002530964826511956,-0.002530964826511963,0.0022047293569694222,0.0022047293569694222,0.0024945138433626925,0.0026546274945190296
2023-11-27,-0.0014834318642909933,-0.0014834318642909933,-0.0037954036074330185,-0.0037954036074330307,-0.002051430699097562,-0.002051430699097562,-0.0014593298969998527,-0.0015519479486403999
2023-11-28,-0.004545066804974275,-0.004545066804974275,-0.0058065725300876225,-0.005806572530087642,-0.004091167032137216,-0.004091167032137216,-0.0038378799092752356,-0.004024620000043494
2023-11-29,-0.0059830223084106696,-0.0059830223084106696,-0.009298365074899916,-0.009298365074899943,-0.005509200406008701,-0.005509200406008701,-0.009014158430142527,-0.009433743662944397
2023-11-30,0.0032241239701982847,0.0032241239701982847,0.003243762562679955,0.0032437625626799654,-0.00045053628026249916,-0.00045053628026249916,-0.006203415013431835,-0.006489949198687854
2023-12-01,0.005576280793068043,0.005576280793068043,0.009213572756939068,0.0092135727569391,0.003485328143114452,0.003485328143114452,0.006660009763193698,0.0069481071511277685
2023-12-04,-0.01190453664782592,-0.01190453664782592,-0.014800372935072529,-0.01480037293507257,-0.0003570522987061124,-0.0003570522987061124,0.0026475107411390968,0.0027474371211530972
2023-12-05,0.00979794122219752,0.00979794122219752,0.011658267303395533,0.011658267303395562,0.002438137431872915,0.002438137431872915,-0.005160062038278773,-0.005351780088881784
2023-12-06,0.000871265926638308,0.000871265926638308,0.004958755488013893,0.004958755488013905,0.0035807553262334115,0.0035807553262334115,0.003895772167753509,0.004032535391621308
2023-12-07,0.004647164459130706,0.004647164459130706,0.00572184582959748,0.005721845829597493,0.004923800019064598,0.004923800019064598,0.002354890755110095,0.0024093254887754996
2023-12-08,-0.008963627596356105,-0.008963627596356105,-0.01078190193591214,-0.010781901935912167,-0.011130170880164186,-0.011130170880164186,-0.013408710996051324,-0.013491040406136934
2023-12-11,0.002035080000325841,0.002035080000325841,0.005894398901093368,0.0058943989010933825,0.0047331809454641514,0.0047331809454641514,0.009315802956606924,0.009329711068751839
2023-12-12,0.003431250590047381,0.003431250590047381,0.0029955978039674365,0.002995597803967444,0.0016132962569129336,0.0016132962569129336,-0.00048193179954012725,-0.00048255564106445967
2023-12-13,-0.003068978027777382,-0.003068978027777382,-0.004351857312389477,-0.004351857312389488,-0.00017461902600329548,-0.00017461902600329548,-0.00205152367308648,-0.0020515236730864837
2023-12-14,-0.016179846769553377,-0.016179846769553377,-0.01960255676850493,-0.01960255676850498,-0.013361776153376621,-0.013361776153376621,-0.010023321746114032,-0.010023321746114049
2023-12-15,-0.0064330560264401196,-0.0064330560264401196,-0.014109576042257592,-0.014109576042257618,-0.006500829936004884,-0.006500829936004884,-0.00032254137579238964,-0.0003225413757923901
2023-12-18,0.001730921372784832,0.001730921372784832,0.006485385277175087,0.0064853852771751,0.0008977513041025497,0.0008977513041025497,0.006530449976374789,0.0065304499763748
2023-12-19,-0.0015886137295135529,-0.0015886137295135529,-0.00015154684449586637,-0.00015154684449586667,-0.007482796570899213,-0.007482796570899213,-0.008272635224721193,-0.008272635224721204
2023-12-20,-0.00161757083698884,-0.00161757083698884,-0.0044024075179530196,-0.004402407517953028,-0.0006811044587138978,-0.0006811044587138978,0.006024073597795369,0.006024073597795377
2023-12-21,8.966926734831727e-05,8.966926734831727e-05,0.0014699230909060983,0.0014699230909061014,0.002409450260730711,0.002409450260730711,-0.00047083309953531547,-0.00047083309953531617
2023-12-22,-0.011315645083977904,-0.011315645083977904,-0.013119423294314899,-0.013119423294314925,-0.009223740640504477,-0.009223740640504477,-0.009300359296918083,-0.009300359296918099
2023-12-25,-0.0005963435503520243,-0.0005963435503520243,-0.0013014418999502061,-0.001301441899950209,-0.008089295350274637,-0.008089295350274637,-0.007974913214904148,-0.00797491321490416
2023-12-26,0.0004419363770159428,0.0004419363770159428,-0.00040768963945313213,-0.000407689639453133,0.0007559783195420415,0.0007559783195420415,0.001193543067080587,0.0011935430670805887
2023-12-27,-0.0016785436232540593,-0.0016785436232540593,-0.0036473962577394945,-0.0036473962577395027,-0.004864961481520233,-0.004864961481520233,-0.005262183746514276,-0.005262183746514284
2023-12-28,-0.009007638546417163,-0.009007638546417163,-0.011893889962657203,-0.011893889962657228,-0.0028268641713121833,-0.0028268641713121833,-0.004754119326764188,-0.004754119326764195
2023-12-29,0.0018294294968652575,0.0018294294968652575,0.005525402916506745,0.005525402916506757,0.000817967299346322,0.000817967299346322,-0.0015810967152640135,-0.0015810967152640157
2024-01-01,-0.0034186072284427263,-0.0034186072284427263,-0.0015947185618940848,-0.001594718561894088,0.00437522654101807,0.00437522654101807,0.008322341107753872,0.008322341107753886
2024-01-02,0.0031910022127699667,0.0031910022127699667,0.0026803660293699483,0.0026803660293699535,0.0006094027290835938,0.0006094027290835938,0.0011861456983489923,0.0011861456983489943
2024-01-03,0.008700940340625875,0.008700940340625875,0.015167319504975067,0.015167319504975098,0.01054670442710034,0.01054670442710034,0.010139911255880917,0.010139911255880934
2024-01-04,0.007214265588652799,0.007214265588652799,0.0025892856555014133,0.0025892856555014177,0.004737431561346424,0.004737431561346424,0.003266961573597242,0.0032669615735972475
2024-01-05,0.006347701174634799,0.006347701174634799,0.004994290225886238,0.0049942902258862465,0.0010772284466068552,0.0010772284466068552,0.0021487248617363635,0.002148724861736367
2024-01-08,0.0024950081030953157,0.0024950081030953157,-0.0007104887664602183,-0.0007104887664602195,0.00562108828436113,0.00562108828436113,0.006376734169122792,0.006376734169122803
2024-01-09,-0.002479990045583444,-0.002479990045583444,-0.0032633713887850317,-0.0032633713887850377,0.0014389454884997945,0.0014389454884997945,-0.0007545925365602302,-0.0007545925365602314
2024-01-10,0.004747964401269663,0.004747964401269663,0.005652167888061136,0.005652167888061146,0.000547859185758563,0.000547859185758563,-0.0006879354475900744,-0.0006879354475900753
2024-01-11,0.0009652511252398352,0.0009652511252398352,-0.0004368572078007204,-0.00043685720780072115,-0.0005911221595821667,-0.0005911221595821667,0.0006867958595476691,0.0006867958595476704
2024-01-12,0.0005479861241052749,0.0005479861241052749,-0.001799910483309243,-0.0017999104833092462,0.0007778894326077018,0.0007778894326077018,0.0010661745936488163,0.0010661745936488178
2024-01-15,0.0032373149713903642,0.0032373149713903642,0.004291579071823755,0.004291579071823762,0.0032717801281480123,0.0032717801281480123,0.0048622826725941105,0.004862282672594118
2024-01-16,0.006078559785019445,0.006078559785019445,0.005301891185046066,0.005301891185046076,0.003992155666027526,0.003992155666027526,0.003552052378243111,0.0035520523782431165
2024-01-17,0.005865854936572181,0.005865854936572181,0.012808508536941186,0.012808508536941208,0.0030221333680306877,0.0030221333680306877,0.001440336365947348,0.0014403363659473499
2024-01-18,0.006155821583298988,0.006155821583298988,0.0037602349657986827,0.003760234965798689,0.00542450920453562,0.00542450920453562,0.0045424002092795904,0.004542400209279598
2024-01-19,0.0014071735826179622,0.0014071735826179622,-0.0008982514592856311,-0.0008982514592856324,0.003571389669252945,0.003571389669252945,0.005587231972365638,0.005587231972365647
2024-01-22,-0.003170676272879526,-0.003170676272879526,-0.0016224777463085536,-0.0016224777463085564,-0.00378354501674492,-0.00378354501674492,-0.0011608510138364204,-0.0011608510138364223
2024-01-23,0.0012767696909831631,0.0012767696909831631,0.002685215830907309,0.0026852158309073134,-0.0017457991301466596,-0.0017457991301466596,-0.0046527531636609346,-0.004652753163660943
2024-01-24,0.0011737278261541037,0.0011737278261541037,7.039835008974535e-05,7.039835008974545e-05,0.002485849150509249,0.002485849150509249,0.004948765276755067,0.004948765276755076
2024-01-25,-0.0014732428437520678,-0.0014732428437520678,-0.002547262202188634,-0.0025472622021886385,-0.001084294401717354,-0.001084294401717354,-0.004923385952965333,-0.004923385952965343
2024-01-26,0.0014356714778039118,0.0014356714778039118,0.0014839424823522133,0.0014839424823522157,0.000923780078101161,0.000923780078101161,0.005683149606307166,0.005683149606307177
2024-01-29,-0.0015742571771759787,-0.0015742571771759787,0.00018501751929646978,0.00018501751929647013,0.0010149298987433889,0.0010149298987433889,0.004020922607295155,0.004020922607295163
2024-01-30,-0.0029820330288414785,-0.0029820330288414785,-0.005008287637330532,-0.005008287637330542,-0.003017585847315628,-0.003017585847315628,-0.004912427073698497,-0.0049124270736985096
2024-01-31,-3.2557464048445984e-05,-3.2557464048445984e-05,0.0009808508725299922,0.000980850872529994,0.0007801806486802684,0.0007801806486802684,0.0002312389220439444,0.00023123892204394484
2024-02-01,0.003319618402100534,0.003319618402100534,0.0033988267436824405,0.0033988267436824465,0.005486049156762962,0.005486049156762962,0.0035156643033214673,0.003515664303321475
2024-02-02,-0.009040397470252922,-0.009040397470252922,-0.00816958183901463,-0.008169581839014645,-0.0053988917019552225,-0.0053988917019552225,-0.0029796244385432422,-0.0029796244385432488
2024-02-05,0.02050181967513271,0.02050181967513271,0.01867437845693396,0.018674378456933996,0.015488422273688747,0.015488422273688747,0.012429536935736243,0.01242953693573627
2024-02-06,0.008449652543132995,0.008449652543132995,0.0061406010031656594,0.006140601003165669,0.008105338104143895,0.008105338104143895,0.006017896614119957,0.006017896614119969
2024-02-07,-0.005843140125398119,-0.005843140125398119,-0.006034228284015009,-0.006034228284015018,-0.0041666233909487815,-0.0041666233909487815,-9.49111159932509e-05,-9.49111159932511e-05
2024-02-08,0.0021064269199581515,0.0021064269199581515,0.0009685504292628636,0.0009685504292628649,-0.0010021124230675882,-0.0010021124230675882,-0.001192121486329851,-0.001192121486329853
2024-02-09,0.004899309559561796,0.004899309559561796,0.0034492555387132533,0.0034492555387132585,0.0017555440797264576,0.0017555440797264576,-0.00014618039971570876,-0.00014618039971570903
2024-02-12,-0.00023326798764470094,-0.00023326798764470094,-0.0020832605677559707,-0.0020832605677559737,-0.0020365966449727765,-0.0020365966449727765,-0.00034679781062505344,-0.0003467978106250541
2024-02-13,0.0013758350076751775,0.0013758350076751775,0.0018982719117713995,0.0018982719117714023,0.00014305074934722607,0.00014305074934722607,0.0033987946126267207,0.0033987946126267272
2024-02-14,0.01701747373026563,0.01701747373026563,0.015235782860535995,0.015235782860536019,0.015486510905553207,0.015486510905553207,0.014552846856302598,0.014552846856302598
2024-02-15,-0.003140418630723087,-0.003140418630723087,-0.0036335954098604554,-0.0036335954098604593,-0.0034352707885440363,-0.0034352707885440363,-0.0011042877696266302,-0.0011042877696266322
2024-02-16,-0.00941726965934832,-0.00941726965934832,-0.007242143500912798,-0.007242143500912808,-0.006969736100454287,-0.006969736100454287,-0.005858365894482264,-0.005858365894482275
2024-02-19,0.0015230569052076077,0.0015230569052076164,-0.000153423958524508,-0.00015342395852450822,0.0012139964782463442,0.0012139964782463442,0.002344931064785509,0.0023449310647855135
2024-02-20,0.004408140027193289,0.004408140027193315,0.0026527097715090832,0.0026527097715090867,0.0005895235001293804,0.0005895235001293804,-0.0013692395085473028,-0.001369239508547305
2024-02-21,-0.0029646555252833867,-0.002964655525283404,-0.0031670561648679194,-0.0031670561648679237,-0.0027144835782288972,-0.0027144835782288972,-0.004363835601087129,-0.004363835601087136
2024-02-22,-0.00042458896361725857,-0.0004245889636172611,-0.0008499905654140099,-0.0008499905654140111,0.0001711791669809727,0.0001711791669809727,0.0010698206860103472,0.001069820686010349
2024-02-23,-7.105016724812425e-06,-7.105016724812466e-06,-0.0007017919779053887,-0.0007017919779053897,-0.0052241369637713395,-0.0052241369637713395,-0.009832978060724909,-0.009832978060724909
2024-02-26,0.0010410210301454088,0.0010410210301454088,0.0010866143668991565,0.0010866143668991583,-0.000627830364229923,-0.000627830364229923,-0.0028095054494924267,-0.0028095054494924323
2024-02-27,-0.0021656955845701215,-0.0021656955845701215,-0.0005530801052901152,-0.0005530801052901162,-0.0013981201872392901,-0.0013981201872392901,-0.0002231508917676841,-0.0002231508917676845
2024-02-28,0.0007141235234621655,0.0007141235234621655,0.0003409318098386285,0.00034093180983862904,0.0036043181602109582,0.0036043181602109582,0.005387867295829081,0.005387867295829081
2024-02-29,0.000618951124092192,0.000618951124092192,0.004011582717065465,0.004011582717065471,0.0007061499099580712,0.0007061499099580712,-0.003401991353527915,-0.003401991353527915
2024-03-01,0.0032944639516118463,0.0032944639516118463,0.002878563759086844,0.0028785637590868487,0.00553531696126914,0.00553531696126914,0.008650384201608637,0.008650384201608637
2024-03-04,-0.004305237849106334,-0.004305237849106334,-0.004001872748761517,-0.0040018727487615225,-0.004833823328818985,-0.004833823328818985,-0.0009930131203956174,-0.0009930131203956174
2024-03-05,0.002018787921537472,0.002018787921537472,0.001807478722827087,0.00180747872282709,0.005893067016935415,0.005893067016935415,0.007721998001013648,0.007721998001013648
2024-03-06,-0.0020357523880120366,-0.0020357523880120366,-0.0010213758670664268,-0.0010213758670664286,0.0008759895615136755,0.0008759895615136755,0.001754806136913692,0.001754806136913692
2024-03-07,-0.0069852829094018375,-0.0069852829094018375,-0.007067322953445554,-0.007067322953445566,-0.005926652796989365,-0.005926652796989365,-0.0010938326864674086,-0.0010938326864674086
2024-03-08,-0.015092029417241897,-0.015092029417241897,-0.014194035846364987,-0.01419403584636501,-0.011471212691814812,-0.011471212691814812,-0.011688459567897942,-0.011688459567897942
2024-03-11,-0.002919096223049668,-0.002919096223049668,-0.002250993398019127,-0.002250993398019131,-0.0022531572455594473,-0.0022531572455594473,-0.004956468484582484,-0.004956468484582484
2024-03-12,0.0013413566050205887,0.0013413566050205887,0.0014766862033043296,0.001476686203304332,0.004298867046476312,0.004298867046476312,0.005889029928368196,0.005889029928368196
2024-03-13,0.003365318940447313,0.003365318940447313,0.003688138875082368,0.003688138875082375,0.0042522233802568254,0.0042522233802568254,0.0040391947823120635,0.0040391947823120635
2024-03-14,-0.0006050435201054778,-0.0006050435201054778,-0.00128867746429566,-0.001288677464295662,0.0015293830416122241,0.0015293830416122241,0.0062275532871721075,0.0062275532871721075
2024-03-15,0.01093954551402017,0.01093954551402017,0.008368203480343069,0.008368203480343084,0.007430391814202974,0.007430391814202974,0.008724169327538714,0.008724169327538714
2024-03-18,0.0016469437570399725,0.0016469437570399725,0.005562711102810877,0.005562711102810887,0.005041523427302772,0.005041523427302772,0.0020248768480791066,0.0020248768480791066
2024-03-19,0.0028099354388217423,0.0028099354388217423,0.00220059791513755,0.0022005979151375537,-0.000696228792495106,-0.000696228792495106,-0.0019740113662861185,-0.0019740113662861185
2024-03-20,0.007391662956253065,0.007391662956253065,0.007895693629659629,0.007895693629659641,0.005950226581253159,0.005950226581253159,0.01000709564916823,0.01000709564916823
2024-03-21,-0.012594246181267232,-0.012594246181267232,-0.012087631634334706,-0.012087631634334725,-0.006400987636739631,-0.006400987636739631,0.0014969234476587179,0.0014969234476587179
2024-03-22,0.01630786776808924,0.01630786776808924,0.015101276431270511,0.015101276431270535,0.01297299672731,0.01297299672731,0.012688396024604412,0.012688396024604412
2024-03-25,0.006083325829922094,0.006083325829922094,0.007580472185670769,0.007580472185670781,0.005978504100092229,0.005978504100092229,0.0012655040273403726,0.0012655040273403726
2024-03-26,-0.002841662155296489,-0.002841662155296489,-0.0027425722823848724,-0.002742572282384877,0.0004657029436443974,0.0004657029436443974,0.0059434024855580725,0.0059434024855580725
2024-03-27,0.003505204233380291,0.003505204233380291,0.0022932149769137105,0.002293214976913714,0.003272320754369052,0.003272320754369052,0.003279897938001366,0.003279897938001366
2024-03-28,0.0017451493268151718,0.0017451493268151718,0.0021930384492334573,0.002193038449233461,0.00555484428836913,0.00555484428836913,0.007428250305434472,0.007428250305434472
2024-03-29,-0.0035370265353670194,-0.0035370265353670194,-0.001767429399836056,-0.0017674293998360588,-0.00023692424203574194,-0.00023692424203574194,0.0008446240135422305,0.0008446240135422305
2024-03-31,-0.00043182332653613707,-0.00043182332653613707,-0.0010072231680067205,-0.0010072231680067223,0.0011756095799305651,0.0011756095799305651,0.003110179310038366,0.003110179310038366
2024-04-01,0.0096571713803849,0.0096571713803849,0.009444948470544674,0.009444948470544693,0.010135284962687164,0.010135284962687164,0.00695019355944875,0.00695019355944875
2024-04-02,-0.0017517713644978339,-0.0017517713644978339,-0.002303836892649639,-0.002303836892649643,-0.002194842609656578,-0.002194842609656578,0.0041347425792747,0.0041347425792747
2024-04-03,-0.008952120206983792,-0.008952120206983792,-0.009462879961629323,-0.00946287996162934,-0.009272138793874488,-0.009272138793874488,-0.0065004076642107365,-0.0065004076642107365
2024-04-04,-0.00044729201141152056,-0.00044729201141152316,-0.0010510741614665599,-0.0010510741614665614,-0.0006373053546859241,-0.0006373053546859241,-0.0030885196532244395,-0.0030885196532244395
2024-04-07,0.004233631237599288,0.0042336312375993125,0.00447984766310183,0.004479847663101837,0.004966979995382065,0.004966979995382065,0.005879325034043507,0.005879325034043507
2024-04-08,-0.004224554174864914,-0.004224554174864939,-0.003228127130975168,-0.0032281271309751738,-0.003492516661857054,-0.003492516661857054,0.002299589286887142,0.002299589286887142
2024-04-09,0.0016500275747210313,0.001650027574721041,-0.002180832343536713,-0.0021808323435367166,0.0025252351158387277,0.0025252351158387277,0.0021949854486526797,0.0021949854486526797
2024-04-10,0.022542338730374173,0.022542338730374308,0.022934815925102214,0.02293481592510225,0.01709691714248852,0.01709691714248852,0.012060889154829304,0.012060889154829304
2024-04-11,-0.0008689863500369017,-0.0008689863500369061,-0.0020513555862859212,-0.0020513555862859243,0.0005381203979126991,0.0005381203979126991,0.002724318835714804,0.002724318835714804
2024-04-14,0.009910360841007076,0.009910360841007127,0.010589230758922095,0.01058923075892211,0.006358937615259077,0.006358937615259077,0.0028876045226593743,0.0028876045226593743
2024-04-15,0.0031491410620609023,0.0031491410620609174,0.0046150398639516746,0.0046150398639516815,0.002870344779893039,0.002870344779893039,0.0016101785165582297,0.0016101785165582297
2024-04-16,0.005190758764413491,0.005190758764413515,0.004030667142381216,0.004030667142381221,-0.0012171933403294062,-0.0012171933403294062,-0.008123317355329814,-0.008123317355329814
2024-04-17,-0.006327868213050213,-0.006327868213050241,-0.005448540800482193,-0.0054485408004822,-0.0018172121539762518,-0.0018172121539762518,-0.0011031091607008616,-0.0011031091607008616
2024-04-18,0.003168416209473152,0.0031684162094731665,0.002952898131966833,0.002952898131966837,0.00021573433776683407,0.00021573433776683407,-0.0028394429414089497,-0.0028394429414089497
2024-04-21,6.239316728885139e-05,6.239316728885169e-05,0.00020703864948183238,0.00020703864948183262,-0.002066383226261302,-0.002066383226261302,-0.0030405762097130713,-0.0030405762097130713
2024-04-22,0.0006162634649860925,0.0006162634649860953,-0.0005781320924970989,-0.0005781320924970997,-0.002844038229690824,-0.002844038229690824,-0.0030692116660685238,-0.0030692116660685238
2024-04-23,-0.007428278720578356,-0.0074282787205783895,-0.006625265853936017,-0.006625265853936026,-0.004693210736595332,-0.004693210736595332,0.0019036322402410078,0.0019036322402410078
2024-04-24,0.003334613516882756,0.003334613516882771,0.0026679778380683983,0.0026679778380684018,0.002790782234284075,0.002790782234284075,0.00046998048210824877,0.00046998048210824877
2024-04-25,-0.003696529403965319,-0.0036965294039653365,-0.004036908989748238,-0.004036908989748243,-0.0026525643108792143,-0.0026525643108792143,0.00045092273309007994,0.00045092273309007994
2024-04-28,0.006075174804774711,0.006075174804774738,0.00531167071336496,0.005311670713364967,0.010791483859493913,0.010791483859493913,0.01944200261315906,0.01944200261315906
2024-04-29,-0.007276659864587668,-0.0072766598645877065,-0.007027260492289896,-0.007027260492289907,-0.0006157846597516198,-0.0006157846597516198,0.0012328701826993243,0.0012328701826993243
2024-04-30,0.014031889584416686,0.014031889584416762,0.015953424102021677,0.0159534241020217,0.010692057859874182,0.010692057859874182,0.00825278374262325,0.00825278374262325
2024-05-01,-0.011197616404875523,-0.01119761640487558,-0.011395734764541962,-0.011395734764541976,-0.0057488975128625296,-0.0057488975128625296,-0.0024145784504465448,-0.0024145784504465448
2024-05-02,-0.011246688892347837,-0.01124668889234789,-0.010477194199638724,-0.010477194199638738,-0.010861467817370386,-0.010861467817370386,-0.01569937429416926,-0.01569937429416926
2024-05-05,0.0002803993135233607,0.0002803993135233619,-0.0019162568164673266,-0.0019162568164673285,-0.0035204791115809623,-0.0035204791115809623,-0.0031339369265776258,-0.0031339369265776258
2024-05-06,-3.7784620023739635e-05,-3.7784620023739805e-05,-0.00012557467773395195,-0.00012557467773395212,0.0014534941515769273,0.0014534941515769273,0.0065867751958798605,0.0065867751958798605
2024-05-07,0.0073432198321275255,0.007343219832127558,0.006339671350852288,0.006339671350852295,0.00850542343796598,0.00850542343796598,0.005220956573770588,0.005220956573770588
2024-05-08,0.0030342871718337314,0.003034287171833746,0.00202709583164601,0.0020270958316460125,0.0017091386089946666,0.0017091386089946666,0.002256993957858392,0.002256993957858392
2024-05-09,-0.005088000523912176,-0.0050880005239122015,-0.005628432976651669,-0.005628432976651677,-0.0029756992259212644,-0.0029756992259212644,0.0013571535643340826,0.0013571535643340826
2024-05-12,0.0021557007229240197,0.0021557007229240305,0.002582264022806222,0.0025822640228062256,0.0028960905284303373,0.0028960905284303373,0.004454206697454281,0.004454206697454281
2024-05-13,-0.0009047687251363054,-0.00090476872513631,-0.0009609195865517655,-0.0009609195865517669,-0.0009941726183762699,-0.0009941726183762699,0.0024781997382580835,0.0024781997382580835
2024-05-14,-0.0010062096517155649,-0.0010062096517155698,-0.0017988963244961352,-0.0017988963244961378,-0.0033576942644448675,-0.0033576942644448675,-0.005072874078663633,-0.005072874078663633
2024-05-15,-0.014354709682616724,-0.014354709682616797,-0.015666315020305004,-0.015666315020305025,-0.012894460551810963,-0.012894460551810963,-0.012014548554019896,-0.012014548554019896
2024-05-16,0.005221091478303316,0.00522109147830334,0.004357988472232237,0.004357988472232243,0.007759720903898749,0.007759720903898749,0.010113291824887963,0.010113291824887963
2024-05-19,0.00277879029274099,0.0027787902927410026,0.0015689185805692315,0.0015689185805692334,0.0031737854480569606,0.0031737854480569606,0.008673985349695826,0.008673985349695826
2024-05-20,0.0028173859662496943,0.002817385966249707,0.0035418294595290557,0.00354182945952906,0.0028693674451516897,0.0028693674451516897,0.003903166162219255,0.003903166162219255
2024-05-21,0.0004378720656455333,0.00043787206564553524,0.001013608346200409,0.00101360834620041,0.0005523912263454276,0.0005523912263454276,0.0024112663220677323,0.0024112663220677323
2024-05-22,0.007946873108728934,0.007946873108728969,0.00587948054541305,0.005879480545413056,0.003865404160905426,0.003865404160905426,-0.00038326219231121414,-0.00038326219231121414
2024-05-23,0.003715044500481088,0.003715044500481104,0.0030402020799403322,0.0030402020799403357,-0.0019510567574934686,-0.0019510567574934686,-0.005660088248009395,-0.005660088248009395
2024-05-26,-0.003983601118811264,-0.003983601118811281,-0.004280128756643449,-0.004280128756643453,-0.005103509427425819,-0.005103509427425819,-0.0019372767537619256,-0.0019372767537619256
2024-05-27,-0.0028007153542053886,-0.002800715354205401,-0.0036354195766558437,-0.003635419576655847,-0.004385337662252747,-0.004385337662252747,-0.00013138194187811345,-0.00013138194187811345
2024-05-28,0.0012550507125853039,0.0012550507125853093,0.0015200132767196576,0.001520013276719659,-0.00017989637194881794,-0.00017989637194881794,-0.0023534076450895634,-0.0023534076450895634
2024-05-29,0.007253347871997417,0.007253347871997449,0.00693772410213379,0.006937724102133796,0.0036684445778867206,0.0036684445778867206,-0.0026867467543127384,-0.0026867467543127384
2024-05-30,-0.008873781459492486,-0.008873781459492526,-0.007095400585668438,-0.007095400585668445,-0.013497818566941676,-0.013497818566941676,-0.01964209727294907,-0.01964209727294907
2024-06-02,-0.0023995980542555273,-0.002399598054255538,-0.003436122811829411,-0.003436122811829415,-0.005144718422581341,-0.005144718422581341,-0.004302535958892953,-0.0043025359588929595
2024-06-03,-0.007740197405186849,-0.007740197405186883,-0.008232464632083053,-0.00823246463208306,-0.017786819070521508,-0.017786819070521508,-0.02856381721528876,-0.028563817215288813
2024-06-04,0.00035256701361550247,0.0003525670136155041,0.0011548400716986974,0.0011548400716986987,-0.0011267679723672396,-0.0011267679723672372,-0.010013441989749803,-0.010013441989749818
2024-06-05,0.0037895236499196844,0.0037895236499197,0.001959377009198041,0.001959377009198043,0.0038930872165542298,0.0038930872165542207,0.004744169880426955,0.004744169880426963
2024-06-06,-0.0033383840955047593,-0.0033383840955047736,-0.002662424054119999,-0.002662424054120001,-0.008863465175209563,-0.008863465175209546,-0.011456881594829361,-0.01145688159482938
2024-06-09,0.013271277468183459,0.013271277468183518,0.01465753406295061,0.014657534062950624,0.012572829026639903,0.012572829026639877,0.008446301942854617,0.008446301942854631
2024-06-10,0.0013533519126989438,0.0013533519126989494,3.2498610556912414e-05,3.249861055691244e-05,-0.0003844303024424256,-0.0003844303024424249,0.0019739109697692633,0.001973910969769266
2024-06-11,0.0021619120505243744,0.0021619120505243835,0.0008677301166045887,0.0008677301166045893,0.0018439655212085307,0.0018439655212085272,0.00043243567377372144,0.0004324356737737222
2024-06-12,-0.007498593794748711,-0.007498593794748742,-0.007734964655611764,-0.007734964655611772,-0.010508809989122004,-0.010508809989121985,-0.008485703927123646,-0.008485703927123662
2024-06-13,0.0051571185422145,0.005157118542214524,0.005201343460478488,0.005201343460478492,0.011838551794988262,0.01183855179498824,0.01343486808155993,0.013434868081559954
2024-06-16,0.0027747595354132007,0.002774759535413214,0.003271638764923283,0.0032716387649232856,0.004192049672826928,0.0041920496728269216,0.0035924663229030974,0.0035924663229031034
2024-06-17,-0.003892384240116752,-0.003892384240116771,-0.0030518751660840917,-0.0030518751660840943,-0.003842196813621737,-0.0038421968136217303,-0.002711141616046425,-0.002711141616046429
2024-06-18,-0.0029805141293324997,-0.002980514129332514,-0.002444439327123656,-0.0024444393271236577,9.973043560141413e-05,9.973043560141393e-05,0.00455915559407592,0.004559155594075928
2024-06-19,-0.0006412279491553171,-0.0006412279491553201,-0.0005018177014273226,-0.000501817701427323,0.0005644822503259281,0.000564482250325927,0.002327453971447021,0.002327453971447025
2024-06-20,0.007478917477248728,0.007478917477248761,0.006672504851190711,0.006672504851190716,0.006529392620669921,0.006529392620669908,0.009893135200075053,0.009893135200075068
2024-06-23,0.006024535874248846,0.006024535874248874,0.005237542086352887,0.005237542086352891,0.008338921064735764,0.00833892106473575,0.008901143403020045,0.008901143403020057
2024-06-24,-0.005243102529352556,-0.00524310252935258,-0.004530880305416737,-0.004530880305416741,-0.004375772667014806,-0.0043757726670147976,-0.0017405580064219547,-0.001740558006421957
2024-06-25,0.002403637006505858,0.0024036370065058693,0.0019404829416367298,0.0019404829416367316,0.0002459586870339855,0.00024595868703398494,-0.0031563826451765087,-0.003156382645176513
2024-06-26,0.00475196881779444,0.004751968817794464,0.005581322677048195,0.005581322677048199,0.005291392498886263,0.0052913924988862516,0.004531278503349522,0.004531278503349528
2024-06-27,-0.0008186547676541536,-0.0008186547676541575,-0.0008581942812712901,-0.0008581942812712908,-0.005966473653003545,-0.005966473653003534,-0.006672803142272772,-0.00667280314227278
2024-06-30,-0.0007893406064500854,-0.0007893406064500892,-0.0013322308152568857,-0.001332230815256887,0.0061903178957901815,0.006190317895790171,0.009836554871720762,0.009836554871720776
2024-07-01,0.00370384797250884,0.0037038479725088587,0.004577111666074497,0.004577111666074502,-0.002143350766996493,-0.002143350766996489,-0.0037943707393447343,-0.00379437073934474
2024-07-02,-0.0027584375741082404,-0.002758437574108254,-0.003007848769511792,-0.003007848769511795,-0.004358319501403372,-0.0043583195014033635,-0.003813536277472134,-0.003813536277472139
2024-07-03,-0.004035757503460927,-0.004035757503460946,-0.004374177433191519,-0.004374177433191523,-0.0039996622945174184,-0.0039996622945174115,-0.0003178661261089732,-0.0003178661261089736
2024-07-04,-0.0051967948255904235,-0.005196794825590454,-0.004059567608919854,-0.004059567608919858,0.0013588325415365792,0.0013588325415365792,0.004795264803687746,0.004795264803687754
2024-07-07,-0.004790470722970413,-0.004790470722970441,-0.00556334283022056,-0.005563342830220566,-0.0032043002928347254,-0.0032043002928347254,-0.004065164124362105,-0.0040651641243621105
2024-07-08,0.0007919326989877624,0.0007919326989877672,0.0011558066346347051,0.0011558066346347064,0.007887906746957002,0.007887906746957002,0.010185333031526052,0.010185333031526066
2024-07-09,0.0026756659119518585,0.0026756659119518754,0.0023291143318449874,0.00232911433184499,0.0014622252590994734,0.00146222525909947,0.001201992931256955,0.0012019929312569566
2024-07-10,-0.004871545103119605,-0.004871545103119635,-0.0016885295441493278,-0.0016885295441493298,0.001217817382746442,0.0012178173827464393,0.002899362205816659,0.0028993622058166623
2024-07-11,-0.014620496153053419,-0.014620496153053419,-0.011907267411926728,-0.011907267411926742,-0.007471903313096351,-0.0074719033130963355,-0.007708524532873901,-0.00770852453287391
2024-07-14,-0.00045348461177305413,-0.00045348461177305673,-0.00041559281270482347,-0.0004155928127048239,0.0029869354838971446,0.0029869354838971385,0.0038152219930972535,0.0038152219930972574
2024-07-15,-0.0006887944229880884,-0.0006887944229880924,-0.0005534355649548352,-0.0005534355649548359,-0.0010882942069574306,-0.0010882942069574285,-0.004363577928457729,-0.004363577928457734
2024-07-16,-0.00010449901000206499,-0.0001044990100020656,0.0013434809753264936,0.0013434809753264951,0.0021898571566023755,0.0021898571566023703,0.0037623697119413776,0.0037623697119413824
2024-07-17,-0.013154302655324333,-0.01315430265532441,-0.011112973820969667,-0.01111297382096968,-0.013053503104521623,-0.013053503104521599,-0.015488838905231493,-0.015488838905231513
2024-07-18,0.00766988252379817,0.0076698825237982125,0.00616132707306384,0.006161327073063847,0.00493643058600523,0.0049364305860052195,0.001548805193281226,0.001548805193281228
2024-07-21,0.00585780850921859,0.005857808509218623,0.004729563411053077,0.004729563411053082,0.004407368071739728,0.0044073680717397175,0.0015475506370205938,0.0015475506370205955
2024-07-22,-0.0011985792215127525,-0.0011985792215127593,0.004484311096174416,0.00448431109617442,0.004526467946501025,0.004526467946501017,0.0043587993662186925,0.004358799366218699
2024-07-23,0.001354805901429142,0.0013548059014291498,0.0024848828587726397,0.002484882858772642,-0.002144153702431842,-0.0021441537024318377,-0.006227706272780723,-0.006227706272780731
2024-07-24,-0.004353078334298387,-0.004353078334298414,-0.0035601470256129593,-0.003560147025612963,-0.004587806259965308,-0.004587806259965298,-0.00889030942132413,-0.008890309421324143
2024-07-25,-0.0036620741545851953,-0.0036620741545851953,0.0007343607807339828,0.0007343607807339834,-0.002062965927748743,-0.002062965927748738,-0.0020172279612191246,-0.0020172279612191276
2024-07-28,0.0021785098297484613,0.0021785098297484613,0.0019322678502137296,0.0019322678502137322,0.0020744612024096868,0.0020744612024096868,0.0040828443568778185,0.004082844356877824
2024-07-29,0.002108696321137904,0.002108696321137904,0.0025586705090978835,0.0025586705090978865,-0.0023771268515843415,-0.0023771268515843415,-0.003324749242509701,-0.003324749242509705
2024-07-30,-0.0018126850718201048,-0.0018126850718201048,-0.0031266644655445156,-0.00312666446554452,-0.005344907392137313,-0.005344907392137313,-0.007761411061599419,-0.007761411061599431
2024-07-31,-0.008752670274859806,-0.008752670274859806,-0.010828394167716903,-0.010828394167716915,-0.0051973128179875015,-0.0051973128179875015,-0.006363513328347993,-0.006363513328348003
2024-08-01,0.006220273151210555,0.006220273151210555,0.0062875733273495965,0.006287573327349604,0.0009954689832672495,0.0009954689832672495,-0.007544464911885629,-0.007544464911885641
2024-08-04,-0.024590715708914614,-0.024590715708914614,-0.021729277683575753,-0.021729277683575774,-0.029377931842614287,-0.029377931842614287,-0.036327432222464734,-0.03632743222246479
2024-08-05,-0.004440362952160949,-0.004440362952160973,-0.003943299476173972,-0.003943299476173975,0.00012387243760493262,0.0001238724376049324,0.0012896660593823832,0.0012896660593823847
2024-08-06,0.0014655307429557163,0.0014655307429557243,-9.56508581667823e-05,-9.56508581667824e-05,-0.006288972401211639,-0.006288972401211628,-0.007837741382357183,-0.007837741382357192
2024-08-07,0.007059610868364109,0.007059610868364147,0.005287809417098299,0.005287809417098303,0.0056374528388064725,0.005637452838806462,0.008474899818253633,0.00847489981825364
2024-08-08,0.0025413695006971356,0.0025413695006971503,0.0009600193352842111,0.0009600193352842121,0.009466876396092026,0.00946687639609201,0.014372269569033022,0.014372269569033036
2024-08-11,-0.003234010060313737,-0.003234010060313756,-0.002081825566244932,-0.002081825566244934,-0.0010424344688822445,-0.0010424344688822428,-2.3522876453952562e-05,-2.352287645395258e-05
2024-08-12,0.0009530398968536848,0.0009530398968536902,-0.0008748160696617702,-0.0008748160696617711,-0.0020473807619596643,-0.002047380761959661,-0.003217832690987683,-0.003217832690987686
2024-08-13,-0.005569030452412061,-0.005569030452412094,-0.00816507850074263,-0.00816507850074264,-0.003176640303260607,-0.003176640303260602,0.00067435772953099,0.0006743577295309906
2024-08-14,-0.001226738557436772,-0.0012267385574367792,0.003531861263468935,0.003531861263468938,0.002198809458879385,0.002198809458879381,0.0035779643195663732,0.0035779643195663763
2024-08-15,0.004593614832616302,0.004593614832616328,0.003920027825847246,0.003920027825847251,0.008315101260581187,0.008315101260581173,0.009202160884092718,0.009202160884092724
2024-08-18,-0.0030262458603888204,-0.003026245860388838,-0.005977006222648146,-0.0059770062226481525,-0.0035632633948750932,-0.003563263394875087,-0.0021150716320404036,-0.0021150716320404053
2024-08-19,-0.014755305221794045,-0.014755305221794133,-0.016115729194073027,-0.016115729194073045,-0.013154120695623436,-0.013154120695623413,-0.006681972218862844,-0.006681972218862848
2024-08-20,-0.009045606696806183,-0.009045606696806234,-0.009864190049595883,-0.009864190049595893,-0.011285839143752512,-0.011285839143752493,-0.011746160018364598,-0.011746160018364605
2024-08-21,-0.005153659988973969,-0.005153659988973997,-0.0046185598868909855,-0.004618559886890992,-0.008980287595584231,-0.008980287595584216,-0.008595922127276216,-0.008595922127276221
2024-08-22,0.006650183817468028,0.006650183817468067,0.006656605623121491,0.0066566056231215,0.001974522001415055,0.001974522001415052,-0.0007794442935516121,-0.0007794442935516126
2024-08-25,-0.016534538652223936,-0.016534538652224037,-0.018369220988195774,-0.018369220988195795,-0.005790415505856264,-0.005790415505856255,-1.8370949951271757e-05,-1.8370949951271767e-05
2024-08-26,0.001867561224901967,0.0018675612249019768,0.0025148408423547658,0.002514840842354769,0.001661448297881238,0.0016614482978812358,0.0003798186681576867,0.000379818668157687
2024-08-27,-0.005592489309236058,-0.005592489309236087,-0.006688274919968588,-0.006688274919968596,-0.011466617711238228,-0.01146661771123821,-0.009927880961060832,-0.009927880961060839
2024-08-28,0.006074133868422694,0.006074133868422727,0.005050709246685315,0.00505070924668532,0.006917832949605271,0.006917832949605261,0.0048450417203483925,0.004845041720348396
2024-08-29,0.007244733378923182,0.007244733378923219,0.005030617085908568,0.005030617085908572,0.0026938488032301295,0.0026938488032301256,0.001828397865457,0.0018283978654570008
2024-09-01,0.008830416284864792,0.008830416284864835,0.008070732236380367,0.008070732236380376,0.009242946213909047,0.009242946213909035,0.006534149112634151,0.006534149112634155
2024-09-02,-0.0017864151910285567,-0.001786415191028566,-0.0004780930759732371,-0.00047809307597323754,-0.0030535126525166236,-0.0030535126525166193,-0.001414382779099202,-0.0014143827790992027
2024-09-03,0.00024017616173162184,0.00024017616173162312,0.0025288423756405273,0.0025288423756405294,0.0018068505498532348,0.001806850549853232,-0.0025728927752649553,-0.002572892775264957
2024-09-04,-0.0103502286934726,-0.010350228693472657,-0.008761866036350447,-0.008761866036350452,-0.00970622707159634,-0.009706227071596326,-0.008434742803270409,-0.008434742803270412
2024-09-05,-0.0019567068535267483,-0.0019567068535267583,-0.0037236044773558555,-0.00372360447735586,0.0027316888940404223,0.0027316888940404184,0.0032796354572684197,0.003279635457268421
2024-09-08,0.002475917169444738,0.0024759171694447514,0.005018989744787433,0.005018989744787438,0.002113768648861384,0.0021137686488613807,-0.0022454237518002604,-0.0022454237518002617
2024-09-09,0.007312229879700403,0.007312229879700444,0.007841237914462203,0.00784123791446221,0.009218669213254102,0.009218669213254089,0.006314979832384693,0.006314979832384698
2024-09-10,-0.0012679243660132448,-0.0012679243660132515,-0.0014995548722589905,-0.0014995548722589918,-0.005155866709122184,-0.005155866709122177,-0.006273948862560193,-0.006273948862560196
2024-09-11,0.0020924796606675206,0.002092479660667532,0.0027583528870816863,0.0027583528870816893,0.007219164639590946,0.007219164639590937,0.008391072690678498,0.008391072690678503
2024-09-12,-0.008660068219124569,-0.008660068219124614,-0.01034568285419255,-0.01034568285419256,-0.0057906479889882735,-0.005790647988988266,-0.0014573302341091639,-0.0014573302341091645
2024-09-15,-0.0039324614915486715,-0.003932461491548692,-0.0020958674213041343,-0.002095867421304136,-0.0007230323823042087,-0.0007230323823042077,0.0018318924668786817,0.0018318924668786825
2024-09-16,-0.004845938075213946,-0.004845938075213974,-0.005830973634741423,-0.005830973634741428,-0.003275820090435068,-0.003275820090435063,-0.0015615166165407546,-0.0015615166165407553
2024-09-17,0.00540889878229944,0.005408898782299469,0.004680383566104265,0.004680383566104269,0.004556090237648406,0.004556090237648399,0.004839982945235005,0.004839982945235007
2024-09-18,0.0033005237630110897,0.0033005237630111084,0.001991243720640229,0.001991243720640231,0.0019411270847195072,0.0019411270847195044,0.0016499958973469392,0.0016499958973469398
2024-09-19,-0.005531670325766472,-0.0055316703257664995,-0.006221005266631527,-0.006221005266631534,-0.006612624412409665,-0.006612624412409657,-0.002139555531884229,-0.002139555531884229
2024-09-22,0.0038718839093231927,0.003871883909323213,0.003334559918626679,0.003334559918626681,0.0026357491714899387,0.002635749171489935,0.004250279247142728,0.004250279247142731
2024-09-23,-0.0022050211694425877,-0.0022050211694425994,-0.0035244765546498377,-0.003524476554649841,4.824376140357484e-06,4.824376140357478e-06,0.000780041514782316,0.0007800415147823164
2024-09-24,-0.011404326928798445,-0.011404326928798506,-0.014270738447904044,-0.01427073844790406,-0.008749471685744923,-0.00874947168574491,-0.004684620785339267,-0.004684620785339269
2024-09-25,0.014933086680263144,0.01493308668026322,0.017417704340335568,0.017417704340335585,0.011142088352444741,0.011142088352444728,0.005219381172280452,0.005219381172280455
2024-09-26,-0.00458744735050342,-0.004587447350503442,-0.007388358430368524,-0.007388358430368529,-0.003676561124523579,-0.0036765611245235742,-0.0014486491454800882,-0.0014486491454800887
2024-09-29,-0.0064364110860183205,-0.006436411086018351,-0.006184676883343178,-0.006184676883343182,-0.004644401175208409,-0.004644401175208404,-0.00527007469216532,-0.005270074692165322
2024-09-30,0.0062893991190548105,0.00628939911905484,0.005396034153052191,0.005396034153052193,0.003732179853914942,0.003732179853914938,0.0025946300940928773,0.002594630094092878
2024-10-01,-0.0023008885456194833,-0.0023008885456194937,0.005593271889191822,0.005593271889191826,0.0016871656076029623,0.0016871656076029602,0.00401315364639615,0.004013153646396152
2024-10-02,0.008970426167794327,-0.00012794242051473447,0.00734176125995846,-7.178601819327396e-05,0.008087385719767706,0.008087385719767698,0.010438141992194458,0.01043814199219446
2024-10-03,-0.0022552971267823206,0.0,0.007506259391154405,0.0,-0.0010624153269517794,-0.0010624153269517779,0.001194368810904232,0.0011943688109042323
2024-10-06,0.005139410177802136,0.0,0.0070229609543582166,0.0,0.0073650772814438615,0.007365077281443852,0.006620487207464009,0.006620487207464012
2024-10-07,0.0019952923654296384,0.0,0.004903209231825465,0.0,0.0013289614117626876,0.001328961411762686,0.001910200881461488,0.0019102008814614888
2024-10-08,0.003603685558761258,0.0,0.0022976608887907324,0.0,-6.383008728373654e-05,-6.383008728373649e-05,-0.0032052965097764665,-0.0032052965097764683
2024-10-09,0.00335054158953012,0.0,0.006678288821288508,0.0,0.002837896968306078,0.0028378969683060746,0.0027214171163913443,0.002721417116391345
2024-10-10,-0.0012840285831020968,0.0,-0.001933089918395386,0.0,0.00024222542620773536,0.0002422254262077351,0.0006158308297202827,0.000615830829720283
2024-10-13,0.003651122816127356,0.0,0.0036595035120692717,0.0,0.004853924555811047,0.004853924555811041,0.00485393373816982,0.004853933738169822
2024-10-14,0.004474536930755032,0.0,0.002780909278267597,0.0,0.00237886997889371,0.002378869978893707,0.00011507962144638326,0.0001150796214463833
2024-10-15,-0.00044538976368087903,0.0,0.0013190880281875106,0.0,-0.004175093781942444,-0.00417509378194244,-0.00517805269632357,-0.005178052696323572
2024-10-16,0.0015236066805644891,0.0,0.0044773556361940615,0.0,0.002480879851594683,0.0024808798515946794,0.001968737231451975,0.0019687372314519756
2024-10-17,0.002873524555454737,0.0,0.0010161907027925914,0.0,0.003552086061798687,0.003552086061798683,0.00394797176348852,0.003947971763488521
2024-10-20,-0.0017566698996665806,0.0,-0.0037942195779507902,0.0,-0.0011460199837993754,-0.001146019983799374,-0.0021379036493604756,-0.002137903649360476
2024-10-21,0.003895950580140744,0.003973401919463417,0.008712841789650446,0.009374073793536258,0.002591126025301179,0.002591126025301177,0.002734553733708925,0.0027345537337089255
2024-10-22,3.2083787851338745e-06,3.3854443577182192e-06,-0.0010555876529356907,-0.001139200685130585,0.0004556166263590107,0.0004556166263590101,0.0017884058785018527,0.001788405878501853
2024-10-23,0.00017827361358040155,-0.00014069757225313305,0.00506706807822956,-7.529318183202478e-05,0.0006014409085026121,0.0006014409085026113,-0.00010749157336926315,-0.00010749157336926317
2024-10-24,0.0034613146938943518,0.0,-0.00010031778339177653,0.0,0.0022509074668726954,0.0022509074668726928,0.0021866290664696746,0.0021866290664696746
2024-10-28,0.005923561455733164,0.0,0.006679700685379403,0.0,0.004250990913320736,0.004250990913320731,0.003180285626904483,0.0031802856269044833
2024-10-29,0.00047147234965710905,0.0003318190321026221,-0.0008058383494133046,-0.0009725808030684091,-0.00044845735613510966,-0.00044845735613510896,-0.0022282399622275237,-0.0022282399622275233
2024-10-30,0.003589265858574382,0.0036837278789519493,0.0015668115447924858,0.0017287267797980723,0.0017007252345909195,0.0017007252345909172,0.0012942997034400567,0.0012942997034400567
2024-10-31,-0.004443502142548662,-0.004569738920559511,-0.0007000414646696268,-0.000771704927554776,-0.0028748042509961786,-0.0028748042509961743,-0.001816296185554803,-0.0018162961855548029
2024-11-01,-0.0031193927249828584,-0.003186486891474055,-0.003740964044740922,-0.004139223263710589,0.00044512815313643424,0.0004451281531364336,-0.0023944180297681963,-0.0023944180297681963
2024-11-04,-0.001767635362070114,-0.0018065398983708619,3.0207202116530984e-05,3.347450865589301e-05,0.0003998091912031181,0.0003998091912031181,0.0037549881230476223,0.0037549881230476223
2024-11-05,0.00025002663525076045,0.0002551146818751721,0.00021049232248866354,0.0002330917188181016,0.000939142479221036,0.000939142479221036,0.0006150506699937745,0.0006150506699937745
2024-11-06,-0.01457853163165937,-0.014872338903075662,-0.008616056765618912,-0.009536953760901036,-0.008990734238161935,-0.008990734238161935,0.00016165980083163202,0.00016165980083163202
2024-11-07,0.034159423603063774,0.03615451503866786,0.022185163942063844,0.024545771411028733,0.025078116764878262,0.02507811676487822,0.015712445082246954,0.015712445082246954
2024-11-08,-0.01722541171902238,-0.017969088436167617,-0.012462110025587269,-0.013434891310456302,-0.016098541026255974,-0.016098541026255957,-0.0042535130572358025,-0.004253513057235803
2024-11-11,0.012771924313525538,0.013326355532450426,0.009752705793450415,0.01052666344849666,0.011744470359800425,0.011744470359800412,0.002946564638038247,0.002946564638038248
2024-11-12,0.0032415700109030754,0.0033608442488678937,0.002874639741798783,0.003078038393986046,-0.0026607276792264445,-0.0026607276792264415,-0.005631361294113396,-0.0056313612941133965
2024-11-13,0.01547375140411282,0.016015442108508474,0.010044952888542529,0.010741242986047622,0.00923901781534383,0.009239017815343819,0.0012834757111657628,0.001283475711165763
2024-11-14,0.00985205377954511,0.01012023163601077,0.00842384693424335,0.008938653326563847,0.00977889293776491,0.009778892937764898,0.006906742535290016,0.006906742535290018
2024-11-15,0.010359319470933354,0.010600238912177838,0.008813034457308444,0.009297909024324941,0.010089202260564294,0.010089202260564282,0.008514247727223489,0.008514247727223489
2024-11-18,-0.002706993600830982,-0.002764520717634132,-0.0036259158625217306,-0.003816489959962628,-0.002147162581732579,-0.0021471625817325764,-0.002091396509099276,-0.002091396509099276
2024-11-19,-0.010413991103985908,-0.01062730782383286,-0.008549204948937562,-0.009007598364743994,-0.006990148685641269,-0.006990148685641261,-0.0005410196504739653,-0.0005410196504739654
2024-11-20,-0.005226331194352684,-0.0053417419247288375,-0.00469134437453992,-0.004953701510729373,-0.004694221383395802,-0.004694221383395797,9.149476201183784e-05,9.149476201183785e-05
2024-11-21,0.006519845953362867,0.00666466698678994,0.005440100888701329,0.00574371494318836,0.007231315566750167,0.007231315566750158,0.0025777601888568947,0.0025777601888568947
2024-11-22,0.00574685386986896,0.005870863825231548,0.003999984117979731,0.004220665176192506,0.004479230094762091,0.004479230094762087,0.002549165874488958,0.0025491658744889586
2024-11-25,-0.001885676540872561,-0.0019261863785025677,-0.0016278706757888008,-0.0017180832884506805,-0.0027234782391927378,-0.0027234782391927343,0.0014263749104133018,0.001426374910413302
2024-11-26,0.011427416938437815,-0.00010958306782182303,0.009731560606542927,-9.942211290869533e-05,0.010737268589323798,0.010737268589323782,-0.0006158868754099255,-0.0006158868754099256
2024-11-27,-0.004805114035652152,0.0,-0.00378749367920286,0.0,-0.007890185161373887,-0.007890185161373879,-0.010093425733753878,-0.01009342573375388
2024-11-28,-0.013628064835250938,0.0,-0.011054680748964686,0.0,-0.013475073690999559,-0.013475073690999545,-0.01157518599728646,-0.011575185997286462
2024-11-29,-0.003573568548010749,-0.004049871200312941,-0.0031330707702295715,-0.003599464934816727,-0.0004502919785926149,-0.0004502919785926144,0.002413289735613206,0.002413289735613207
2024-12-02,-0.0021004234450614895,-0.0023146769807157633,-0.0019867371056116623,-0.0022186817760610207,-0.0015402756351397904,-0.001540275635139789,-0.0024783885231111453,-0.0024783885231111458
2024-12-03,0.0055766515272105514,0.006147821290094217,0.004631696411169074,0.005184863175235608,0.006986270141295657,0.00698627014129565,0.005121556579513706,0.005121556579513708
2024-12-04,-5.1030693024433194e-05,-5.624080274157407e-05,0.00029238239165462653,0.00032781195334641273,0.0008600821388015828,0.000860082138801582,0.003349640295128243,0.0033496402951282435
2024-12-05,0.0038549146786539526,0.004248226975954485,0.004450115116658801,0.004987519042572098,0.0012010602774188447,0.0012010602774188434,-0.002403530035057768,-0.0024035300350577684
2024-12-06,-0.008222266159957506,-0.009053472571578144,-0.006977352990560876,-0.007808889733093059,-0.005695224169385676,-0.00569522416938567,-0.0034635607035929878,-0.0034635607035929895
2024-12-09,0.007199304033123408,0.00791827953422886,0.007094380113281745,0.007947012654172417,0.010742512641110522,0.01074251264111051,0.0046660562327191435,0.004666056232719144
2024-12-10,0.0017122661428712578,0.0018775804335311572,0.001735790245669108,0.0019347970401718346,0.002552978282375315,0.002552978282375312,0.00828226825942047,0.008282268259420472
2024-12-11,0.00633950516508503,0.006950522225057181,0.007144986510408148,0.007958489486436364,0.007833718087537547,0.007833718087537538,0.008281266206258046,0.008281266206258048
2024-12-12,0.0016374162478802069,0.001792775947876447,0.001373156255996845,0.0015254437139443308,0.0033872479939500055,0.0033872479939500016,0.007427110962218997,0.007427110962218998
2024-12-13,0.008372394435569865,0.009168291443548412,0.006604811973895096,0.007338155147448063,0.006470109992593961,0.006470109992593954,0.004320354138241672,0.004320354138241673
2024-12-16,0.001735888240486881,0.0018945385264023831,0.0017874512485238892,0.00197836774627823,0.0007329490472292812,0.0007329490472292805,0.0012546787911691369,0.0012546787911691369
2024-12-17,0.0002435103085836408,0.0002658289163218202,0.0005368530968561489,0.0005944648657398695,-0.0019377117156386052,-0.0019377117156386034,-0.0017398546697544241,-0.0017398546697544241
2024-12-18,0.001891692733870347,0.0020649751215406085,0.0024037504463476048,0.0026605292428570093,0.0006785408419883922,0.0006785408419883915,-0.004925637545338671,-0.004925637545338672
2024-12-19,0.019283714274936928,0.02108661877515029,0.017106083149545783,0.019000008286567407,0.015310793062383572,0.015310793062383556,-0.0071646748768700065,-0.007164674876870008
2024-12-20,0.009941801601845436,0.010761114755838443,0.009315617982434313,0.010318828073045768,0.010985874884145158,0.010985874884145146,0.017360786889683816,0.017360786889683823
2024-12-23,-0.007417122549575765,-0.00010358813713122835,-0.006608623619052153,-0.00010674708477028502,-0.004342008130953113,-0.004342008130953108,0.003263561352781942,0.0032635613527819433
2024-12-24,0.004898294244136598,0.0,0.004693951371209954,0.0,0.0010678474258695595,0.0010678474258695584,-0.0020292312591213653,-0.0020292312591213657
2024-12-25,0.0005377695768257615,0.0,0.0006454024023025053,0.0,-0.0007783508435033217,-0.0007783508435033208,-0.001637190749174628,-0.0016371907491746283
2024-12-26,-0.0007025328841099854,-0.0008776528526939403,-0.0006081736988153948,-0.0007932529424062791,-0.0009656630520954183,-0.0009656630520954173,-0.00016190368122185545,-0.00016190368122185548
2024-12-27,0.0037488344254975937,0.004107034947358282,0.0038960438619354398,0.004366160187569278,0.0018915620803750437,0.0018915620803750418,-0.004299538916558604,-0.004299538916558604
2024-12-30,-0.0008636687265827333,-0.000944040110267628,0.0001759872051090692,0.00019597734983445972,-0.0015925089341892996,-0.001592508934189298,0.00196293229258321,0.0019629322925832104
2024-12-31,-0.0005149049169036404,-0.0005626846608136884,-0.0012766047347027582,-0.0014154822759566308,-0.0014483400063013555,-0.001448340006301354,-0.0020371196078299235,-0.0020371196078299244
2025-01-02,0.004554928408196617,0.004980288344254806,0.008370435725482234,0.009270460263618824,-0.003564097580496867,-0.003564097580496863,-0.005911767159640886,-0.005911767159640889
2025-01-03,0.0007437699174361018,0.0008130993335129033,0.0034528514216102483,0.003814839770486459,0.006791645944336766,0.006791645944336757,0.01824220875680711,0.018242208756807113
2025-01-06,0.00023511413938735742,0.0002571621363996628,-0.0026660863683725137,-0.0029324087659570886,-0.00010540566441724828,-0.00010540566441724817,-0.004387580001579253,-0.004387580001579253
2025-01-07,-0.003044601420627979,-0.003327458512239159,-0.007216283694598,-0.007913950697196288,0.003004855225033564,0.0030048552250335606,0.004375302675518061,0.004375302675518062
2025-01-08,0.0029584618573816053,0.0032323129777501484,0.004450260696423616,0.004868300088722682,0.002862126627389865,0.002862126627389862,0.004987617378651947,0.004987617378651948
2025-01-09,-0.0005587523302876501,-0.0006104849757147622,0.004245280340843919,0.004643737421189851,-0.006093953911625872,-0.006093953911625864,-0.0035040139637570163,-0.003504013963757017
2025-01-10,-0.0005598713065573792,-0.0006115156067986454,0.002806105300036227,0.003070276979542791,-0.001564348532860105,-0.001564348532860103,-0.0012445445741821957,-0.0012445445741821961
2025-01-13,0.0006453556604678879,0.0007051483038793279,0.006153299812311952,0.006727531785150966,-0.0031111949498318623,-0.0031111949498318593,-0.001132343303059409,-0.0011323433030594092
2025-01-14,-0.002143788153630087,-0.00234363880432356,-0.006509814848268032,-0.007116249301966917,0.0016654621371777773,0.001665462137177776,0.0023149990801308814,0.0023149990801308823
2025-01-15,-0.0013262390397835262,-0.0014475565629780722,-0.0009607108621944708,-0.0010415107103689482,-0.0005976808643977911,-0.0005976808643977905,-0.0010225413210707963,-0.0010225413210707968
2025-01-16,-0.0017785751849198415,-0.0019406498327830923,-0.006742831034739897,-0.007323619247302672,-3.0097190556687844e-05,-3.0097190556687817e-05,-0.0045911227510943885,-0.004591122751094389
2025-01-17,-0.0007973671885824741,-0.0008697142944757299,0.0015439376268622086,0.001673382728965781,-0.005734667545911297,-0.005734667545911291,-0.011920229358707277,-0.011920229358707282
2025-01-20,0.0026615497995837217,0.002902868112692224,0.004469627153560233,0.0048345038036230565,0.00514061014719857,0.005140610147198564,0.013207395899981314,0.013207395899981317
2025-01-21,-0.0070798719472808065,-0.00772395427495055,-0.018006955111102136,-0.01947133854804286,-0.00037824304584033956,-0.0003782430458403392,-0.006880544295223066,-0.006880544295223069
2025-01-22,0.002461897582773758,0.00267437136187574,0.004080464512091333,0.00434020379542622,1.1570304777841187e-05,1.1570304777841173e-05,-0.0007846988320107625,-0.0007846988320107629
2025-01-23,0.001844843875514137,0.0020043093088525227,0.001281872927825981,0.0013635832785873737,0.0040983277133756916,0.004098327713375686,0.005775994862999727,0.0057759948629997285
2025-01-24,0.00018745928803184947,0.00020366238804681732,-0.0013523036287536644,-0.001438500130337616,0.001175476771694367,0.0011754767716943657,0.001743110400870103,0.0017431104008701036
2025-01-27,-7.21256088221183e-05,-7.841940884598816e-05,-0.00313778507872991,-0.0033373637308682933,-0.000178465513541687,-0.00017846551354168682,-0.005720813800283705,-0.005720813800283707
2025-01-28,-0.0012902542605634443,-0.00140343818190179,0.0010719946812741692,0.001140179508659681,-0.007779390540441195,-0.007779390540441188,-0.014424523633947818,-0.014424523633947826
2025-01-29,0.0009379716634158693,0.0010201935495200373,0.002149191319427856,0.002286091697416184,0.0036846551365421623,0.003684655136542159,0.009407822716774844,0.009407822716774851
2025-01-30,-0.0001351741037151067,-0.00014703833464048204,0.0008161780486910886,0.0008682537109076778,0.0020071670446977097,0.002007167044697708,0.0043915166041121,0.004391516604112101
2025-01-31,0.0012165546586634418,0.0013297261759896135,0.004057800581234469,0.004327811831132292,-0.000826333954273707,-0.000826333954273706,-0.002581009876591187,-0.0025810098765911885
2025-02-03,0.015429992377441987,0.017208233221841687,0.019661442317691385,0.02118175775999825,0.000797651278289159,0.0007976512782891579,-0.0007713543891488961,-0.0007713543891488965
2025-02-04,-0.010571033579531772,-0.011868977041230744,-0.015260700269299992,-0.016400122498056377,0.0051577972189804245,0.005157797218980416,0.012318517185615172,0.012318517185615177
2025-02-05,-0.008184551552884198,-0.009151265176298823,-0.008994510506264623,-0.009594243900273344,-0.008177047104600649,-0.008177047104600635,-0.013054139260367446,-0.013054139260367454
2025-02-06,-0.007605650756974405,-0.008458415630472125,-0.008049017057843565,-0.008556909555970224,-0.0067626640158784095,-0.006762664015878399,-0.008051991899720484,-0.008051991899720489
2025-02-07,-0.0022386311055903572,-0.0024980119983946994,-0.00018475411463297192,-0.0001962224486629902,0.0018096860179443123,0.0018096860179443093,0.0034011582828435485,0.0034011582828435503
2025-02-10,0.007248999145340638,0.008110423842267895,0.0075788232984613435,0.008058013441499782,0.0034387763829249983,0.0034387763829249983,0.005665156340140607,0.00566515634014061
2025-02-11,0.000535061992808316,0.0006001193587561671,0.0005508703907999169,0.0005858996607976184,0.0015148475712912523,0.0015148475712912523,0.00047004941023144696,0.0004700494102314473
2025-02-12,0.0007080262118447084,0.0007948558373134948,-0.0025844003486381532,-0.0027506269762819814,-0.0006299659260508609,-0.0006299659260508609,-0.001554223638916669,-0.00155422363891667
2025-02-13,0.004437320951977053,0.005022809946829116,0.004056858928308685,0.004327002943863935,0.002383795779941508,0.002383795779941508,0.003878122578224243,0.003878122578224245
2025-02-14,-0.011140053860165408,-0.012644070134345129,-0.012398378719079936,-0.0132366859324539,-0.0075026002044281045,-0.0075026002044281045,-0.012563456418481044,-0.012563456418481053
2025-02-17,-0.00722156919537161,-0.008131408701065206,-0.007525623455868449,-0.00799373668977914,-0.0023920891617418994,-0.0023920891617418994,-0.0011084290937802511,-0.0011084290937802515
2025-02-18,0.0003635387701385337,0.00040809897823415223,-0.0004866729561431364,-0.0005159317622292607,0.00010347577372023703,0.00010347577372023703,-0.0015830620267321873,-0.0015830620267321882
2025-02-19,0.005557405141862005,0.006241976796679431,0.004194008633366285,0.004446699632977338,0.005023600682943194,0.005023600682943194,0.006327530554187321,0.006327530554187325
2025-02-20,0.0018399199041190422,0.002010101502367995,0.0027341434889786745,0.0028530405081065467,-0.0026098687053377635,-0.0026098687053377635,-0.0047983578010742855,-0.004798357801074289
2025-02-21,-0.008310711845360566,-0.009020168206432828,-0.01059171064767724,-0.011018093656819855,-0.003023818694188823,-0.003023818694188823,-0.001992270673942411,-0.0019922706739424127
2025-02-24,-0.0038128374782074267,-0.003917454161180111,-0.0008879862653263607,-0.0008988514035987684,-0.005755031566027151,-0.005755031566027151,-0.008850986761457177,-0.008850986761457182
2025-02-25,0.0037005317669360402,0.0038022185691694416,0.004665629456192394,0.004723056545781789,0.002636909255781224,0.002636909255781224,0.001581988595043734,0.0015819885950437355
2025-02-26,-0.004032179420769062,-0.004143512257616676,-0.004682561520041466,-0.004740172963061748,-0.005078247077798974,-0.005078247077798974,-0.010522696487429184,-0.010522696487429192
2025-02-27,0.004011299589278496,0.004121788817819957,0.00443637865245392,0.004490365437450381,0.004261473507906596,0.004261473507906596,0.004222311291778881,0.004222311291778884
2025-02-28,0.014677675924042531,0.015081164414835709,0.015422626767887799,0.015609550929896654,0.011608011149413639,0.011608011149413639,0.01379326010480486,0.013793260104804873
2025-03-03,0.0038619218705917735,0.003960913812623305,0.0031000776075928256,0.00313481327123611,-0.000626365388679851,-0.000626365388679851,-0.003988562210799532,-0.003988562210799534
2025-03-04,-0.0038558016704571224,-0.003959905081337008,-0.005112540435279671,-0.00517136726620741,-0.010333310188479597,-0.010333310188479597,-0.020378909608279743,-0.020378909608279764
2025-03-05,-0.01073734219278282,-0.011028772335372609,-0.010541819350152963,-0.0106621366234116,-0.004548955757183977,-0.004548955757183977,-0.0036202255145724267,-0.003620225514572429
2025-03-06,-0.012152742718392073,-0.012461748487265813,-0.011740808748938339,-0.011867030481787916,-0.007795740655377858,-0.007795740655377858,-0.009571144756167571,-0.009571144756167577
2025-03-07,-0.0024974080304910372,-0.002557006483283493,-0.0019015110916868817,-0.0019207976037940375,0.0019120041582811665,0.0019120041582811665,0.0032505608683176543,0.0032505608683176565
2025-03-10,-0.001924725191347679,-0.0001129219564496254,-0.0024541762110346682,-8.187760545440723e-05,-0.0042930410608448995,-0.0042930410608448995,-0.01468254127336209,-0.014682541273362102
2025-03-11,0.002459078989729646,0.0,0.003053506801197238,0.0,0.00299913544060872,0.00299913544060872,-0.00046521977167705527,-0.0004652197716770556
2025-03-12,0.0012992419724796105,0.0,-0.00027681019315394293,0.0,0.00396146600833924,0.00396146600833924,0.0017137415722369052,0.0017137415722369063
2025-03-13,-0.003093954639045068,0.0,-0.0028512346724799465,0.0,-0.0005872698892165672,-0.0005872698892165672,0.0029338801466866436,0.0029338801466866457
2025-03-14,0.005576176692693165,0.0,0.0045876363816336726,0.0,0.00871583135870233,0.00871583135870233,0.0072335041254102915,0.007233504125410296
2025-03-17,-0.005637854847712441,0.0,-0.003722233476391355,0.0,-0.0016702661403288773,-0.0016702661403288773,0.0035468358384370046,0.003546835838437007
2025-03-18,-0.008112612634661367,-0.008698526229993252,-0.0071292196834291666,-0.007396407119783466,-0.003513030900763504,-0.003513030900763504,0.00026116114500639463,0.0002611611450063948
2025-03-19,-5.562854110377016e-05,-5.758443747516441e-05,-0.0003436058067152211,-0.00035004838550777197,-0.0012227500434266775,-0.0012227500434266775,-0.003108400444159228,-0.0031084004441592305
2025-03-20,-0.0005946381177672988,-0.000608576432003149,-0.0006382033760147742,-0.0006470258760488699,-0.0006285701519376363,-0.0006285701519376363,-0.001975397086531582,-0.001975397086531584
2025-03-21,0.009561335398293819,0.009782148165306757,0.007845530073566215,0.007952082913309864,0.006023868065255867,0.006023868065255867,0.002077922435443995,0.002077922435443996
2025-03-24,0.0051526085126100424,0.005266760137374234,0.004649669668544081,0.004711363464166393,0.002841602064101089,0.002841602064101089,0.00216753462069528,0.0021675346206952812
2025-03-25,0.00449991746732733,0.004599547879531397,0.00331304660153736,0.0033568392148910146,0.005170777414411741,0.005170777414411741,0.005719130909541899,0.005719130909541902
2025-03-26,-0.0033979452474124277,-0.0034725108606449653,-0.002878449527780549,-0.002916373115843572,-0.0045168049656843685,-0.0045168049656843685,-0.0037534394953129954,-0.0037534394953129976
2025-03-27,0.004241395243159215,0.004334037287176798,0.004413971169718392,0.004471897069132701,-8.286028623226969e-05,-8.286028623226969e-05,0.0008444046628659898,0.0008444046628659902
2025-03-28,-0.0015053584057242051,-0.0015385319917684645,-0.002591756914561096,-0.0026262167860153754,-0.0003321748042931209,-0.0003321748042931209,-0.004085548901351042,-0.004085548901351045
2025-03-30,-0.0011381483974113372,-0.0011632250565234657,-0.0005713779413499608,-0.0005789667662711454,-0.004674976149307112,-0.004674976149307112,-0.009263562853604228,-0.009263562853604235
2025-03-31,0.008173915556804644,0.008353962021025545,0.006400093365420956,0.006485339419762074,0.007015830872830711,0.007015830872830711,0.004055522857211433,0.004055522857211435
2025-04-01,-0.00708021689718297,-0.0072326205374954895,-0.005342709926142604,-0.005414252878690442,-0.005724396404244251,-0.005724396404244251,-0.0013261896375863723,-0.0013261896375863732
2025-04-02,-0.00829240905577951,-0.008468361438871093,-0.008671348369677534,-0.00878629930692182,-0.014368612151312094,-0.014368612151312094,-0.025182937800612558,-0.025182937800612572
2025-04-03,-0.023175206854933524,-0.02365331339546356,-0.018294190579112364,-0.018529424365882646,-0.01197760588062828,-0.01197760588062828,-0.007814419233061524,-0.007814419233061528
2025-04-06,0.025862059824592942,0.02629636961544708,0.02349928022661879,0.023762474070152723,0.0007419879991707908,0.0007419879991707908,-0.016412817233822995,-0.016412817233823006
2025-04-07,0.0047544026057722575,0.0048159584654368795,0.006737950190581576,0.006799777113691069,-0.0051947775804661025,-0.0051947775804661025,0.004663677909391385,0.0046636779093913875
2025-04-08,-0.0050730178550766536,-0.00010190062999963086,-0.0049991408726686015,-7.374114654538567e-05,-0.009159784201867858,-0.009159784201867858,-0.016698095564621884,-0.016698095564621887
2025-04-09,-0.009711068709031231,0.0,-0.008348517796322239,0.0,0.004526384779434591,0.004526384779434591,0.018362168935145657,0.018362168935145664
2025-04-10,-0.03175205798537191,0.0,-0.02838771512823171,0.0,-0.041647649046403716,-0.041647649046403716,-0.033886131382902314,-0.03388613138290233
2025-04-13,-0.00967617211055317,0.0,-0.008070030538746857,0.0,-0.005169996141314044,-0.005169996141314038,-0.00022408630790353383,-0.0002240863079035339
2025-04-14,0.0005733602021543398,0.0,-0.002066591867064307,0.0,0.012094473841286913,0.012094473841286894,0.008868472450714742,0.008868472450714747
2025-04-15,0.0002575659766261619,0.0,-0.0005758156853398716,0.0,-0.0012840939024584151,-0.0012840939024584134,0.00012574708081778554,0.00012574708081778557
2025-04-16,-0.006589383987427156,0.0,-0.005687962949222931,0.0,-0.0024953264875770633,-0.0024953264875770603,5.913376782302824e-05,5.9133767823028267e-05
2025-04-21,-0.00808843019750603,0.0,-0.008985328038449113,0.0,-0.00595620797521361,-0.00029381061348078135,-0.008573460124520963,-0.00018057917789094023
2025-04-22,0.010403188833116275,0.0,0.010360071077542634,0.0,0.013355421436377154,0.0,0.015491774621412215,0.0
2025-04-23,0.004553508046815988,0.0,0.004012561532708546,0.0,0.004332543945194105,0.0,0.003739003931705584,0.0
2025-04-24,-0.0032322515445547895,0.0,-0.003596339926528444,0.0,-0.00362054821432981,0.0,-0.0039058327906320734,0.0
2025-04-27,0.003529973523581833,0.0,0.0035087000782859233,0.0,0.006013368521810035,0.0,0.0051583495250531325,0.0
2025-04-28,-0.005841816590422348,0.0,-0.006954630082775244,0.0,-0.003816108102628763,0.0,-0.005799471922157208,0.0
2025-04-29,0.0033116221720595777,0.0,0.0031728163390213485,0.0,0.004057778383354208,0.0,0.0026397698232836927,0.0
2025-04-30,0.0001473586381545234,0.0,0.0013086236554965796,0.0,-0.0009219691472410731,0.0,0.0026282849315215867,0.0
2025-05-01,0.008290536274213318,0.0,0.006687463337528522,0.0,0.010121507881639116,0.0,0.007298822796178023,0.0
2025-05-04,-0.006270519822497581,0.0,-0.005674426768732024,0.0,-0.007098671866167996,-0.008144964411649375,-0.003989569360674335,-0.004648791713026473
2025-05-05,-0.002295053622078469,0.0,-0.0017208477987808225,0.0,-0.000389100491364781,-0.00042962531920868866,0.0005620724102363563,0.0006285087184344639
2025-05-06,-0.00611321843687284,0.0,-0.004470231049110257,0.0,-0.0042183372509599845,-0.00466031854949969,-0.0018505080118269234,-0.002070203260001575
2025-05-07,0.008475905817101928,0.0,0.006581499805776146,0.0,0.008265516261622453,0.009144177458177315,0.003494380997466941,0.003915355723449467
2025-05-08,0.011741735368292596,0.0,0.009561571380381358,0.0,0.013312085906492853,0.014653987357681805,0.010428400442801335,0.011666853796433807
2025-05-11,-0.002238543890566439,0.0,-0.0012732587350380992,0.0,-0.0006206747479485297,-0.000676117754768375,0.0005094572628909702,0.000565328146859492
2025-05-12,0.006060008227377013,0.0,0.003905509142614272,0.0,0.0023406183311300496,0.002551303581365417,-0.0021453664922420537,-0.002381833143752034
2025-05-13,-0.003633431514900184,0.0,-0.0015340794851392287,0.0,-0.0001656839750348231,-0.00018046057686802307,0.006897570397583071,0.007663870783646873
2025-05-14,0.0034030762715461715,0.0,0.002506216606409758,0.0,0.004671191272103268,0.005086679871399745,0.0011374361050297136,0.0012588644836111944
2025-05-15,-0.0025967956841746838,0.0,-0.001750549435000321,0.0,-0.0019515815104139743,-0.0021213218872514123,-0.0020143860061340602,-0.0022284642871886373
2025-05-18,-0.0006254681700708403,0.0,-0.0005834411717396491,0.0,-0.00010137213412063367,-0.00011035889924873169,-0.00030093218017526063,-0.00033338704139006074
2025-05-19,-0.004975937164372255,0.0,-0.0037432319964052305,0.0,-0.0030945238070802707,-0.003368045904716727,-0.0008176203814305784,-0.0009056417826760631
2025-05-20,-0.003965567203154939,0.0,-0.0030822861444585667,0.0,-0.0019179954948401498,-0.0020875333760153785,-0.003133311620932354,-0.003470544979493209
2025-05-21,-0.0033047235899046393,0.0,-0.002711514847947025,0.0,-0.0045688726779232955,-0.004973048346206398,-0.0049539593126280085,-0.0054881975560680816
2025-05-22,0.003876564181991115,0.0,0.0035241605545264522,0.0,0.004745002448229138,0.0051684336279222195,0.0036600217480194735,0.0040550416736611335
2025-05-25,-0.010378366013011264,0.0,-0.009449632642488675,0.0,-0.007655565911804738,-0.008320914034671733,-0.0038771752775084074,-0.004290504346470587
2025-05-26,-0.004340468976056349,0.0,-0.002009950897846667,0.0,-0.0045874956758186775,-0.004988059026972884,-0.0016626141889425057,-0.0018412657323530486
2025-05-27,0.00928565687726264,0.0,0.007864597713723569,0.0,0.009107546213310004,0.009951873970848141,0.006329714195502808,0.007040351309715476
2025-05-28,0.00731503810370335,0.0,0.0056821835787487845,0.0,0.005998249393779422,0.0065187928701349665,0.00573011752478194,0.006350210312961252
2025-05-29,-0.010292310790958345,0.0,-0.00869918380696906,0.0,-0.008449852745879819,-0.00916354014504687,-0.008336850343799126,-0.009246674936666695
2025-06-01,-0.0008483861374053381,0.0,-0.0007995706935708954,0.0,-0.0033974991724473992,-0.00027539779156211726,-0.002674307474758534,-0.00018340720677309123
2025-06-02,-0.00940351209539308,0.0,-0.008095486421200289,0.0,-0.005664424870068863,0.0,-0.0020778206214060483,0.0
2025-06-03,0.007411672025372402,0.0,0.006688125851559229,0.0,0.007680077666915485,0.0,0.006993208362144066,0.0
2025-06-04,-0.005250981954725147,0.0,-0.004718078277876152,0.0,-0.004818639053050177,0.0,-0.003514445215392677,0.0
2025-06-05,-0.00171239276507134,0.0,-0.001270321877356356,0.0,0.0004242944126318217,0.0,0.001443949305026267,0.0
2025-06-08,0.005645952269149738,0.0,0.004829010364394468,0.0,0.006340801798034511,0.0,0.005730280084639093,0.0
2025-06-09,-0.0019126850978475607,0.0,-0.0015828967155410273,0.0,-0.001171140877343161,0.0,-0.00040725619604007425,0.0
2025-06-10,0.0002337543078313915,0.0,-0.0004153991530181986,0.0,-1.3920269884501903e-05,0.0,0.0010636534990075836,0.0
2025-06-11,-0.002344321591093832,0.0,-0.0014563833104881594,0.0,-0.0007472747597509045,0.0,-0.0024009907956444713,0.0
2025-06-12,-0.0075026862515652345,0.0,-0.006371736322395081,0.0,-0.007704611030898968,0.0,-0.008414913408796578,0.0
2025-06-15,0.0045590060219867345,0.0,0.003443626358214291,0.0,0.0030035024671294557,0.0,0.0011904473594916173,0.0
2025-06-16,0.0004737957035856849,0.0,0.0005653170304871357,0.0,0.0031887314664857088,0.0,0.003633795174573202,0.0
2025-06-17,0.007906237639084022,0.0,0.005812979128161482,0.0,0.00519729211008027,0.0,0.0013786153514696378,0.0
2025-06-18,-0.0005938116861436887,0.0,-0.0007543282186168775,0.0,0.0002548328842166067,0.0,0.0018985820690727555,0.0
2025-06-19,-0.0001593129549568053,0.0,0.0006415333049500694,0.0,-0.0012544670220839837,0.0,-0.0009053100279624608,0.0
2025-06-22,0.005384799242006949,0.0,0.0046720449663992915,0.0,0.0031844111241595115,0.0,0.0010226294480763444,0.0
2025-06-23,-0.00613454441348606,0.0,-0.004512960249854017,0.0,-0.003836218859343822,0.0,-0.0012539337996472068,0.0
2025-06-24,-0.00528217896547508,0.0,-0.004238449960957322,0.0,-0.006025755153833523,0.0,-0.003385809596291583,0.0
2025-06-25,-0.004701321353364317,0.0,-0.0035913715328788304,0.0,-0.004573556549552139,0.0,-0.0014488925862442801,0.0
2025-06-26,-0.0030124988882167638,0.0,-0.002520293818114984,0.0,-0.0024797418902005016,0.0,-0.001580217966931822,0.0
2025-06-29,-0.00047573275271115353,0.0,-0.0005318910605861141,0.0,0.0003039652466859041,0.0,-0.0003454044762808076,0.0
2025-06-30,-0.006234447925376531,0.0,-0.005972160330996851,0.0,-0.005642043948728194,0.0,-0.0024457166198132703,0.0
2025-07-01,-0.0012688273030135692,0.0,-0.0010274278554024425,0.0,0.00040506790300938293,0.0,0.0005511204111840179,0.0
2025-07-02,0.0015202295055823543,0.0,0.0001179556497373161,0.0,0.002867582286739623,0.0,0.001721899884155129,0.0
2025-07-03,0.0028489568192301483,0.0,0.003146905729527217,0.0,0.0057894836342239795,0.0,0.006853985946617646,0.0
2025-07-06,0.0020865958139429314,0.0,0.0018610112050898352,0.0,0.0009743273054072285,0.0008777222134722428,-0.0012047342010797664,-0.0017166960786006995
2025-07-07,0.006322889272265772,0.0,0.005988888360553092,0.0,0.0011705909709680876,0.0014290802912366625,-0.0010072273419484122,-0.0012801021761503517
2025-07-08,0.0036330367471495636,0.006742162638690488,0.003166624862102137,0.0064707932169178585,0.006096157063031348,0.0069502529191647865,0.004389589264559457,0.006875380649482445
2025-07-09,-0.002449451863329198,-0.0045755412295128885,-0.0024607871027383264,-0.005058240262787935,-0.0033802596762735893,-0.0038510935059854266,-0.003930480890192488,-0.006119806074877948
2025-07-10,0.0001616538555047759,0.00030220341389219636,-7.234252993000867e-05,-0.0001486579400159923,0.001756413514601494,-0.0003643732668479039,0.004765124604692773,-0.000394069959811733
2025-07-13,0.0038861658049231603,0.007264790533658769,0.002585333039481773,0.005312512630716596,0.0011181101050398423,0.0008748634410496519,0.0005688303657271167,0.0005213007849209747
2025-07-14,0.0055199240404972425,0.010258110527225294,0.004679188372459899,0.009525016370765263,0.006344791249958919,0.007007644609737008,0.0025070614780598886,0.004022370939900492
2025-07-15,0.006268932867826374,0.011544244799281903,0.006136237505778287,0.012170279522440666,0.006116207172205028,0.006729881111936822,0.008041734194221202,0.012497042891556181
2025-07-16,-0.001377042082864139,-0.0024877308567780223,-0.001173701195400526,-0.002244721350315434,0.0006098809826430623,0.0006460304291947458,0.0021476445801430675,0.00299298928906887
2025-07-17,0.002213962603181954,0.003977543613342186,0.002862679830503086,0.005434819833720531,0.0018866207826505163,0.0019890184112912788,0.0011861848374896996,0.001641912595011796
2025-07-20,-0.0014681767617260265,-0.002633158467397981,-0.0019541536990575494,-0.0036947172575523685,0.0014810015045370651,0.0015539730883297703,-0.0005993054885996854,-0.0008206262387672078
2025-07-21,-0.007177080639743248,-0.012830035219258124,-0.006505217689958874,-0.012235558947141886,-0.007599839182136157,-0.00789845497220373,-0.005838949702338987,-0.007898649635563209
2025-07-22,-0.007149522601669883,-0.012795269412081648,-0.007412532680089352,-0.013743481985730874,-0.005985489586703448,-0.006271574517541849,-0.005567389409033987,-0.007324788923023726
2025-07-23,-0.006508459864440913,-0.011725835818689342,-0.006187741064864356,-0.011540132544249002,-0.005902996882844522,-0.00621015357083537,-6.597189410909111e-05,-8.620549152038093e-05
2025-07-24,0.00494384508989277,0.008977985682313162,0.004214149729247008,0.007908578254774992,0.004017494925429267,0.004258635667188508,0.002498161195465228,0.0032544997333402025
2025-07-27,0.005474447527438723,0.009804870417917345,0.004810539046321696,0.008872983251694123,0.0037259958985731067,0.003836945354809598,-0.0003403620997647713,-0.0004300247540605329
2025-07-28,0.012491651467961142,0.02231992528722397,0.012588737684080614,0.023035025128170693,0.013379090008339794,0.013567693023918715,0.011712345550573615,0.014888967110684721
2025-07-29,0.003518240227099226,0.0064897549965494804,0.003872672790343981,0.007318755821717218,0.0016628438122740564,0.001745839580917685,1.0558685836466684e-05,1.3205229237294042e-05
2025-07-30,0.012855020221111964,0.0235373578802845,0.012702441164031079,0.02386189173157672,0.01257576212521114,0.013112223424696371,0.010507990236669911,0.013159921071635926
2025-07-31,0.005571480858043762,0.010364139628285779,0.005393493766539702,0.010282786472624886,0.002184212714543769,0.0023005760570132005,-0.0003326443482064846,-0.0004130699273733375
2025-08-03,-0.01683532166729592,-0.03037929176481185,-0.017604818255600656,-0.03241794088983617,-0.02225248471114681,-0.02225248471114681,-0.020148108597834117,-0.025834473742836817
2025-08-04,-0.0004022508572299596,-0.0006643460070393075,-0.00031412227886047487,-0.0005193010069189046,0.0008610592854333224,0.0009424453787399656,0.0020357601298971986,0.0025127000358633645
2025-08-05,0.0017337402103344687,0.002832519373103267,0.0019993363480848196,0.0032808535061640636,0.005345263012198558,0.005840617951303252,0.006369508253589211,0.007867168206280275
2025-08-06,-0.005548800435315224,-0.009035303303157802,-0.005143936190350659,-0.008430629972110823,-0.004737931026447204,-0.005207784917861953,-0.0012411601544004276,-0.0015504133485069252
2025-08-07,-0.004968801849955016,-0.007954389309437464,-0.0038222241139684167,-0.006171805762680145,-0.006083964716688214,-0.006670768081680727,-0.0014526649931785212,-0.001815542796081973
2025-08-10,0.003980229362108894,0.006297663884258807,0.004369058040088822,0.007001983456876413,0.004980131868754795,0.00549553568965922,0.004216503552323561,0.005275400939699305
2025-08-11,0.003561248212270874,0.005615940965530668,0.0038512937152185758,0.006144216585841976,0.005198890286694002,0.005768384977115199,0.005455936040957924,0.00680987769783639
2025-08-12,-0.005569365721844886,-0.008707772827283246,-0.004986341724257669,-0.007886592346709733,-0.005426991745692196,-0.006036584501942128,-0.003494481835229289,-0.0043463546982663425
2025-08-13,-0.00521150964737123,-0.008023642886273927,-0.004366682495854567,-0.006814432053297152,-0.005883644018096203,-0.006578312564550876,-0.0027709214221205824,-0.003453062303446033
2025-08-14,0.00898746295458345,0.013672287832592403,0.009157814223864327,0.014150574872558552,0.008221848176216259,0.009198359201111558,0.0013985359465041956,0.001756697108306905
2025-08-17,-0.003020150873908871,-0.004490173464992731,-0.0029504334128714464,-0.004442400756969679,-0.0031880199501960293,-0.0035916927339713686,-0.0025201950806341055,-0.003181266791688243
2025-08-18,0.003534798807869272,0.005089405331766549,0.0031132554849925345,0.0044997666238406255,0.003117948086561712,0.003452055600081566,0.0019412953645902228,0.002463397875495185
2025-08-19,0.004301365617577696,0.006145713704970556,0.004488541102284824,0.006464868480024662,0.004535317927054467,0.004990612006230804,-0.00012649873309613282,-0.00016064218136084413
2025-08-20,0.0021363721444379955,0.002972146689551909,0.0020339430375599615,0.00284483596943125,0.0033821179856537028,0.003636656931614874,-0.001823568062252186,-0.0023450684478260046
2025-08-21,0.005906795406949013,0.008084072219272128,0.005793777108723995,0.007983763650930323,0.007881575309326788,0.008386753880027315,0.007813892410253062,0.009832355848321817
2025-08-24,-0.012725049401927405,-0.01674195910978281,-0.012660488635169588,-0.016730333738130723,-0.015846677679521564,-0.01659245909161192,-0.011123161926062048,-0.013415622705618302
2025-08-25,0.006405450912852979,0.008207568357611274,0.006179508149199118,0.007949699177412431,0.009957252376326182,0.010944265631847966,0.010752029987283373,0.013250130630987842
2025-08-26,-0.0029769945162731203,-0.003687612584648503,-0.0034241891953854207,-0.0042474781485224485,-0.003917611227587536,-0.004334493552865265,-0.0035459327299974053,-0.004446462225144776
2025-08-27,-0.003504998977677316,-0.004258802384271755,-0.002988711377547607,-0.003622017703595237,-0.005537006204035059,-0.006034157581902562,-0.004067453540911938,-0.004948047944063394
2025-08-28,-0.003918803867932818,-0.004702717618548843,-0.0043780343050097235,-0.005231890882091261,-0.005700048974928857,-0.006197843905374918,-0.004419057324566374,-0.00534010697649634
2025-08-31,-0.0008362061467054073,-0.0010003134826201783,-0.00112236079307734,-0.0013368483667947095,-0.0009272007490084808,-0.0010158928879041075,0.00019132682748574514,0.00023208497916576932
2025-09-01,-0.0019158489743869604,-0.0022656263281194094,-0.0012793577406444395,-0.0015049901809114738,-0.0032910094923287656,-0.003554914094184479,0.00022288135228843385,0.00026362227816051316
2025-09-02,0.012767487556656704,0.015067434899095131,0.011260448177809372,0.013222418447929736,0.01216096077181289,0.01315840854078017,0.006315009136515792,0.00746774240530379
2025-09-03,-0.004388602562076481,-0.0051223154515903195,-0.0038958408637086344,-0.004536344696856913,-0.004515930845440871,-0.00503406198308585,-0.0031894305810416445,-0.003792434360647336
2025-09-04,0.0024019623193168613,0.002791419890758092,0.0028524340248405147,0.0033113908082766054,0.0026859854051020982,0.0029971565224001756,0.0010646444182152394,0.0012579234644127248
2025-09-07,-0.004987489545844174,-0.005670088000610331,-0.004786849499755458,-0.005426989144652218,-0.00612110002457349,-0.006674682466678737,-0.004974634782104814,-0.005503024806622114
2025-09-08,-0.010373574619476534,-0.011693217705774564,-0.01081013702655109,-0.012168142670397376,-0.009418968619835,-0.010225297569091702,-0.004553955494495334,-0.005030802183761145
2025-09-09,0.005617038154360083,0.006290529035166968,0.00586705492877176,0.006558442086127232,0.006098933209386125,0.006574214402256131,0.005964474113262692,0.0065109453219647315
2025-09-10,-0.0015630600876940298,-0.0017100593429501831,-0.0015270504459394653,-0.0016754791976971797,-0.002503769438960458,-0.0026707667158260557,0.001370338888940713,0.0014912125436293761
2025-09-11,-0.005169476540327711,-0.005653168888852229,-0.005981225251295785,-0.006558583625814384,-0.002497683604145023,-0.0026630160734606996,0.0020551270759518246,0.0022296666257269767
2025-09-14,0.002704438366706558,0.0029524700834949033,0.0035037720146869093,0.003832977423710233,0.0017800453285385666,0.001896030190712982,0.0034054599760300042,0.0036900782164694707
2025-09-15,-0.0052520081672671635,-0.005670478428231454,-0.005039686774538646,-0.005447810843104751,-0.006408167058365705,-0.0068004009310404425,-0.0035108849626460355,-0.0038001416846445884
2025-09-16,-0.00946986945831304,-0.010064929324189438,-0.009830176435299924,-0.010496404222992126,-0.011042176187387067,-0.011637877275874139,-0.011940554601328188,-0.012893724136172688
2025-09-17,0.007202340818100416,0.007552936746680274,0.007763953992072971,0.008185129853416849,0.009258007134177489,0.00960603502897356,0.006186945283776185,0.0065774312885176645
2025-09-18,0.008654739937401767,0.008990439590512255,0.008384757941894546,0.008768864245436572,0.01127776033132042,0.011600993414135508,0.009453943742455105,0.010010743069696652
2025-09-21,0.006754835969339617,0.006980882417155008,0.005868148840142572,0.0061062081452295585,0.009178905021438736,0.009402777247146409,0.007266079783576971,0.0076468805833652545
2025-09-22,-0.004239559568654479,-0.004376936122437053,-0.0038434352087044427,-0.003995456990357645,-0.004997646335086623,-0.005113667888147095,-0.006598015371501096,-0.006927712950973704
2025-09-23,9.431399736332293e-05,9.581183157323216e-05,0.00030356238028315393,0.000309273885178771,0.0011143952830109725,0.0011274444840114408,0.0007423279312255719,0.0007745602932875997
2025-09-24,0.008768382018540863,0.008899108937937744,0.00861616601843863,0.00877033752114903,0.008367909073336906,0.008465499965396993,0.006695357269688261,0.006985874390472021
2025-09-25,0.012013343050755328,0.01217309565736907,0.011475492333769904,0.01166462853106568,0.01314104541898008,0.013259551783171689,0.008296737472904037,0.008632081777730635
2025-09-28,-0.004032074221559898,-0.0040732121065771955,-0.0032169965019417986,-0.003255908614977114,-0.004199158514656587,-0.004199534348098788,-0.0005421739455673258,-0.0005461771873772257
2025-09-29,-0.004370498063127546,-0.004413405883394595,-0.0044836389816002116,-0.004535959251425805,-0.002063144452517264,-0.0020634500417888576,-0.0014349199591596942,-0.0014454323550598617
2025-09-30,-0.0027804398288491117,-0.0027804398288491165,-0.0031042101775063473,-0.0031042101775063486,-0.0022052648777436934,-0.0022056749036327796,-0.0016347150111858798,-0.0016466724316711642
2025-10-01,-0.002651385535119194,-0.002651385535119198,-0.0023360756637796683,-0.0023360756637796696,-0.0019262158964701874,-0.0019267471817160083,-0.003853654135179886,-0.0038835945631814305
2025-10-02,0.001975515141964158,0.0019755151419641606,0.0016182756939682684,0.0016182756939682693,-0.00011308194558322183,-0.00011311153657341845,-0.000665717398891151,-0.0006708756897540853
2025-10-05,0.004678363065923964,0.004678363065923971,0.005171111543479212,0.005171111543479215,0.004533008494672384,0.004533008494672378,0.007822082250690298,0.007822082250690298
2025-10-06,-0.0011606270405442702,-0.001160627040544272,-0.0013457790542750843,-0.001345779054275085,0.0009142211443893385,0.0009142211443893373,0.0033689626631821508,0.0033689626631821508
2025-10-07,0.00455469822758537,0.004554698227585377,0.005008759787560246,0.005008759787560249,0.0034792656928269196,0.003479265692826916,0.0023392260009000567,0.0023392260009000563
2025-10-08,0.007031363721172048,0.007031363721172058,0.007733277477538547,0.007733277477538551,0.009098807454725716,0.009098807454725705,0.016869361357905253,0.01686936135790525
2025-10-09,0.008026378737937349,0.00802637873793736,0.007328726107856682,0.007328726107856685,0.006920705357892774,0.006920705357892768,0.00840169533594899,0.008401695335948988
2025-10-12,-0.0028837236400217456,-0.00288372364002175,-0.0027145461975778603,-0.002714546197577861,-0.005668669909036211,-0.005668669909036204,-0.009598232951711602,-0.009598232951711598
2025-10-13,0.004804217068711014,0.00480421706871102,0.00549231863722549,0.005492318637225492,0.0040783038525277135,0.00407830385252771,0.0018741342810715941,0.0018741342810715935
2025-10-14,0.0001723722239933073,0.0001723722239933075,-2.3604418270403782e-05,-2.3604418270403786e-05,-0.0026402696972427607,-0.002640269697242758,-0.004164370696899175,-0.004164370696899174
2025-10-15,-0.006998459546629149,-0.00699845954662916,-0.0064153491688321,-0.006415349168832103,-0.004919162413891599,-0.004919162413891594,-0.00815565774409854,-0.008155657744098538
2025-10-16,-0.003895192195404509,-0.0038951921954045146,-0.0036856676230819473,-0.0036856676230819486,-0.0035849889592779256,-0.0035849889592779217,-0.007824492585288573,-0.007824492585288572
2025-10-19,0.0016551139424918712,0.0016551139424918733,0.001518836713018584,0.0015188367130185843,0.0022646140104055435,0.0022646140104055413,0.005832254914034415,0.0058322549140344135
2025-10-20,-0.0005551647579579556,-0.0005551647579579564,-0.0010631857335222027,-0.0010631857335222036,0.001038786907816128,0.001038786907816127,0.002068126194984314,0.0020681261949843134
2025-10-21,0.005643381988651142,0.005643381988651152,0.005696770678783546,0.005696770678783549,0.0030518538161443455,0.0030518538161443424,0.0035930320438782378,0.0035930320438782378
2025-10-22,-0.00020254433162475061,-0.0002025443316247509,-0.0005166056590236479,-0.0005166056590236481,-0.0005714389616985116,-0.0005714389616985109,-0.0026544559840149247,-0.0026544559840149242
2025-10-23,-0.000554264713740973,-0.0005542647137409739,-0.001174081971300428,-0.0011740819713004288,0.0018545623184255046,0.0018545623184255025,0.0032572188206738155,0.0032572188206738155
2025-10-27,0.00016654288993597254,0.00016654288993597283,7.94185900841366e-05,7.941859008413663e-05,0.001219172511893141,0.0012191725118931398,0.004248798801102634,0.004248798801102632
2025-10-28,-0.003633753809550655,-0.0036337538095506617,-0.0038091611702888595,-0.0038091611702888626,-0.0031450160708087105,-0.0031450160708087057,-0.002293187278844261,-0.0022931872788442605
2025-10-29,-0.0035459961585618286,-0.003545996158561835,-0.005615454436581483,-0.005615454436581487,-0.002593737388541704,-0.0025937373885417006,-0.0033794950679044687,-0.0033794950679044674
2025-10-30,0.008560649430207764,0.008560649430207781,0.007976606687202556,0.007976606687202563,0.007154764730815843,0.007154764730815832,0.010100739251888523,0.010100739251888518
2025-10-31,0.006662903394952743,0.006662903394952756,0.006903363214282595,0.006903363214282599,0.003671678679391775,0.00367167867939177,0.003185694984859808,0.003185694984859806
2025-11-03,0.005595591527028004,0.005595591527028015,0.005918555649606106,0.00591855564960611,0.004590828746486048,0.004590828746486042,0.006737362696359869,0.006737362696359867
2025-11-04,0.002193846369994994,0.0021938463699949983,0.002563172135330821,0.002563172135330823,0.0029658068217163916,0.0029658068217163873,0.00415530137095244,0.004155301370952438
2025-11-05,0.009125158836283327,0.009125158836283344,0.007898896190690615,0.00789889619069062,0.002734017854318058,0.002734017854318054,-0.004805989900070555,-0.004805989900070554
2025-11-06,-0.0014432514790420885,-0.0014432514790420916,-0.0009379192386606951,-0.0009379192386606956,0.0008494502215967672,0.0008494502215967659,0.0042132268101922705,0.004213226810192269
2025-11-07,-0.0035101776549391474,-0.0035101776549391543,-0.0019425206622252042,-0.0019425206622252053,-0.0012477495575342428,-0.0012477495575342406,-0.004473724416173925,-0.004473724416173922
2025-11-10,0.0002572729594463094,0.0002572729594463099,0.0003428661437435965,0.00034286614374359677,0.0026047817773302753,0.0026047817773302714,0.007289041548478034,0.0072890415484780325
2025-11-11,-0.003053041245703419,-0.003053041245703425,-0.002820712974049555,-0.002820712974049557,0.0006129962179723134,0.0006129962179723124,0.003415262957739344,0.0034152629577393423
2025-11-12,-0.0025871140314456466,-0.0025871140314456522,-0.0035194038781525146,-0.003519403878152517,-0.0011444843901720397,-0.001144484390172038,-0.0055216319756129515,-0.005521631975612949
2025-11-13,0.00016562123461248213,0.0001656212346124825,-0.0004255978127229707,-0.00042559781272297106,0.0008448383453529711,0.00084483834535297,0.0028737206245943274,0.0028737206245943265
2025-11-14,-0.0016694825093242869,-0.0016694825093242906,-0.001346917135235762,-0.001346917135235763,-0.0008672110810372559,-0.0008672110810372546,-0.005367440328535975,-0.005367440328535974
2025-11-17,-0.0011389757338697945,-0.0011389757338697971,-0.0011325577605737266,-0.0011325577605737274,-0.0018119026831975142,-0.0018119026831975118,0.002584316168784084,0.0025843161687840828
2025-11-18,0.006533465186626711,0.0065334651866267275,0.007539170646914158,0.0075391706469141615,0.0030697540480499716,0.0030697540480499716,0.0003921153714087118,0.00039211537140871163
2025-11-19,0.00022641630705154764,0.00022641630705154818,3.6050134677350884e-05,3.6050134677350905e-05,0.0014375729986690336,0.0014375729986690336,0.006360425842687052,0.006360425842687049
2025-11-20,0.01229208292605433,0.01229208292605436,0.012086591609311052,0.012086591609311059,0.011697330770676395,0.011697330770676395,0.01366925773039687,0.013669257730396862
2025-11-21,0.004511905286442356,0.0045119052864423664,0.005868171061670991,0.005868171061670997,0.002164562939372187,0.002164562939372187,-0.0004636139603285736,-0.0004636139603285733
2025-11-24,-0.0011686919099343025,-0.0011686919099343051,-0.0010640195116355512,-0.0010640195116355517,-0.005879635320202874,-0.005879635320202874,-0.005742869192142887,-0.0057428691921428835
2025-11-25,0.0001698950023591004,0.00016989500235910075,0.00045303596646836905,0.0004530359664683693,0.001693103804789642,0.001693103804789642,0.0024879418460056054,0.0024879418460056037
2025-11-26,-0.0046297301067106346,-0.004629730106710646,-0.0040267068149388765,-0.004026706814938878,-0.0017473874863023577,-0.0017473874863023577,0.00029980673704183523,0.00029980673704183507
2025-11-27,-0.012884114581490289,-0.012884114581490325,-0.012585829028923846,-0.012585829028923853,-0.010019895255180893,-0.010019895255180893,-0.002819667732878195,-0.002819667732878193
2025-11-28,-0.0012365159265688495,-0.0012365159265688523,-0.0015280967929840368,-0.0015280967929840379,-0.0005855722825505636,-0.0005855722825505636,0.0003874271879259442,0.00038742718792594393
2025-12-01,-0.0024953147895254617,-0.0024953147895254682,-0.0029213537706768364,-0.0029213537706768385,-0.000659402444073785,-0.000659402444073785,0.0003008039403673843,0.0003008039403673841
2025-12-02,0.0012690091263597829,0.0012690091263597861,0.0006750324372476927,0.000675032437247693,0.001409580627045653,0.001409580627045653,-0.0006965356496260037,-0.000696535649626003
2025-12-03,-0.0029493327944789772,-0.0029493327944789855,-0.0031396919127603586,-0.0031396919127603604,-0.0029672811634997714,-0.0029672811634997714,-0.0006704524220664473,-0.0006704524220664468
2025-12-04,-0.010913821593009266,-0.010913821593009297,-0.009111489003762189,-0.009111489003762196,-0.008231902641476566,-0.008231902641476566,-0.007475837095170369,-0.0074758370951703654
2025-12-05,0.0029822710435033813,0.0029822710435033896,0.002763787147998885,0.002763787147998887,0.003005142858268226,0.003005142858268226,0.006904318898054979,0.006904318898054977
2025-12-08,-0.0031490280768458096,-0.0031490280768458174,-0.003616801711729323,-0.0036168017117293263,-0.00037013823302438765,-0.00037013823302438765,0.00563296228411376,0.005632962284113758
2025-12-09,0.0024266394904520097,0.002426639490452016,0.0029022918537076384,0.002902291853707641,-0.0011519432331770882,-0.0011519432331770882,-0.002491160745962812,-0.0024911607459628107
2025-12-10,0.0018327466156420355,0.0018327466156420407,0.0015131273792197738,0.0015131273792197747,0.0010634157478060405,0.0010634157478060405,0.003535587019054043,0.0035355870190540415
2025-12-11,-0.013639066953430782,-0.01363906695343082,-0.013647933023092333,-0.013647933023092342,-0.010378508340145656,-0.010378508340145656,-0.01133075411166503,-0.01133075411166503
2025-12-12,-0.0025808542331431476,-0.0025808542331431546,-0.0029898051039833613,-0.002989805103983364,0.0009711376280345639,0.0009711376280345639,9.651278625481684e-05,9.651278625481683e-05
2025-12-15,0.002981840689255701,0.0029818406892557084,0.002878529242543298,0.0028785292425433,0.0020934289117375865,0.0020934289117375865,0.0037020644821385345,0.0037020644821385345
2025-12-16,-0.0012954203634250338,-0.0012954203634250377,-0.0011562898695620107,-0.0011562898695620116,0.0002947982820996916,0.0002947982820996916,0.00038163288059846044,0.00038163288059846044
2025-12-17,-0.0015457707153533114,-0.0015457707153533166,-0.0005482285007151323,-0.0005482285007151329,-0.0007060632492178488,-0.0007060632492178488,0.0023681129292471136,0.0023681129292471136
2025-12-18,0.006033346993209129,0.006033346993209146,0.005661525666440594,0.0056615256664405995,0.0034681703281041415,0.0034681703281041415,0.000487042001483652,0.000487042001483652
2025-12-19,-0.0009160957007729696,-0.0009160957007729724,-0.0007613634355997653,-0.0007613634355997657,0.0011311690986344509,0.0011311690986344509,0.0016268534702320718,0.0016268534702320718
2025-12-22,0.0004916908191294813,0.0004916908191294831,0.0005782888734983141,0.0005782888734983147,-0.00020849932589319552,-0.00020849932589319552,-0.0018844611791440798,-0.0018844611791440798
2025-12-23,-0.00631123163544636,-0.006311231635446384,-0.004755455135436057,-0.004755455135436062,-0.003510629341657115,-0.003510629341657115,0.001972233474797482,0.001972233474797482
2025-12-24,-0.012005942402747435,-0.01200594240274748,-0.01274548165816682,-0.012745481658166831,-0.007658555753285012,-0.007658555753285012,-0.006756565643746424,-0.006756565643746424
2025-12-26,0.0004965239424855704,0.0004965239424855721,0.00044365463471872206,0.0004436546347187225,0.001975147735643142,0.001975147735643142,0.0017295397380532444,0.0017295397380532444
2025-12-29,0.0022565186890516394,0.0022565186890516472,0.002291749019528058,0.0022917490195280606,0.0005543628401908655,0.0005543628401908655,0.0013423339734266035,0.0013423339734266035
2025-12-30,0.0010367147160348215,0.0010367147160348252,0.0016277068237575778,0.0016277068237575798,-0.00030747072372035416,-0.00030747072372035416,-0.002141717610395099,-0.002141717610395099
2025-12-31,0.005389064085835993,0.005389064085836013,0.004984850297918748,0.004984850297918753,0.005845373910373822,0.005845373910373822,0.008105934051436958,0.008105934051436958
2026-01-02,0.0025601263235237085,0.002560126323523717,0.005293014529423727,0.00529301452942373,0.002412839649366993,0.002412839649366993,0.002001331206030422,0.002001331206030422
2026-01-05,0.0030116143148713045,0.0030116143148713154,0.003923422996968478,0.003923422996968481,0.005452132108799983,0.005452132108799983,0.00969006383330413,0.00969006383330413
2026-01-06,0.001335321421200835,0.0013353214212008403,-0.005199131187990978,-0.005199131187990984,0.002252176991982361,0.002252176991982361,-0.0008719181561923137,-0.0008719181561923137
2026-01-07,0.004568494441567855,0.004568494441567874,0.003335306765783658,0.003335306765783662,0.002902925888943705,0.002902925888943705,0.003452105559730628,0.003452105559730628
2026-01-08,0.0013578271062546826,0.001357827106254688,0.004824308270923511,0.004824308270923518,-0.0016341897718720225,-0.0016341897718720225,-0.0012639631061024453,-0.0012639631061024453
2026-01-09,-0.0001895145846553394,-0.00018951458465534017,0.0032208799515797675,0.003220879951579771,0.00011460828008529581,0.00011460828008529581,0.002295876099532851,0.002295876099532851
2026-01-12,0.006664113559415129,0.006664113559415158,0.011169209032000721,0.011169209032000737,0.005228943308396907,0.005228943308396907,0.008656479598177941,0.008656479598177941
2026-01-13,-0.0029296628341977295,-0.002929662834197743,-0.008555157634778295,-0.008555157634778305,-0.002023885642514366,-0.002023885642514366,-0.005535036409455801,-0.005535036409455801
2026-01-14,0.005732671527199396,0.005732671527199422,0.010806337873677511,0.010806337873677527,0.008018816404028791,0.008018816404028791,0.01553568749199818,0.01553568749199818
2026-01-15,-0.00246905145780517,-0.0024690514578051812,-0.0031279651331277054,-0.003127965133127709,-0.0011188809134879897,-0.0011188809134879897,-0.003657244634897644,-0.003657244634897644
2026-01-16,0.0033137191145535274,0.003313719114553542,0.0028643571877510474,0.002864357187751051,0.0046059931323867796,0.0046059931323867796,0.011456951805659359,0.011456951805659359
2026-01-19,-0.006588447204227935,-0.006588447204227965,-0.005867148243697233,-0.005867148243697238,-0.0048976590334607354,-0.0048976590334607354,-0.009078508459080044,-0.009078508459080044
2026-01-20,-0.00016373578277304365,-0.0001637357827730444,-0.0034715650596871257,-0.003471565059687129,0.0017869139857756807,0.0017869139857756807,0.004057415039009077,0.004057415039009077
2026-01-21,-0.008368132398501676,-0.008368132398501715,-0.012694048512527855,-0.012694048512527867,-0.007237222441327056,-0.007237222441327056,-0.014809752679461448,-0.014809752679461448
2026-01-22,0.001142193180968783,0.001142193180968788,-0.0009370639634493532,-0.0009370639634493542,0.005617774350943478,0.005617774350943478,0.008481046195053459,0.008481046195053459
2026-01-23,-0.0004282178278161144,-0.00042821782781611616,-0.013478781000167047,-0.01347878100016706,0.002160246366823756,0.002160246366823756,-0.002533574736243777,-0.002533574736243777
2026-01-26,-0.013167828586911595,-0.013167828586911656,-0.027227359010710203,-0.02722735901071023,-0.006151634863667992,-0.006151634863667992,-0.021472552856238558,-0.021472552856238558
2026-01-27,-0.0026964297972799614,-0.0026964297972799736,-0.0029949016893337102,-0.0029949016893337133,-0.0011138271650296063,-0.0011138271650296063,-0.0005799675928439471,-0.0005799675928439471
2026-01-28,-0.01470432682389898,-0.01470432682389905,-0.02613850847053351,-0.02613850847053353,-0.004012619224554488,-0.004012619224554488,-0.018365505276556175,-0.01836550527655617
2026-01-29,0.002859386878074198,0.002859386878074211,-0.001689206021393169,-0.0016892060213931702,0.006424166993267791,0.006424166993267791,0.01147816586999853,0.011478165869998528
2026-01-30,-0.002011308395898347,-0.0020113083958983556,-0.0019826201959687443,-0.0019826201959687456,-0.0021018489125954145,-0.0021018489125954145,-0.0026735613618545833,-0.0026735613618545833
2026-02-02,0.013009425014961079,0.013009425014961142,0.02359870476135295,0.023598704761352965,-0.0014726167651400108,-0.0014726167651400108,0.0036379507583308456,0.0036379507583308456
2026-02-03,0.006212927478577631,0.0062129274785776584,0.0049556247312932365,0.00495562473129324,0.007212774773875505,0.007212774773875505,0.012894157001335643,0.012894157001335643
2026-02-04,-6.292601671799045e-05,-6.292601671799073e-05,-0.0070634755279838065,-0.007063475527983811,0.0044021180921917456,0.0044021180921917456,0.0015435825244469565,0.0015435825244469565
2026-02-05,0.005606922327232898,0.005606922327232923,0.0077986503946147305,0.007798650394614735,0.001495038667440554,0.001495038667440554,0.004060798594616512,0.004060798594616512
2026-02-06,-0.0019216702300343272,-0.0019216702300343357,0.00758270255494154,0.007582702554941544,-0.008485879784139689,-0.008485879784139689,-0.004664712261336966,-0.004664712261336966
2026-02-09,0.0002879081183994149,0.0002879081183994162,-0.011311897703046737,-0.011311897703046744,0.010078239462931807,0.010078239462931807,0.009105663565467955,0.009105663565467955
2026-02-10,-0.008469610224068523,-0.00846961022406856,-0.011703773968582552,-0.011703773968582559,-0.0031884336140575713,-0.0031884336140575713,-0.010584268245037833,-0.010584268245037833
2026-02-11,-0.004021876402982641,-0.004021876402982658,-0.0012834943280695657,-0.0012834943280695663,-0.0022816809279965944,-0.0022816809279965944,-0.004843776576667022,-0.004843776576667021
2026-02-12,0.0014833807232929087,0.0014833807232929152,-0.0025941866016263764,-0.0025941866016263777,0.003025565830227624,0.003025565830227624,0.00027679473075641357,0.00027679473075641357
2026-02-13,-0.0016063434192783528,-0.0016063434192783597,0.0018459192452019225,0.0018459192452019238,-0.0029747526357501823,-0.0029747526357501823,-0.002328713751460303,-0.002328713751460303
2026-02-16,-0.0005666927297235584,-0.000566692729723561,0.0003206266721126876,0.00032062667211268784,0.00020209070420830832,0.00020209070420830832,0.00025854695349441647,0.0002585469534944164
2026-02-17,0.003917727388238546,0.003917727388238566,0.0029217493585009125,0.002921749358500914,0.004606261393421813,0.004606261393421813,0.005617386372856293,0.005617386372856293
2026-02-18,-0.003177523056506139,-0.0031775230565061555,-0.00171792803247165,-0.0017179280324716513,-0.003095012456360934,-0.003095012456360934,-0.0009738123462391241,-0.0009738123462391241
2026-02-19,0.010356259923538978,0.010356259923539031,0.01173873787602365,0.011738737876023657,0.007408169792967743,0.007408169792967743,0.008400725882792235,0.008400725882792235
2026-02-20,0.0028304977094261306,0.0028304977094261445,0.0016910171036662392,0.0016910171036662403,6.658015766750042e-05,6.658015766750042e-05,0.0022956372206438176,0.0022956372206438176
2026-02-23,-0.001656937972583419,-0.0016569379725834275,-0.0026039937150110284,-0.00260399371501103,0.001991978173016437,0.001991978173016437,-0.0021958907181848816,-0.0021958907181848816
2026-02-24,0.0015941765074621794,0.0015941765074621885,0.0014247530086061175,0.0014247530086061184,4.215595492621047e-06,4.215595492621047e-06,0.0031005863115928694,0.003100586311592869
2026-02-25,0.003825029568995803,0.0038250295689958233,0.0024764490388609903,0.0024764490388609916,0.004216973153460618,0.004216973153460618,0.006717244547964245,0.006717244547964243
2026-02-26,0.0009469684047164193,0.0009469684047164247,-0.005270310518257325,-0.005270310518257328,0.002524692201306929,0.002524692201306929,0.0008983666848974807,0.0008983666848974805
2026-02-27,-0.0014207803152693434,-0.0014207803152693507,0.0018530207890177512,0.0018530207890177523,-0.002047875685766923,-0.002047875685766923,-0.001164774498762211,-0.001164774498762211
2026-03-02,-0.0020564061064916777,-0.0020564061064916885,0.003751650306676249,0.003751650306676251,-0.0036981560547154945,-0.0036981560547154945,-0.0035944969588028314,-0.0035944969588028314
2026-03-03,0.013020748132117158,0.013020748132117158,0.004560563667315306,0.004560563667315309,0.00909075867912969,0.00909075867912969,0.013292782664269523,0.013292782664269523
2026-03-04,0.005088662104998667,0.005088662104998695,0.009475571970453176,0.00947557197045318,-0.008749192302394241,-0.008749192302394241,-0.00849982598699453,-0.00849982598699453
2026-03-05,-0.006089814690916705,-0.006089814690916738,-0.006891254006861925,-0.006891254006861929,-0.001381477695240585,-0.001381477695240585,-0.001883187059532834,-0.0018831870595328339
2026-03-06,0.0028861692201559287,0.002886169220155944,0.006944712483522874,0.006944712483522877,-0.004622258542716368,-0.004622258542716368,-0.004587529858709695,-0.004587529858709695
2026-03-09,-0.000618051749209867,-0.0006180517492098702,0.004115494819611405,0.004115494819611406,-0.004883718667139261,-0.004883718667139261,-0.0024043528572925098,-0.0024043528572925098
2026-03-10,0.000992652860351715,0.000992652860351715,-0.009773387139563999,-0.009773387139564,0.010297825023481842,0.010297825023481842,0.006320554347207189,0.006320554347207188
2026-03-11,0.004558640275296136,0.004558640275296136,-0.0009998538688815875,-0.0009998538688815878,0.0045491501592610055,0.0045491501592610055,0.005663262533536225,0.005663262533536225
2026-03-12,0.009036772052483343,0.009036772052483343,0.005668355131692047,0.005668355131692049,-0.002490024071468826,-0.00037660256872438434,-0.004241130760245521,-0.0003412192985126201
2026-03-13,0.003209711995899594,0.003209711995899594,0.006478481100573667,0.006478481100573668,0.002532897330204024,0.0,0.004862917013101799,0.0
2026-03-16,0.005871365746755625,0.005871365746755625,0.01067408890478636,0.010674088904786364,0.0021748401530906876,0.0,0.007277885291126786,0.0
2026-03-17,-0.003516673783483124,-0.003516673783483124,-0.007922672401891111,-0.007922672401891113,0.0033727494789042986,0.0,0.0004101294833238676,0.0
2026-03-18,2.6747689312265938e-05,2.6747689312265938e-05,-0.003725693142148467,-0.0037256931421484688,0.0013492202257739789,0.0,-0.005430953519848859,0.0
2026-03-19,0.007788449251111412,0.007788449251111412,0.011893163370350714,0.011893163370350719,0.001025586543831513,0.0,0.0032844560207501705,0.0
2026-03-20,-0.008018138358382935,-0.008018138358382935,-0.011067600881774569,-0.01106760088177457,-0.00013572384001282918,0.0,-0.007100495761757545,0.0
2026-03-23,-0.0016290147142609063,-0.0016290147142609063,0.005717635214257841,0.005717635214257843,-0.01037419434844018,0.0,-0.006926456996426857,0.0
2026-03-24,-0.002468219958604033,-0.002468219958604033,-0.00292017153123159,-0.00292017153123159,-0.0002473088943993547,0.0,0.0045580124703005365,0.0
2026-03-25,0.0025807931319163663,0.0025807931319163663,0.0021834926300932918,0.0021834926300932918,0.0018330705709677746,0.0,-0.000162371505968086,0.0
2026-03-26,0.00499595280994224,0.00499595280994224,0.0073527463617967396,0.007352746361796741,0.002914464760840254,0.0,0.004728962883293574,0.0
2026-03-27,0.003865614229714976,0.003865614229714976,0.006361281751105743,0.006361281751105743,0.0006730521198234353,0.0,0.001240077269445904,0.0
2026-03-29,0.003152278583496416,0.003152278583496416,0.0058874567280020424,0.0058874567280020424,-0.0023974934080593776,0.0,-0.0003644628887028423,0.0
2026-03-30,0.0010368491259599689,0.0010368491259599689,0.0020401664980955136,0.0020401664980955136,0.0028520811772794847,0.0,0.004546883271599627,0.0
2026-03-31,-0.005385284686132191,-0.005385284686132191,-0.009245783991547466,-0.009245783991547466,0.0039561635140513245,0.0,0.00053337572387268,0.0
2026-04-01,-0.0003284729725609784,-0.0003284729725609784,-0.0023645249739859256,-0.0023645249739859264,-0.0006582004720243472,0.0,-0.0010885642208086587,0.0
2026-04-02,0.007251255734897906,0.007251255734897906,0.006752728847268693,0.006752728847268693,0.00263307203449438,0.0,0.0031551798734360966,0.0
2026-04-05,0.004385430047726629,0.004385430047726629,0.0023097061603804805,0.0023097061603804805,0.002902729385586177,0.0,0.005336525478588984,0.0
2026-04-06,-0.0032011738747648438,-0.0032011738747648438,-0.0020184890864676256,-0.0020184890864676256,0.001778813835416695,0.0,0.0006797422586460151,0.0
2026-04-07,-0.005852445023848733,-0.005852445023848733,-0.014194047762748088,-0.01419404776274809,0.007031308080551307,0.0,-0.0005070176491495488,0.0
2026-04-08,-0.001901145019392753,-0.001901145019392753,0.00043461770365263257,0.00043461770365263257,0.000392320472865934,0.0,0.003253727095779068,0.0
2026-04-09,0.0006617062246251094,-0.0001544379195921551,-0.0019917226545615565,-6.70813525297139e-05,0.0034445073220820683,0.0,0.0014676265736026763,0.0
2026-04-12,0.0036748942294280375,0.0,0.004797869508220962,0.0,-0.0012283206720962933,0.0,-0.0006426330140468658,0.0
2026-04-13,-0.008574431957331458,0.0,-0.010869532334560651,0.0,-0.0017248244105994679,0.0,-0.008299110786895103,0.0
2026-04-14,-0.002480523332453674,0.0,-0.004067741530080712,0.0,-0.00010806155434896407,0.0,-0.0012677396540267762,0.0
2026-04-15,0.001134967305385288,0.0,-0.000791874462118092,0.0,0.0013837177417673398,0.0,-0.001380375393765414,0.0
2026-04-16,0.0016548539306100343,0.0,0.0028466595601716015,0.0,0.0022217052618378114,0.0,0.003994838110193952,0.0
2026-04-19,0.0007688577156138786,0.0,0.0024590046380005256,0.0,-0.0023920429068541066,0.0,-0.0016162159445380383,0.0
2026-04-20,-0.0061233476423847525,-0.0062774426017149975,-0.006117586175632822,-0.006464119599174609,-0.003923782101977752,0.0,-0.005894432163936458,0.0
2026-04-21,0.0028733524756383464,0.0028733524756383464,0.0028052773169363523,0.0029281686330915714,0.00308595654518726,0.0,0.004435796757210898,0.0
2026-04-22,0.004478876574710011,-0.0001539678355523699,0.0027832630878397427,-7.6911344529345e-05,0.00438979066194523,0.0,0.0057973471711583935,0.0
2026-04-23,0.004371553591228131,0.004217082998535825,0.004620582760476575,0.004786173896423724,-0.00029355531245242985,0.0,-0.0011704969294139907,0.0
2026-04-26,-0.0001664973381756209,-0.0001664973381756209,-0.0023096570124800314,-0.0024310358047837785,0.0018728448981938013,0.0,0.0005926869538488621,0.0
2026-04-27,-0.0032024486825688774,-0.0032024486825688774,-0.004480580645868544,-0.004743817979180357,-0.0014803145773631008,0.0,-0.0018629612233827886,0.0
2026-04-28,0.005853047993033137,0.005853047993033137,0.0041179562034944035,0.004357250187737678,0.003991682802186187,0.0036123479919500916,0.0058426468379751606,0.005432255562517566
2026-04-29,0.002722049554201623,-0.00015441735458846916,0.004977201884875546,-8.25717595134079e-05,-0.003782555854851358,-0.003782555854851358,-0.005217406408793292,-0.005217406408793292
2026-04-30,-0.014919752569078015,-0.015073823140873913,-0.01583287617162989,-0.016946863836771166,-0.006481571563910186,-0.006481571563910186,-0.015316841249280157,-0.015316841249280157
2026-05-03,0.00013284516015761518,-0.00015406590349840418,0.00042276884320293354,-7.930724164006006e-05,0.0005599678528918214,0.0005599678528918214,0.0018595912584739777,0.0018595912584739777
2026-05-04,0.0032088718280509523,0.0030544379312724165,0.005312878938074434,0.005560239758312579,0.0001389758738831031,0.0001389758738831031,0.0003504345627355005,0.0003504345627355005
2026-05-05,-0.00022782036528383486,-0.00022782036528383486,-0.0028646368583655135,-0.003050228040431723,0.005523897562595135,0.005523897562595135,0.008094812227401457,0.008094812227401457
2026-05-06,-0.005537638152933434,-0.005537638152933434,-0.00530325802110759,-0.005645482246133936,-0.0005692519062032991,-0.0005692519062032991,0.0013665874780735127,0.0013665874780735127
2026-05-07,0.0015156655106511041,0.0015156655106511041,0.0031817967525052354,0.003384750943795884,0.0011369646231425342,0.0011369646231425342,0.0031534019667455284,0.0031534019667455284
2026-05-10,0.00034114552211649983,0.00034114552211649983,-0.002278261985631697,-0.0024231889925375207,0.0030777672026706658,0.0030777672026706658,-0.002377493730232537,-0.002377493730232537
2026-05-11,0.0017435963281251959,0.0017435963281251959,0.0006516147948772283,0.0006929213463439255,0.0023034539646110824,0.0023034539646110824,0.0022904952358973724,0.0022904952358973724
2026-05-12,0.002067167525812071,0.002067167525812071,0.003724088052146913,0.003960706581780424,0.0008729530657436092,0.0008729530657436092,0.0037612950748016133,0.0037612950748016133
2026-05-13,0.004393599107223919,0.004393599107223919,0.002393861018974979,0.0025454824876814,0.007356700641525157,0.007356700641525157,0.00948792420156342,0.00948792420156342
2026-05-14,0.0010307335969076702,0.0010307335969076702,0.007257595321995195,0.007739771270786738,-0.0028259703523708275,-0.0028259703523708275,0.005536720214090357,0.005536720214090357
2026-05-17,0.003569124380191346,0.003569124380191346,0.008317434854601914,0.008858448188851547,-0.003027994228157071,-0.003027994228157071,-0.0017103472102554186,-0.0017103472102554186
2026-05-18,-0.0010849386871871613,-0.0010849386871871613,-0.005377051781737901,-0.005718556160569463,0.002517240282250106,0.002517240282250106,0.000922962812106249,0.000922962812106249
2026-05-19,0.003977989198382909,0.003977989198382909,0.004525180040449798,0.004807965756407156,-0.0012633065413724847,-0.0012633065413724847,-0.0025679104569876704,-0.0025679104569876704
2026-05-20,-0.0006098856459326594,-0.0006098856459326594,-0.0033349884969862895,-0.003542141469421133,0.003497829469950706,0.003497829469950706,0.0041948586521247735,0.0041948586521247735
2026-05-21,-0.00047564763313315907,-0.00047564763313315907,-0.00023571939227404458,-0.00025045553890102543,0.0013040178380795179,0.0013040178380795179,0.0017556196307767565,0.0017556196307767565
2026-05-24,0.0011768007116032925,0.0011768007116032925,-0.0014167934014204648,-0.0015053936048591591,0.0015047600306539388,0.0015047600306539388,-0.0008949885381547831,-0.0008949885381547831
2026-05-25,0.0021096040329760444,0.0021096040329760444,0.00021930252486104104,0.000233049240914093,0.0012216674778479308,0.0012216674778479308,0.0003968036513464238,0.0003968036513464238
2026-05-26,0.003204866803063103,0.003204866803063103,0.003414015971449928,0.003629440250663025,0.0005678672597421372,0.0005678672597421372,0.0005090507427417691,0.0005090507427417691
2026-05-27,-0.0027826078396031104,-0.0027826078396031104,0.0011524556942249938,0.0012273273671597287,-0.0033453458979175324,-0.0033453458979175324,0.0017219276724499976,0.0017219276724499976
2026-05-28,-0.0071636021500593216,-0.0071636021500593216,-0.006565804591428481,-0.007002153227596106,-0.001280044970148744,-0.001280044970148744,-0.0006723571658264741,-0.0006723571658264741
2026-05-31,-0.0020405859235650904,-0.0020405859235650904,-0.002109201225959801,-0.0022489613698310905,-0.0020507361338605408,-0.0020507361338605408,-0.0025130919347106638,-0.0025130919347106638
2026-06-01,0.008366365676489547,0.008366365676489547,0.0053286546862450525,0.005683386217976641,0.005318921433849196,0.005318921433849196,0.0062034465421434435,0.0062034465421434435
2026-06-02,0.004250742513661752,0.004250742513661752,0.00247207656240562,0.002642129591761526,0.00448904980894664,0.00448904980894664,0.007256092655996749,0.007256092655996749
2026-06-03,0.0040870997194778795,0.0040870997194778795,0.005024981848940969,0.005370261815645966,0.0018342021522789699,0.0018342021522789699,0.002226549565463366,0.002226549565463366
2026-06-04,-0.0006005682149693925,-0.0006005682149693925,-0.0002882329318278169,-0.00030809814529303783,-0.00017165881510089898,-0.00017165881510089898,0.000705111229889034,0.000705111229889034
2026-06-07,0.00678692466953492,0.00678692466953492,0.011144746079845828,0.011926837966865007,-0.0035845603833655616,-0.0035845603833655616,0.0016532918658032668,0.0016532918658032668
2026-06-08,0.00010623500137934864,0.00010623500137934864,0.00026085625363185647,0.0002791295746481365,-0.0004781871630921955,-0.0004781871630921955,0.00034454802947859184,0.00034454802947859184
2026-06-09,0.0009075564238261538,0.0009075564238261538,-0.0003472681233401382,-0.00037249340544721194,0.0009803596940153006,0.0009803596940153006,0.004024749861988813,0.004024749861988813
2026-06-10,-0.00039827603283976474,-0.00039827603283976474,0.0012685101282882856,0.0013615184657116803,0.0016166314016648013,0.0016166314016648013,0.0021642659275846795,0.0021642659275846795
2026-06-11,-0.0021000285790006754,-0.0021000285790006754,-0.005729118242813972,-0.006182796847482153,0.00373843461735695,0.00373843461735695,0.004517549868726217,0.004517549868726217
2026-06-14,-0.0010226856669404098,-0.0010226856669404098,-0.003376367950631787,-0.0036624680492576985,0.0007554928515410735,0.0007554928515410735,0.0005939338974742026,0.0005939338974742026
2026-06-15,0.0031533574013881496,0.0031533574013881496,0.0036871042635236422,0.0040039585705432985,0.00037504610891726374,0.00037504610891726374,0.0007160911478187366,0.0007160911478187366
2026-06-16,-0.0007833581072217221,-0.0007833581072217221,-0.0006894988163894093,-0.0007488715984009164,0.00027445492210991754,0.00027445492210991754,-0.0026394214807429154,-0.0026394214807429154
2026-06-17,0.008353470852173866,0.008353470852173866,0.01307342399732573,0.014201467254429145,0.0013533862431296601,0.0013533862431296601,0.009296952413913321,0.009296952413913321
2026-06-18,0.005984790267009143,0.005984790267009143,0.008494995525221833,0.009198715036059507,0.0001558142988180571,0.0001558142988180571,0.007903890826993113,0.007903890826993113
2026-06-21,0.004151378452139124,0.004151378452139124,0.0029201094731583247,0.003160698330024973,0.004082258312576043,0.004082258312576043,0.0027548676104979346,0.0027548676104979346
2026-06-22,0.0031151371395032896,0.0031151371395032896,0.00037378993740784874,0.00040519433891540935,0.0038082162209587727,0.0038082162209587727,0.005631035966476709,0.005631035966476709
2026-06-23,0.0024420183252762597,0.0024420183252762597,0.007291183438697204,0.007905199489171852,-0.0032132433785769157,-0.0032132433785769157,-0.0007795680212034093,-0.0007795680212034093
2026-06-24,0.0033314425265523933,0.0033314425265523933,0.0044464014698530575,0.004839137238090307,-0.0003710380435842476,-0.0003710380435842476,0.001947198874748784,0.001947198874748784
2026-06-25,-0.001285764071506186,-0.001285764071506186,-0.0018746588282067974,-0.0020402302059630076,0.0011192347487273522,0.0011192347487273522,0.003221923058062931,0.003221923058062931
2026-06-28,-0.0010941651661879855,-0.0010941651661879855,-0.0010070310422248374,-0.0010985637481868574,-0.002017850653023305,-0.002017850653023305,-0.00040162757078218746,-0.00040162757078218746
2026-06-29,-0.0013683885237561846,-0.0013683885237561846,-0.0029435964793400535,-0.0032116415181546567,0.00012546151282080435,0.00012546151282080435,-0.0010881681579210942,-0.0010881681579210942
2026-06-30,0.0028232534594292763,0.0028232534594292763,0.0007787829194377343,0.0008496322613467642,0.0026832473939656628,0.0026832473939656628,0.004151436669029034,0.004151436669029034
2026-07-01,0.0015067169257087772,0.0015067169257087772,0.0007069420773132158,0.0007854185663424302,0.00013217880468006812,0.00013217880468006812,0.0002173618933330731,0.0002173618933330731
2026-07-02,-0.005606843626769788,-0.005606843626769788,-0.00831396196519319,-0.0092368954462665,0.00048717920349274167,0.00048717920349274167,-0.003526534082803264,-0.003526534082803264
2026-07-05,0.001482938659089219,0.001482938659089219,-0.0005691155847647157,-0.0006280876705196306,0.0010481918647048144,0.0010481918647048144,-0.001970794480312372,-0.001970794480312372
2026-07-06,0.004432063231963227,0.004432063231963227,0.0003087438338779697,0.0003378590101791745,0.005808304100046667,0.005808304100046667,0.005808649000220028,0.005808649000220028
2026-07-07,0.002492893979940536,0.002492893979940536,0.006135088723800091,0.006299593347443534,-0.0011960533078944238,-0.0011960533078944238,0.0011348285654420977,0.0011348285654420977
2026-07-08,0.0012280296346488047,0.0012280296346488047,-0.002166690502341761,-0.0021959522338037218,-8.352446071130531e-05,-8.352446071130531e-05,-0.004082171731251932,-0.004082171731251932
2026-07-09,-0.007402832803275425,-0.007402832803275425,-0.007415165801876589,-0.007509823197077687,-0.0022752651697683177,-0.0022752651697683177,-0.0002744746721070772,-0.0002744746721070772
2026-07-12,0.002009888360722736,0.002009888360722736,0.0031685271534518224,0.003203248268165822,-5.5521551767847774e-05,-5.5521551767847774e-05,0.004191737398515565,0.004191737398515565
2026-07-13,0.00045728590177163196,0.00045728590177163196,0.003530826070628369,0.003562523782672644,-0.0007314826508830981,-0.0007314826508830981,0.0025801045670601265,0.0025801045670601265
2026-07-14,-0.010069641856767508,-0.010069641856767508,-0.01082330666757188,-0.010913030462637056,-0.0017905038435771744,-0.0017905038435771744,-0.0021705336245378616,-0.0021705336245378616
2026-07-15,0.003051934099901105,0.003051934099901105,-0.009352754489065064,-0.009437379749630265,0.002448890040201897,0.002448890040201897,-0.00582526035838634,-0.00582526035838634
2026-07-16,0.0018169968774561156,0.0018169968774561156,0.0048989825612488005,0.0049349478644283955,0.00024729440979557747,0.00024729440979557747,0.0035769245868654052,0.0035769245868654052
2026-07-19,-0.0014568001847756916,-0.0014568001847756916,0.0014427679558023116,0.0014535421793358348,-0.004094151075034875,-0.004094151075034875,-0.005510255429767591,-0.005510255429767591
2026-07-20,0.002841800948068961,0.002841800948068961,0.0019037131308896097,0.0019175587167780909,0.0045166606319527475,0.0045166606319527475,0.007743664490189245,0.007743664490189245
2026-07-21,0.0051295429343215185,0.0051295429343215185,0.006704104693254447,0.006751035814555889,0.005865941416749145,0.005865941416749145,0.007190512213053262,0.007190512213053262
2026-07-22,3.475366178625898e-05,3.475366178625898e-05,0.0007503960596553572,0.0007555731549518475,0.002122850857639962,0.002122850857639962,0.0023217876797881737,0.0023217876797881737
2026-07-23,0.005815305754429423,0.005815305754429423,0.007802680388027767,0.007801736228727536,-0.0038757802424378997,-0.0038757802424378997,-0.007192343196231594,-0.007192343196231594
2026-07-26,-0.001631299916999444,-0.001631299916999444,-0.0039024062269620843,-0.003901249512027351,0.0007369620234777614,0.0007369620234777614,-0.0003446314763677792,-0.0003446314763677792
2026-07-27,0.003962306393947314,0.003962306393947314,0.0073102735277708044,0.007310273527770816,0.00030406181313433287,0.00030406181313433287,0.003902235690343131,0.003902235690343131
2026-07-28,-0.0024071296286785537,-0.0024071296286785537,-0.0013022146241370286,-0.0013022146241370306,-0.0015509192180355952,-0.0015509192180355952,0.0008814446518625567,0.0008814446518625567
2026-07-29,-0.009511049896519644,-0.009511049896519644,-0.012151609587051767,-0.012151609587051785,-0.004278521351308831,-0.004278521351308831,-0.01016266905694126,-0.01016266905694126
2026-07-30,-0.01318468149659175,-0.01318468149659175,-0.020144474444391172,-0.0201444744443912,-0.005266072499489485,-0.005266072499489485,-0.014084747737782915,-0.014084747737782915
2026-08-02,-0.006264687324113323,-0.006264687324113323,-0.007550352192920191,-0.007550352192920199,-0.0022185432920236313,-0.0022185432920236313,-0.007325519600047419,-0.007325519600047419
2026-08-03,0.0014997224287936705,0.0014997224287936705,0.006699297451914398,0.006699297451914407,-0.0001347488675168503,-0.0001347488675168503,0.004526194473448968,0.004526194473448968
2026-08-04,0.002710285312470702,0.002710285312470702,-0.0014390695424317064,-0.0014390695424317083,0.0038700920537769277,0.0038700920537769277,0.002583884229262628,0.002583884229262628
2026-08-05,-0.0035536491419262883,-0.0035536491419262883,-0.004226702557570707,-0.004226702557570713,-0.001108844031366873,-0.001108844031366873,-0.0013322026044397407,-0.0013322026044397407
2026-08-06,0.006239498062856779,0.006239498062856779,0.006688793304043618,0.0066887933040436255,0.004473411960104465,0.004473411960104465,0.00917641556500914,0.00917641556500914
2026-08-09,-0.00503391110898299,-0.00503391110898299,-0.007181622882306121,-0.00718162288230613,0.0013337644667644668,0.0013337644667644668,0.0009038922548114067,0.0009038922548114067
2026-08-10,0.004472409093744468,0.004472409093744468,0.002895227136383848,0.0028952271363838523,0.002729854131678913,0.002729854131678913,0.004992492484613416,0.004992492484613416
2026-08-11,0.0018390742410384327,0.0018390742410384327,0.001113516891554819,0.0011135168915548208,0.003176688943419584,0.003176688943419584,0.004965190940883209,0.004965190940883209
2026-08-12,0.003507107322259769,0.003507107322259769,0.003446847947965774,0.003446847947965779,0.004990907221541437,0.004990907221541437,0.00731833683199817,0.00731833683199817
2026-08-13,0.0007220799962475799,0.0007220799962475799,0.0009479285181057519,0.0009479285181057531,-0.0006856026113518444,-0.0006856026113518444,-0.0004887449793507565,-0.0004887449793507565
2026-08-16,-0.0020628827887829546,-0.0020628827887829546,-0.0016894772538082999,-0.0016894772538083023,-0.0011743323539050103,-0.0011743323539050103,-0.0002473902389618682,-0.0002473902389618682
2026-08-17,-0.0023679859965048474,-0.0023679859965048474,-0.007206100606748588,-0.0072061006067485976,-0.0010103730362678806,-0.0010103730362678806,-0.007462788756186061,-0.007462788756186061
2026-08-18,0.002410668132159971,0.002410668132159971,0.0039004766368245874,0.0039004766368245934,0.0017246016454245405,0.0017246016454245405,0.0011214116411032387,0.0011214116411032387
2026-08-19,-0.01646203685198771,-0.01646203685198771,-0.018567644089543537,-0.018567644089543568,-0.0063939228694768705,-0.0063939228694768705,-0.012736119159575624,-0.012736119159575624
2026-08-20,0.0023467628967065134,0.0023467628967065134,-0.00031409077808751314,-0.0003140907780875135,0.002061001386716308,0.002061001386716308,0.0043740237671474015,0.0043740237671474015
2026-08-23,0.0018930753451811447,0.0018930753451811447,-0.0011745288417183161,-0.0011745288417183176,0.004627807099291621,0.004627807099291621,0.005276757626158475,0.005276757626158475
2026-08-24,0.0028781118333262032,0.0028781118333262032,0.003661917424755406,0.003661917424755411,0.002270139414620167,0.002270139414620167,0.0027491200926751352,0.0027491200926751352
2026-08-25,6.775822892492476e-05,6.775822892492476e-05,-0.0008653500808871934,-0.0008653500808871946,-0.00028953247450224084,-0.00028953247450224084,0.0002650604650107875,0.0002650604650107875
2026-08-26,0.005350945048234841,0.005350945048234841,0.005766997783360965,0.005766997783360972,0.004317963058791811,0.004317963058791811,0.006507991071394043,0.006507991071394043
2026-08-27,-0.0007581304818043967,-0.0007581304818043967,-0.0012290517381526203,-0.001229051738152622,-0.0009861246515366492,-0.0009861246515366492,-0.0029402709059642746,-0.0029402709059642746
2026-08-30,0.005653861400728592,0.005653861400728592,0.00854649935095647,0.00854649935095648,0.0009728815788267713,0.0009728815788267713,0.003698022138051755,0.003698022138051755
2026-08-31,-0.0008169270087470093,-0.0008169270087470093,-0.0016148350964226826,-0.0016148350964226847,0.0011391132206600718,0.0011391132206600718,0.0017384024302203277,0.0017384024302203277
2026-09-01,0.004675453941336267,0.004675453941336267,0.0066240102022821455,0.006624010202282154,0.00366108174101901,0.00366108174101901,0.005163722820488543,0.005163722820488543
2026-09-02,-0.0004697439463615036,-0.0004697439463615036,0.0004168651189193199,0.00041686511891932045,0.0021404388195667553,0.0021404388195667553,0.0013398789499966487,0.0013398789499966487
2026-09-03,-0.013547284858476514,-0.013547284858476514,-0.014747157608898161,-0.014747157608898177,-0.007608101077600833,-0.007608101077600833,-0.015275896482421895,-0.015275896482421895
2026-09-06,0.004880956129523123,0.004880956129523123,0.004138666598772735,0.00413866659877274,0.004631447534226276,0.004631447534226276,0.007578889929336248,0.007578889929336248
2026-09-07,-0.006325719756764801,-0.006325719756764801,-0.006847754349981473,-0.00684775434998148,-0.003937804049783852,-0.003937804049783852,-0.010132721039441187,-0.010132721039441187
2026-09-08,9.906625715000168e-06,9.906625715000168e-06,0.0001208026034425789,0.00012080260344257904,0.0015473398136875184,0.0015473398136875184,-0.0008079185963286199,-0.0008079185963286199
2026-09-09,0.00280709692422703,0.00280709692422703,0.0017190247665773582,0.00171902476657736,0.0024651914769643355,0.0024651914769643355,0.0008075368084881589,0.0008075368084881589
2026-09-10,0.003922205217889805,0.003922205217889805,0.008208022888242307,0.008208022888242315,-0.0012732494971014726,-0.0012732494971014726,0.0033885274269434508,0.0033885274269434508
2026-09-13,0.0009094587009436271,0.0009094587009436271,6.936186694947694e-05,6.936186694947703e-05,0.0011727592771489338,0.0011727592771489338,0.0016223681742102381,0.0016223681742102381
2026-09-14,0.0034623154617939855,0.0034623154617939855,0.004655911533233145,0.004655911533233151,-0.000612398920611327,-0.000612398920611327,-0.0009111725976452302,-0.0009111725976452302
2026-09-15,0.007927909957418225,0.007927909957418225,0.008200917197095578,0.008200917197095587,0.004259195549800457,0.004259195549800457,0.007570470209686426,0.007570470209686426
2026-09-16,0.007221336909024871,0.007221336909024871,0.012017907128744522,0.012017907128744539,0.0013458577709333842,0.0013458577709333842,0.007129206459109411,0.007129206459109411
2026-09-17,0.0003386756803521433,0.0003386756803521433,0.00020160469951940716,0.00020160469951940735,0.002750566602546922,0.002750566602546922,0.004516043081172034,0.004516043081172034
2026-09-20,0.0032693394052477794,0.0032693394052477794,0.0007058101640146741,0.0007058101640146749,0.0020819504404272406,0.0020819504404272406,0.0010648767842443246,0.0010648767842443246
2026-09-21,0.0019622349013660757,0.0019622349013660757,0.0024957562796713217,0.0024957562796713247,0.0009271072089544124,0.0009271072089544124,0.0018011724592754811,0.0018011724592754811
2026-09-22,0.0007814040054049282,0.0007814040054049282,0.002291337719501688,0.0022913377195016905,0.0003471439830654475,0.0003471439830654475,0.0008572850159116256,0.0008572850159116256
2026-09-23,0.0030577655520175858,0.0030577655520175858,0.010997106295085362,0.010997106295085374,-0.004407847431030499,-0.004407847431030499,-0.0011494109184805538,-0.0011494109184805538
2026-09-24,0.0034898496028412697,0.0034898496028412697,0.0053067386187723746,0.005306738618772381,-0.0023824677199956977,-0.0023824677199956977,-0.002720049471440465,-0.002720049471440465
2026-09-27,-0.001348756693877776,-0.001348756693877776,-0.0019884192758104144,-0.001988419275810416,0.000561929360223207,0.000561929360223207,-0.0003334850014845217,-0.0003334850014845217
2026-09-28,0.0011286294022211573,0.0011286294022211573,-0.0007175724363507818,-0.0007175724363507825,-0.0034073120959970324,-0.0034073120959970324,-0.006729829574139831,-0.006729829574139831
2026-09-30,0.001083410182555109,0.001083410182555109,0.00429006125804485,0.004290061258044854,-0.0016792046574363162,-0.0016792046574363162,0.0024011820264997277,0.0024011820264997277
