,carry_ret,equity,dd
2006-06-01,0.0,1.0,0.0
2006-06-04,0.0,1.0,0.0
2006-06-05,0.0,1.0,0.0
2006-06-06,0.0,1.0,0.0
2006-06-07,0.0,1.0,0.0
2006-06-08,0.0,1.0,0.0
2006-06-11,0.0,1.0,0.0
2006-06-12,0.0,1.0,0.0
2006-06-13,0.0,1.0,0.0
2006-06-14,0.0,1.0,0.0
2006-06-15,0.0,1.0,0.0
2006-06-18,0.0,1.0,0.0
2006-06-19,0.0,1.0,0.0
2006-06-20,0.0,1.0,0.0
2006-06-21,0.0,1.0,0.0
2006-06-22,0.0,1.0,0.0
2006-06-25,0.0,1.0,0.0
2006-06-26,0.0,1.0,0.0
2006-06-27,0.0,1.0,0.0
2006-06-28,0.0,1.0,0.0
2006-06-29,0.0,1.0,0.0
2006-07-02,0.0,1.0,0.0
2006-07-03,0.0,1.0,0.0
2006-07-04,0.0,1.0,0.0
2006-07-05,0.0,1.0,0.0
2006-07-06,0.0,1.0,0.0
2006-07-09,0.0,1.0,0.0
2006-07-10,0.0,1.0,0.0
2006-07-11,0.0,1.0,0.0
2006-07-12,0.0,1.0,0.0
2006-07-13,0.0,1.0,0.0
2006-07-16,0.0,1.0,0.0
2006-07-17,0.0,1.0,0.0
2006-07-18,0.0,1.0,0.0
2006-07-19,0.0,1.0,0.0
2006-07-20,0.0,1.0,0.0
2006-07-23,0.0,1.0,0.0
2006-07-24,0.0,1.0,0.0
2006-07-25,0.0,1.0,0.0
2006-07-26,0.0,1.0,0.0
2006-07-27,0.0,1.0,0.0
2006-07-30,0.0,1.0,0.0
2006-07-31,0.0,1.0,0.0
2006-08-01,0.0,1.0,0.0
2006-08-02,-0.0,1.0,0.0
2006-08-03,-0.0,1.0,0.0
2006-08-06,0.0,1.0,0.0
2006-08-07,0.0,1.0,0.0
2006-08-08,0.0,1.0,0.0
2006-08-09,0.0,1.0,0.0
2006-08-10,0.0,1.0,0.0
2006-08-13,-0.0,1.0,0.0
2006-08-14,-0.0,1.0,0.0
2006-08-15,0.0,1.0,0.0
2006-08-16,-0.0,1.0,0.0
2006-08-17,0.0,1.0,0.0
2006-08-20,-0.0,1.0,0.0
2006-08-21,0.0,1.0,0.0
2006-08-22,-0.0,1.0,0.0
2006-08-23,0.0,1.0,0.0
2006-08-24,0.0033457515297254203,1.0033457515297255,0.0
2006-08-27,-0.0018518653983469594,1.0014876902498893,-0.001851865398346919
2006-08-28,-0.0006983404194276812,1.0007883109162286,-0.0025489125853155326
2006-08-29,0.0033868746101238384,1.0041778554365794,0.0
2006-08-30,0.0060748276696319875,1.0102780628580175,0.0
2006-08-31,-0.0006327174951164547,1.0096388422527147,-0.0006327174951166192
2006-09-03,-0.003731035888724659,1.0058718434976195,-0.004361392692159516
2006-09-04,0.0023405906207812324,1.008226177700218,-0.002031010306207004
2006-09-05,0.003698073342742603,1.0119546720514263,0.0
2006-09-06,0.0019353047511150984,1.0139131127361605,0.0
2006-09-07,0.003618927746092614,1.0175823910319683,0.0
2006-09-10,0.0002309683080369303,1.0178174203151134,0.0
2006-09-11,0.005142418948774264,1.0230514639037345,0.0
2006-09-12,0.00544439183739643,1.0286213569430485,0.0
2006-09-13,0.003367435050103148,1.0320851725537032,0.0
2006-09-14,0.006931971240853561,1.039239557287957,0.0
2006-09-17,-0.0019814656547324735,1.0371803397981514,-0.0019814656547325615
2006-09-18,-0.001045250356231356,1.0360962266785012,-0.003024644883282468
2006-09-19,-0.002166875324037869,1.0338511353315827,-0.005184966178958805
2006-09-20,-0.011068453003019566,1.0224080026280467,-0.016196029627504327
2006-09-21,-0.007074004838604838,1.0151754834704274,-0.023155463674158216
2006-09-24,0.009078318910584757,1.024391570259579,-0.014287357447330007
2006-09-25,0.0002895736744064142,1.02468820709061,-0.014001921015517005
2006-09-26,-0.000826276203809526,1.0238415316087668,-0.014816627765183887
2006-09-27,0.002343358062020448,1.0262407589160936,-0.01250799036728889
2006-09-28,0.005568529647691788,1.0319554110077875,-0.007009111834790471
2006-10-01,-0.0056029827872095895,1.026173382602743,-0.012572822689036145
2006-10-02,0.001063135005678513,1.0272643434476836,-0.011523054291278423
2006-10-03,0.007988503719445563,1.0354706484761693,-0.0036266025338980157
2006-10-04,0.004186959644691015,1.0398061222946011,0.0
2006-10-05,0.008449199933506974,1.0485916521139529,0.0
2006-10-08,0.0006380391494130778,1.0492606946397494,0.0
2006-10-09,0.01586508936373958,1.0659073093260685,0.0
2006-10-10,0.0006933646519605783,1.0666463717766217,0.0
2006-10-11,-0.0009279978410139456,1.0656565262464877,-0.0009279978410139389
2006-10-12,0.00651860200708515,1.0726031170173413,0.0
2006-10-15,-0.0013330239707868103,1.0711733113512165,-0.0013330239707868285
2006-10-16,-0.0032698083386954336,1.0676707799255725,-0.004598473576586826
2006-10-17,0.0026491334347964815,1.0704991822860286,-0.0019615221118910453
2006-10-18,-0.008921048190823375,1.060949207492618,-0.010865071469426835
2006-10-19,-0.00030335107541283374,1.0606273674095668,-0.01116512661372493
2006-10-22,0.007057760080128617,1.068113020903162,-0.004186167318500189
2006-10-23,-0.0005547602110464947,1.0675204742982642,-0.004738605210481528
2006-10-24,-0.008048651266589737,1.058928374280693,-0.012749117096242157
2006-10-25,-0.00814938346443437,1.0502987608973096,-0.020794603116626176
2006-10-26,-0.004506739614987515,1.0455653378640013,-0.025207626869970134
2006-10-30,0.006529303206185851,1.0523921509767935,-0.01884291190272669
2006-10-31,-0.0030517449297029417,1.0491805185659908,-0.021837153071569748
2006-11-01,0.007891404770717172,1.057460026715546,-0.014118074114780388
2006-11-02,-0.0002035293764458642,1.0572448025356922,-0.014318730048405115
2006-11-03,0.004917967683343838,1.0624442983079458,-0.009471181416705887
2006-11-06,0.00040002524293380315,1.06286930284648,-0.009074944885419378
2006-11-07,-0.005554831509888247,1.0569652429521355,-0.014579366605507516
2006-11-08,-0.0008744406087312649,1.0560409896216805,-0.01544105842402943
2006-11-09,-0.007530341045793001,1.0480886408114924,-0.022855123033781566
2006-11-10,-0.004008443166717217,1.0438874370611178,-0.026771952738749438
2006-11-13,0.0017626758846978163,1.0457274722727643,-0.02505646712953058
2006-11-14,0.005980296397795428,1.051981232508273,-0.01922601583185124
2006-11-15,0.0005380222670305843,1.0525472218358607,-0.018698337589444503
2006-11-16,0.008845752715517678,1.0618577942816259,-0.010017985744434244
2006-11-17,-0.004346760612567977,1.0572421526452942,-0.01432120057115105
2006-11-20,0.006372136463562258,1.0639790439169803,-0.00804032075195027
2006-11-21,-0.0017961689649489184,1.0620679577789405,-0.009822047942296352
2006-11-22,-0.013720773721961108,1.0474955636529102,-0.023408055566955133
2006-11-23,-0.00426469351492173,1.0430283161156904,-0.02757292089910346
2006-11-24,-0.012163581716245304,1.0303413559602594,-0.03940111713883698
2006-11-27,-0.006643688008179377,1.023496089449335,-0.0457830364175722
2006-11-28,0.0013871349105905881,1.024915816605863,-0.04445940875510934
2006-11-29,0.010284983071647609,1.0354570584295182,-0.034631689949883526
2006-11-30,-0.007255178661560644,1.027944632474238,-0.04163560951350587
2006-12-01,-0.003382096208975281,1.0244680248297104,-0.0448768900853872
2006-12-04,-0.001124625448666993,1.0233158820176413,-0.04595104584140708
2006-12-05,-0.0019566204433221364,1.0213136412429094,-0.047817757529043936
2006-12-06,0.0058134796946267666,1.0272510273581203,-0.04228226539685487
2006-12-07,0.004605490333224925,1.0319820220344136,-0.03787150562818198
2006-12-08,0.0036696490582055754,1.0357690338896572,-0.034340831704937735
2006-12-11,0.00474987508011669,1.0406888074124863,-0.02975407128556673
2006-12-12,0.0005374308270367673,1.0412481056589418,-0.029232631213668814
2006-12-13,0.00986941033006291,1.0515246104690905,-0.01965172971608109
2006-12-14,0.0035644811466469294,1.0552727501183428,-0.01615729678950617
2006-12-15,0.00925225946784017,1.0650364074117789,-0.007054528823861483
2006-12-18,-0.00011348243681260948,1.0649155444849716,-0.007167210695552595
2006-12-19,-0.007348036867779622,1.0570905058030244,-0.014462582634902188
2006-12-20,0.0026272776751193974,1.0598677760895014,-0.011873302180263945
2006-12-21,0.0037422940578355586,1.0638341129700526,-0.008175441510624437
2006-12-22,0.007629510625605648,1.0719506466388393,-0.0006083055028931472
2006-12-25,0.0010839147354719436,1.07311254974043,0.0
2006-12-26,0.004285567172636947,1.0777114456561423,0.0
2006-12-27,0.0011595446078868376,1.078961100151811,0.0
2006-12-28,0.0025525160655419307,1.0817151656940431,0.0
2006-12-29,-0.00048254391344417354,1.0811931906247572,-0.0004825439134442666
2007-01-01,-0.0018867125457877401,1.079153289867585,-0.0023683460375766296
2007-01-02,-0.0009274080102103941,1.078152474462317,-0.003293557624700849
2007-01-03,0.01478340365381973,1.094091237692658,0.0
2007-01-04,-0.003935610990757418,1.0897853201927032,-0.003935610990757454
2007-01-05,-0.0002100617268044841,1.0895563980064973,-0.004144845996321256
2007-01-08,-0.0012151700501785694,1.0882324017036593,-0.005354979353782596
2007-01-09,0.007150598665724322,1.0960139148632795,0.0
2007-01-10,0.0001648246847937068,1.0961945650113263,0.0
2007-01-11,0.0070019827140942546,1.1038701004068199,0.0
2007-01-12,-0.0037313192406103275,1.0997512086620376,-0.003731319240610209
2007-01-15,0.001993673125986833,1.1019437530920186,-0.001745085145517855
2007-01-16,0.0010754675978496976,1.103128857893122,-0.0006714943301976417
2007-01-17,-0.000781267759681768,1.1022670188816754,-0.0014522374730084886
2007-01-18,0.004532255813450078,1.1072627749859763,0.0
2007-01-19,0.0006127752468265927,1.1079412782062201,0.0
2007-01-22,0.00581981841479429,1.1143892952596355,0.0
2007-01-23,-0.002145282281274523,1.111998615650073,-0.00214528228127453
2007-01-24,-0.002984522937003887,1.1086798302757488,-0.005123402574103597
2007-01-25,-0.0002446059249406351,1.108408640620401,-0.005366755284418878
2007-01-26,0.0016130946183221576,1.1101966086334876,-0.0037623177501638905
2007-01-29,-5.864067346608858e-05,1.1101315059566776,-0.0038207377987832247
2007-01-30,-0.007644168614822898,1.1016454735405177,-0.011435700049639008
2007-01-31,-0.0056655622265343415,1.0954040325585939,-0.017036472605938213
2007-02-01,-0.0024829202915372306,1.0926842316587224,-0.01947709269394604
2007-02-02,0.006186015575764196,1.0994435933351552,-0.013411562716957204
2007-02-05,-0.0017636443814961584,1.0975045658189977,-0.015151553871220469
2007-02-06,-0.004177936648892213,1.092919261271136,-0.019266188287906383
2007-02-07,0.008058252500587997,1.101726280641215,-0.011363187597266289
2007-02-08,-0.0008576890897026193,1.1007813420304704,-0.012211130604942388
2007-02-09,0.001393160815894032,1.1023149074630547,-0.01083498185772469
2007-02-12,-0.00433922912160375,1.097531710515413,-0.015127195510519442
2007-02-13,-0.0014961323810921063,1.0958896577840354,-0.016600695604573223
2007-02-14,-0.0015327304821293629,1.0942099543004995,-0.018107981694524877
2007-02-15,-0.007696502899367245,1.0857883642147093,-0.02566511646027847
2007-02-16,0.004676279639631737,1.0908658142352357,-0.021108854082198647
2007-02-19,0.0019078621333329462,1.0929470358147626,-0.019241264732247076
2007-02-20,0.0075075655469291356,1.101152407325464,-0.01187815424150096
2007-02-21,0.00470428206513733,1.106332538846228,-0.007229750364328824
2007-02-22,0.0020021837249832794,1.1085476198499253,-0.005242041927860708
2007-02-23,-0.002482051653707857,1.105796147396863,-0.007711082562732674
2007-02-26,0.0018951954155071202,1.107891847185895,-0.005830501155547063
2007-02-27,-0.015843372465534925,1.0903391039993993,-0.02158149881961391
2007-02-28,-0.0006138048683780382,1.0896698485491816,-0.022182056858949473
2007-03-01,-0.005836354312626165,1.083310149229263,-0.027888948828363902
2007-03-02,-0.010438050944600333,1.0720025027028053,-0.038035893504302476
2007-03-05,-0.02159567959577466,1.048851880128567,-0.058810162130819243
2007-03-06,0.015589906546630644,1.0652033829210292,-0.04413710051580022
2007-03-07,-0.011760916601689344,1.0526756147706577,-0.05537892435928271
2007-03-08,0.018969181313457446,1.0726440093714975,-0.0374602359029409
2007-03-09,0.00868056440310161,1.0819551647764478,-0.029104847490150187
2007-03-12,-0.002315098654451575,1.079450331830297,-0.03135256555133925
2007-03-13,-0.016192891940119244,1.0619709092522431,-0.04703776878544019
2007-03-14,0.013263763909672642,1.0760566406715053,-0.034397902735775365
2007-03-15,0.0006308111975281062,1.0767354292496154,-0.03378879012046443
2007-03-16,0.00010548724983593214,1.0768490111088478,-0.03368686715717362
2007-03-19,0.010733121721203873,1.0884069626204371,-0.023315310681573664
2007-03-20,-0.00016408657798247113,1.0882283696464885,-0.023475571530011785
2007-03-21,0.0012008587120089704,1.0895351781648337,-0.02230290366259413
2007-03-22,0.005533757790330826,1.0955644019448427,-0.016892564739153237
2007-03-23,0.0035389198747146464,1.0994415165809153,-0.013413426297528841
2007-03-25,0.00393838098001233,1.1037715361384535,-0.009527872500523449
2007-03-26,-0.006261741955182905,1.0968600036016787,-0.015729953376726225
2007-03-27,-0.003666311687773674,1.0928385729506225,-0.01933859415258654
2007-03-28,0.005333104632622043,1.0986667954067333,-0.014108624266028214
2007-03-29,-0.0036586215317019116,1.0946471894128922,-0.017715627681207824
2007-04-01,0.013566752162168145,1.1094979965366707,-0.004389219049187987
2007-04-02,0.00286655629617964,1.1126784350042416,-0.0015352446965091193
2007-04-03,0.001996010897622937,1.11489935328606,0.0
2007-04-04,-0.004669013651449743,1.109693872985575,-0.004669013651449672
2007-04-05,0.005902787790582344,1.1162441604303184,0.0
2007-04-08,-0.002867196428888211,1.1130436691597652,-0.00286719642888833
2007-04-09,0.004130680976144303,1.1176412974695813,0.0
2007-04-10,-0.0006494633211695486,1.1169154304406506,-0.0006494633211694412
2007-04-11,0.001691589186440704,1.1188047925049527,0.0
2007-04-12,0.0036074812527883654,1.1228408598194441,0.0
2007-04-15,0.0005805030627471287,1.123492672377547,0.0
2007-04-16,-0.00020179817023833048,1.123265953611985,-0.00020179817023835422
2007-04-17,0.00023626590794238858,1.123531343062376,0.0
2007-04-18,-0.0033014592288492036,1.1198220501409213,-0.0033014592288491684
2007-04-19,0.0032668251507624716,1.1234803129786999,-4.541936812985092e-05
2007-04-22,-0.002914910327448468,1.120205468611713,-0.0029601973021932126
2007-04-23,-0.006909415684901004,1.1124655033765756,-0.00984915975342393
2007-04-24,0.0031637804719054567,1.1159851000118268,-0.00671653986081111
2007-04-25,-0.00041923152641315807,1.1155172438748944,-0.007132955601966362
2007-04-26,0.0002351088751518114,1.1157795118793141,-0.00689952374798275
2007-04-29,-0.002667016286437167,1.112803709749059,-0.009548138892215396
2007-04-30,0.0038344663166015583,1.117070718091081,-0.005750284592582311
2007-05-01,-0.002973707249174833,1.1137488767988528,-0.00870689217877918
2007-05-02,0.00013635414934051507,1.1139007410795276,-0.008571725250315132
2007-05-03,-0.006496570066037778,1.106664206868493,-0.015012608502677383
2007-05-06,0.0037533576014916335,1.1108179133816416,-0.011315598589427545
2007-05-07,0.004670207864612478,1.1160056639368692,-0.006698236922340062
2007-05-08,0.0007106344696134791,1.1167987360299467,-0.005992362450769062
2007-05-09,-0.003826502453877124,1.1125253029260411,-0.009795935115023968
2007-05-10,0.007828938110570251,1.1212351946690926,-0.0020436887742043552
2007-05-13,-0.0015525737580238748,1.1194943943292766,-0.003593089554667861
2007-05-14,-0.0030345258731898817,1.1160972596247933,-0.006616712104639433
2007-05-15,1.7261813858908722e-06,1.1160991862111076,-0.006614997344898899
2007-05-16,-5.9755940030410154e-05,1.1160324926550684,-0.006674357999544633
2007-05-17,-0.003622409766368021,1.1119897656540907,-0.010272590506310797
2007-05-20,0.00046581819499116656,1.1125077507195764,-0.009811557470887133
2007-05-21,-0.0003802518051068777,1.11208471763917,-0.010188078413554735
2007-05-22,0.002595273162870787,1.1149708812616976,-0.007619246097171906
2007-05-23,-0.0034874372580163703,1.1110824902687821,-0.01108011171247103
2007-05-24,0.00041994913189553364,1.1115490883960348,-0.010664815663870453
2007-05-27,9.764162075321006e-05,1.1116576218505725,-0.010568215373003786
2007-05-28,-0.0046382756130021055,1.106501447413135,-0.01515747269036849
2007-05-29,0.005249132072424287,1.1123096196489353,-0.00998790419397999
2007-05-30,0.005802141484247003,1.1187633974364275,-0.004243713942997385
2007-05-31,0.007381035787630382,1.1270210301107966,0.0
2007-06-03,-0.002424416677500789,1.1242886615295018,-0.002424416677500818
2007-06-04,0.0015537143425159482,1.1260354849480483,-0.0008744691859489118
2007-06-05,0.001187174130588302,1.127372285145903,0.0
2007-06-06,0.0028901778308515536,1.1306305915315482,0.0
2007-06-07,0.015201230027704578,1.147817567229779,0.0
2007-06-10,-0.0069076937109427364,1.1398887950393164,-0.006907693710942686
2007-06-11,0.0037179580726987593,1.1441268537868117,-0.0032154181538401883
2007-06-12,0.004066465230182213,1.1487794058566536,0.0
2007-06-13,0.0005916179043713173,1.1494590443213313,0.0
2007-06-14,0.004750211382360683,1.154919217757224,0.0
2007-06-17,0.0036079166278143015,1.1590860700067525,0.0
2007-06-18,-0.00036761330212667365,1.1586599745491082,-0.0003676133021267569
2007-06-19,0.0027844287382449225,1.161886180680097,0.0
2007-06-20,0.00962095661624718,1.1730646372174376,0.0
2007-06-21,-0.005626106267623019,1.1664648509096616,-0.0056261062676230544
2007-06-24,-0.0008617920132635137,1.165459600817395,-0.006483049747439407
2007-06-25,-0.0003892040687551075,1.1650059991987871,-0.006869730586854916
2007-06-26,-0.0037957167799898286,1.1605839663788395,-0.010639371815182153
2007-06-27,0.004464167634171138,1.165765007758286,-0.006222700120316227
2007-06-28,-0.0011066103014399302,1.1644749601916424,-0.007322424317700249
2007-07-01,4.1453440768296317e-05,1.1645232316854308,-0.007281274416614747
2007-07-02,0.003556349398818218,1.168664683180345,-0.003750819773690739
2007-07-03,0.0011829650597122896,1.1700471726670674,-0.002572291802715787
2007-07-04,0.00010106640787891853,1.1701654251318576,-0.002471485367129489
2007-07-05,-0.0067910579794421685,1.1622187638842487,-0.00924575934614802
2007-07-08,0.005858493879769954,1.1690276153994184,-0.0034414316909213705
2007-07-09,-0.014476828982555673,1.1521038025353962,-0.017868439655432278
2007-07-10,0.011556867518532573,1.1654185135488953,-0.006518075326760631
2007-07-11,-0.0030378631062736162,1.1618781316432167,-0.009536137412475165
2007-07-12,0.0033108970895657287,1.1657249905677043,-0.006256813492514168
2007-07-15,0.00408798161204335,1.1704904528938445,-0.0021944096189782103
2007-07-16,-0.0013989192365590855,1.1688530312830825,-0.0035902590537084667
2007-07-17,0.00773301574938059,1.177891790182706,0.0
2007-07-18,0.002329433727200479,1.18063561104575,0.0
2007-07-19,0.0007583370560964477,1.1815309307793531,0.0
2007-07-22,0.008799876741160732,1.1919282573360803,0.0
2007-07-23,-0.009334797719984538,1.1808018481571143,-0.009334797719984578
2007-07-24,0.007804177503986683,1.190017035377168,-0.001603470634368498
2007-07-25,-0.024412498399878076,1.1609657464051952,-0.02597682430995074
2007-07-26,-0.010272299677408175,1.1490399583429152,-0.03598228226337974
2007-07-29,0.003123155301957933,1.1526285885809753,-0.03297150521704928
2007-07-30,-0.00978559530891804,1.1413494316716324,-0.0424344547191875
2007-07-31,0.00329709146517427,1.1451125651415783,-0.039277273532497214
2007-08-01,0.0026415296292228705,1.148137413911195,-0.03673949598506565
2007-08-02,-0.015280389338527644,1.1305934272125018,-0.051458491520840255
2007-08-05,0.0038815304201782063,1.1349818599930808,-0.04777669880087654
2007-08-06,0.0002117377345392747,1.1352221784808587,-0.04757507719630527
2007-08-07,0.005312125853770023,1.1412526215649401,-0.04251567614010476
2007-08-08,-0.011525754197332707,1.1280988243717212,-0.05355140510471312
2007-08-09,-0.005057362871406772,1.122393619262066,-0.058337939088231594
2007-08-12,-0.005596548363313777,1.1161120890891911,-0.06360799635402203
2007-08-13,-0.004804183709622304,1.1107500815726763,-0.06810659556375864
2007-08-14,-0.013456586509683491,1.0958031770093555,-0.08064669977835848
2007-08-15,-0.02632904811529633,1.0669517224369816,-0.1048523970548505
2007-08-16,-0.0075723714688676275,1.0588723676553407,-0.11163078722381758
2007-08-19,0.007427757722048568,1.0667374150608564,-0.10503219594358915
2007-08-20,-0.00611532969975229,1.0602139640646977,-0.11050521913605749
2007-08-21,0.014385872112147341,1.0754660665632452,-0.09770906097412624
2007-08-22,0.005853842988902427,1.0817616760567987,-0.0924271914867596
2007-08-23,0.0057639669106219335,1.087996914562769,-0.08719597184950911
2007-08-26,-0.0043700278879515745,1.0832423377041245,-0.09118495090876122
2007-08-27,-0.013115296295087037,1.069035293485752,-0.10310432955502702
2007-08-28,0.008781171455981977,1.0784226756903466,-0.09522853489472172
2007-08-29,-0.00045578351513381806,1.0779311484124203,-0.09564091481348025
2007-08-30,0.0006243889871718637,1.0786041967504185,-0.09507624296024098
2007-09-02,0.002147418066263383,1.0809204108888677,-0.09313299333578295
2007-09-03,-0.0010454667891433569,1.079790344497576,-0.09408109267342046
2007-09-04,-0.007821378598131161,1.071344895406654,-0.10116662742682692
2007-09-05,0.0038965606651956298,1.075519455784954,-0.09766426866269295
2007-09-06,-0.010233299352624325,1.064513343234335,-0.1068981403180368
2007-09-10,0.00782861396924359,1.0728470072636256,-0.09990639062337303
2007-09-11,-0.00018793159935037517,1.0726453854096922,-0.10007554665494822
2007-09-12,-0.0032995408420930755,1.0691061481514503,-0.1030448841435585
2007-09-13,0.003966194847819122,1.0733464314480203,-0.09948738538432367
2007-09-16,-0.00862773342221275,1.0640858845678034,-0.1072567681665676
2007-09-17,0.010455966520129732,1.075211930951387,-0.09792227482344484
2007-09-18,0.005895835045659917,1.081551203135402,-0.09260377335743963
2007-09-19,-0.005130326927716097,1.0760024918742528,-0.09725901265309178
2007-09-20,0.0038550210807612195,1.0801505041633797,-0.09377892711640223
2007-09-23,0.0014154677954059515,1.0816794224162143,-0.0924962003722174
2007-09-24,-0.0014059881533693432,1.0801585939625538,-0.09377213996363176
2007-09-25,0.0031494402751867327,1.0835604889419685,-0.09091802944273686
2007-09-26,0.006478989039291284,1.0905808654732327,-0.08502809731967897
2007-09-27,-0.001894267251968511,1.0885150138541433,-0.08676129863139759
2007-09-30,0.009177412477614093,1.0985047651243585,-0.0783801303784174
2007-10-01,-0.001976288514253698,1.0963338027741902,-0.08020151714125856
2007-10-02,0.0015023123669765225,1.0979808386044325,-0.0788196925053335
2007-10-03,0.001138464164077063,1.099230850442027,-0.07777096173659725
2007-10-04,0.004756221711790013,1.1044590360791686,-0.07338463596156575
2007-10-07,0.0030771300154270515,1.1078576001298974,-0.0705333200121272
2007-10-08,-0.0004824302409599816,1.1073231361209175,-0.07098172284651805
2007-10-09,-0.0014628083056921416,1.1057033346403147,-0.07234069849847802
2007-10-10,0.0009621465505813865,1.1067671832897052,-0.07144815430142348
2007-10-11,0.003516619784163195,1.1106592626629244,-0.0681827905102187
2007-10-14,-0.0057302564459040094,1.1042949002638471,-0.07352234208130182
2007-10-15,-0.009114668299505085,1.094229618543107,-0.08196687862013308
2007-10-16,-0.0015980584452788096,1.09248097566012,-0.0834339492028
2007-10-17,-0.0023809265446182145,1.0898798587056804,-0.08561622564303883
2007-10-18,-0.007361889211011746,1.081856283932576,-0.0923478176862016
2007-10-21,0.00470818583131063,1.0869498643601019,-0.08807442254167341
2007-10-22,0.004587112653691401,1.0919358258368361,-0.08389131718608966
2007-10-23,0.00016755658582325665,1.0921187868757514,-0.08373781714295436
2007-10-24,-0.0006911569206126164,1.0913639614180712,-0.0843710980917316
2007-10-25,0.0028907338659812827,1.094518804181454,-0.08172425861631405
2007-10-29,0.003000083669964007,1.0978024521723473,-0.07896935456006471
2007-10-30,-0.00312663674745681,1.094370022683937,-0.08184908282163117
2007-10-31,0.00707098605821893,1.102108297856868,-0.07535685048692187
2007-11-01,-0.011070837633479744,1.089907035836784,-0.08559342466409048
2007-11-02,0.00012870797993445459,1.0900473155696828,-0.08547573324094015
2007-11-05,-0.0007368701027549811,1.089244092292251,-0.08614961883135897
2007-11-06,0.0013795763698640272,1.0907467877029915,-0.08488889243990738
2007-11-07,-0.009998308501139724,1.0798411648229098,-0.0940384556061129
2007-11-08,0.0029379023168173645,1.083013632682838,-0.09137682908589062
2007-11-09,-0.01623258853097446,1.0654335180100616,-0.10612613514904856
2007-11-12,-0.011250330598590335,1.0534470387016293,-0.11618251164206139
2007-11-13,0.013789998430794995,1.0679740717122503,-0.10399466986449624
2007-11-14,-0.0034268404352033647,1.064314294979558,-0.10706513715996224
2007-11-15,-0.0012416519313062009,1.0629927870796798,-0.10817385145693836
2007-11-16,-0.0014276312399482656,1.0614752253690052,-0.10944705032720115
2007-11-19,-0.006177663289522377,1.0549177888365056,-0.11494858659177065
2007-11-20,0.0033907481988109493,1.0584947494288965,-0.11194760010590166
2007-11-21,-0.015912472609947402,1.0416514807208361,-0.12607870959541456
2007-11-22,0.001103568183345269,1.0428010141530941,-0.12511427786457596
2007-11-23,0.005617807513123923,1.0486592695250967,-0.12019933828163876
2007-11-27,0.005786878205674378,1.0547277329970899,-0.11510803900700284
2007-11-28,0.011018146682676066,1.066348877869538,-0.10535816958246125
2007-11-29,0.0029102280154697843,1.0694521962481787,-0.10275455786376908
2007-11-30,0.004127883035317977,1.073866769826155,-0.0990508336246585
2007-12-03,0.0005276506149892948,1.0744333962876704,-0.09857544724294642
2007-12-04,-0.0069721194322768815,1.066942318326726,-0.10486028688395543
2007-12-05,0.007968490148738318,1.0754442376795843,-0.0977273748982459
2007-12-06,0.0045958479193306066,1.08038681584168,-0.09358066713150304
2007-12-07,-0.0006306841939399064,1.0797054329535878,-0.09415233147782465
2007-12-10,0.006663138867145604,1.086899660188969,-0.08811654266998137
2007-12-11,-0.004942221715290857,1.0815279610860409,-0.09262327289461225
2007-12-12,0.01082469002100918,1.0932351660138513,-0.08280120109141864
2007-12-13,0.0026185765986974367,1.0960978860364483,-0.08039944578024327
2007-12-14,-0.008051221154253139,1.0872729595492594,-0.08780335321584032
2007-12-17,-0.008939406662303945,1.0775533844109217,-0.09595784999743406
2007-12-19,0.0030509364041934263,1.080840931258883,-0.09319967489106584
2007-12-20,-0.0015176951440130564,1.0792005442260608,-0.09457592134107318
2007-12-21,0.0025920295484385476,1.0819978639253858,-0.09222903537532146
2007-12-24,2.232594181114996e-05,1.0820220205467355,-0.09220876853358739
2007-12-25,-5.6025060725284427e-05,1.0819614001973281,-0.09225962759245632
2007-12-26,-0.002010001571292078,1.0797866560828542,-0.0940841871673207
2007-12-27,-0.0017886627635318503,1.0778552818985603,-0.09570456504862912
2007-12-28,-0.010815724826933213,1.066197495766289,-0.10548517563531501
2007-12-31,0.003693622562956161,1.0701356268932187,-0.10218117549714278
2008-01-01,0.001076360163039011,1.0712874782510553,-0.10121479908082143
2008-01-02,-0.007573347998647298,1.0631742453716668,-0.10802161218341644
2008-01-03,-0.006531589839570981,1.0562300272729037,-0.11384764915839618
2008-01-04,-0.004615517723790726,1.0513549788616257,-0.11793770103968437
2008-01-07,0.006275586663099984,1.0579528481451534,-0.11240224264030574
2008-01-08,-0.019770720748315356,1.0370363578195907,-0.12995069003789528
2008-01-09,0.024806373237975025,1.0627614687730138,-0.10836792211953261
2008-01-10,0.0020135395779259544,1.064901381052283,-0.10657258564177197
2008-01-11,-0.0005425494958746304,1.0643236193448369,-0.10705731423503251
2008-01-14,-0.002684657712253618,1.061466274731829,-0.10945455970297191
2008-01-15,-0.009203550787232432,1.0516970159634003,-0.11765073989108388
2008-01-16,0.0028539864031641824,1.0546985449472082,-0.11513252709989108
2008-01-17,-0.002207183304742282,1.0523706319272648,-0.11708559181298561
2008-01-18,0.001806795814690555,1.0542720507805343,-0.11549034575554318
2008-01-21,-0.006795764795661714,1.04710746589279,-0.1215012653252806
2008-01-22,0.006454761051077867,1.0538662943799275,-0.11583076590928099
2008-01-23,-0.004334595850023084,1.049298209913829,-0.11966328220208877
2008-01-24,0.0019195281329955445,1.0513123673476605,-0.11797345110576674
2008-01-25,0.002232623960454838,1.0536595525289234,-0.11600421749894818
2008-01-28,0.0016134293511484495,1.0553595577770916,-0.11457795275716953
2008-01-29,0.0004806734933968176,1.055866841142518,-0.11415235384859068
2008-01-30,-0.007592364475161978,1.0478503152473262,-0.12087803204763636
2008-01-31,0.007363614975565722,1.0555662815208329,-0.11440451635907345
2008-02-01,0.003889346503030326,1.0596717445465826,-0.11096012866167515
2008-02-04,0.0009386536771093894,1.0606664093261302,-0.1101256281173465
2008-02-05,0.0010548095351279787,1.0617852103682772,-0.10918698014481887
2008-02-06,-0.001043848882760994,1.0606768670627023,-0.11011685432034346
2008-02-07,0.005743252905186573,1.0667686025609244,-0.1050060303586422
2008-02-08,-0.01931134738485841,1.0461678634976104,-0.12228956981373995
2008-02-11,0.017437815064621238,1.0644107452278317,-0.10698421765186261
2008-02-12,0.0010656856147339634,1.0655450724471893,-0.10603254357888381
2008-02-13,0.0004704007251328226,1.0660463056219303,-0.1056120206391381
2008-02-14,-0.0014045516311016017,1.0645489885445392,-0.10686823473438711
2008-02-15,0.0020373642316996545,1.066717862576692,-0.10504860002164007
2008-02-18,0.0063009579556451804,1.0734392069793235,-0.09940954887803055
2008-02-19,0.00019616799184762356,1.073649781392927,-0.0992328818577568
2008-02-20,-0.00042305975517479687,1.0731955633792676,-0.09961396017422752
2008-02-21,-0.0016970877824071522,1.071374256300523,-0.10114199432186577
2008-02-22,0.002367170443402214,1.0739103817738598,-0.09901424421800897
2008-02-25,0.0014518154221509851,1.0754695014281273,-0.09770617920262625
2008-02-26,-0.005156302817171301,1.0699240550081317,-0.10235867937271992
2008-02-27,-0.005933992913586825,1.0635751332476373,-0.10768527660826499
2008-02-28,-0.007145004214737989,1.0559758844378924,-0.11406086906777169
2008-02-29,-0.010863960157007954,1.0445038045025978,-0.12368567648775375
2008-03-03,0.0036634382749602215,1.0483302797183542,-0.12047535305410306
2008-03-04,-0.006637351309000961,1.0413721433640002,-0.12631306712080814
2008-03-05,0.007431945925422125,1.0491115648217224,-0.11981987307990205
2008-03-06,-0.004758899662761918,1.0441189481496926,-0.12400856198907184
2008-03-07,-0.0018903604581648689,1.0421451869764897,-0.12566450156517872
2008-03-10,-0.007928938598282247,1.0338820817784578,-0.13259705404656696
2008-03-11,0.012383349731094747,1.0466850051778327,-0.12185570000904367
2008-03-12,0.0011664065199412986,1.0479058653921969,-0.12083142677208503
2008-03-13,0.005693390007222389,1.0538720021747305,-0.11582597720260523
2008-03-14,-0.010565647584930091,1.0427371620001278,-0.1251678483312323
2008-03-17,-0.01788690097020825,1.0240858256454755,-0.14081588439368575
2008-03-18,0.015135066658142935,1.039585432880279,-0.12781207553236673
2008-03-19,-0.01621607796386413,1.0227274344505948,-0.14195554291467483
2008-03-20,-0.005293619287774664,1.0173135047774509,-0.14649770360246983
2008-03-21,0.0013506402059744224,1.018687529299084,-0.1453449290850638
2008-03-24,0.006008699626395178,1.024808516675797,-0.14020956347976044
2008-03-25,0.005944842653912197,1.0309008420578236,-0.1350982446193092
2008-03-26,-0.0014344472084694602,1.029422069222725,-0.13633890052791542
2008-03-27,0.0017293111734580932,1.0312022603092363,-0.13484536173851702
2008-03-28,-0.006028656827680609,1.0249854957619033,-0.14006108215547175
2008-03-30,-0.003562179476936721,1.0213343134647426,-0.14312433892003662
2008-04-01,0.009756032565959926,1.031298484287637,-0.134764632065562
2008-04-02,0.002585625506801969,1.0339650359537373,-0.13252745742884353
2008-04-03,-0.00019172671509831552,1.0337667972338676,-0.13269377508986857
2008-04-06,0.004149658313854577,1.0380565762185958,-0.12909475060301245
2008-04-07,0.009966634989031855,1.0484025072117307,-0.12041475587224093
2008-04-08,-0.01175788370608756,1.0360755124547645,-0.1307568168822858
2008-04-09,0.0014886175723190357,1.037617832668854,-0.12946284620527815
2008-04-10,-0.003775016233000585,1.0337008085068784,-0.13274913809228328
2008-04-13,-0.0011673855808131029,1.0324940810881527,-0.13376155424342207
2008-04-14,-0.00027350817614549483,1.0322116855151533,-0.13399847754082805
2008-04-15,0.009769527891651645,1.0422959063668824,-0.12553805151295028
2008-04-16,0.001181237491568649,1.0435271053687916,-0.12450510427444716
2008-04-17,0.003965940881377206,1.047665672176799,-0.12103294327605207
2008-04-20,0.0006478584228281117,1.0483444112068268,-0.12046349706496484
2008-04-21,0.001753278671382736,1.050182451103259,-0.11892142447366638
2008-04-22,-0.001831709193646599,1.0482588222525668,-0.12053530420078296
2008-04-23,-0.0007622418250540622,1.047459795534764,-0.1212056689755795
2008-04-24,-0.0016866982384269517,1.0456930469428125,-0.12268792982565802
2008-04-27,0.0026080725518870113,1.0484202902762432,-0.12039983629599704
2008-04-28,-0.006555985560687742,1.0415468619916601,-0.1261664822684191
2008-04-29,0.0075349657334784804,1.0493948819065793,-0.11958217665554671
2008-05-01,-0.0008710048513167506,1.0484808538734918,-0.1203490248508653
2008-05-04,0.0036243338384398,1.0522808985111418,-0.11716087605561565
2008-05-05,0.004296294156865992,1.056801806786797,-0.11336793948596069
2008-05-06,-0.004163373560162186,1.0524019460860892,-0.11705931996429697
2008-05-07,-0.0003666068340491468,1.0520161283404874,-0.11738301205165802
2008-05-08,-0.011456923938744652,1.0399632595757577,-0.12749508774962615
2008-05-11,0.005073242263827207,1.045239245137065,-0.1230686589534008
2008-05-12,-0.0010844987084610664,1.0441056845256809,-0.12401968986017498
2008-05-13,-0.0007673944710238689,1.043304443596211,-0.12469191230690213
2008-05-14,0.00281024109259146,1.0462363806156885,-0.12223208555018938
2008-05-15,0.005627453867759077,1.0521240275823744,-0.11729248710502393
2008-05-18,0.0011388685150925996,1.0533222585113604,-0.1162871993105522
2008-05-19,0.00031929658973527656,1.0536585807163952,-0.11600503282698682
2008-05-20,0.0024939196145786174,1.0562863205179127,-0.11380042043916538
2008-05-21,0.004354289164572968,1.0608856965980304,-0.10994165121223454
2008-05-22,-0.0012252165810972436,1.0595858818519097,-0.11103216545931327
2008-05-25,-0.0005714608947981099,1.0589803699557512,-0.11154017581348663
2008-05-26,0.0015247542998952535,1.0605950548283458,-0.1101854928762741
2008-05-27,0.0026631716182885087,1.0634196014768618,-0.10781576413536087
2008-05-28,-0.0006686170432601346,1.0627085810071775,-0.10841229372118799
2008-05-29,-0.0004375005580459193,1.0622436454099466,-0.10880236384023179
2008-06-01,-0.006352441636104656,1.055495804649157,-0.11446364481017113
2008-06-02,-0.002505125328511119,1.052851655374793,-0.11668202436287467
2008-06-03,-0.004361312471081508,1.048259840320008,-0.12053445006595143
2008-06-04,0.0027022467625157417,1.0510924970797881,-0.11815791713089796
2008-06-05,-0.0005871903903004306,1.050475305666186,-0.11867572632772128
2008-06-08,-0.002813542099369611,1.047519749169346,-0.12115536927489456
2008-06-09,-0.0019215877401881217,1.0455068480617373,-0.12284414634282603
2008-06-10,0.0010314505756556897,1.0465852367020225,-0.12193940343263154
2008-06-11,-0.004578950759447284,1.0417929744375996,-0.12595999966812443
2008-06-12,9.12512717071063e-05,1.0418880393713725,-0.12588024240657125
2008-06-15,0.00762264722956531,1.049829984348204,-0.11921713585804339
2008-06-16,0.002696484526468517,1.0526608346564217,-0.11684211849370585
2008-06-17,0.00030377240969478553,1.0529806039747567,-0.11657383949589972
2008-06-18,0.006754076178258972,1.0600925151882312,-0.11060711190998829
2008-06-19,0.0005457426407728801,1.0606710528769336,-0.1101217322865573
2008-06-22,-0.0015322764802520202,1.0590458115693262,-0.11148527182646206
2008-06-23,0.0039842202689726325,1.0632652833575513,-0.10794523343719231
2008-06-24,0.0014486233351120206,1.0648055542584376,-0.10665298208615148
2008-06-25,-0.005023236685541395,1.0594567839353184,-0.11114047559945528
2008-06-26,0.002630283143164781,1.062243455255015,-0.10880252337578311
2008-06-29,-0.00272992425574143,1.0593436110810117,-0.11123542498387518
2008-07-01,0.0028916991468532177,1.062406914097399,-0.1086653852205477
2008-07-02,-0.0027585461298852082,1.0594762156161524,-0.11112417287258025
2008-07-03,0.004261184390647858,1.0639908391283985,-0.10733650907280079
2008-07-06,-0.006444350559561193,1.0571341091688935,-0.11308914554005722
2008-07-07,-0.0012177254786850523,1.0558468100297715,-0.1141691594848554
2008-07-08,0.007642213968434576,1.0639158172699084,-0.10739945066180034
2008-07-09,0.005135392082240641,1.0693794421340868,-0.10281559686812536
2008-07-10,0.0019765545004475026,1.0714931288831229,-0.1010422629983837
2008-07-13,0.003696316573896108,1.0754537066942293,-0.09771943061587252
2008-07-14,0.003949728326016798,1.0797014566628793,-0.09415566749296145
2008-07-15,-0.00023159619632994062,1.0794514019123442,-0.09436545759483717
2008-07-16,-0.00021537678121006816,1.0792189131439276,-0.09456051024753309
2008-07-17,0.003542489286964615,1.0830420345820295,-0.09135300055509032
2008-07-20,0.001230298427946608,1.0843744994945759,-0.09023509358011483
2008-07-21,-0.00216433952932882,1.0820275449007235,-0.09220413372947567
2008-07-22,-0.008883277711964503,1.0724155937273752,-0.10026833651533018
2008-07-23,-0.006670345358948476,1.0652622113488917,-0.10626985744115425
2008-07-24,-0.0007658362766287385,1.064446394903319,-0.10695430840584241
2008-07-27,-0.0001791108106824783,1.0642557410465998,-0.1071142625436402
2008-07-28,-0.004972900689409498,1.0589633029382413,-0.11155449464300082
2008-07-29,-0.005419383735543017,1.0532243744377607,-0.11636932176464887
2008-07-30,-0.003104868168960886,1.049954251602795,-0.11911287853061925
2008-07-31,-0.006781983401623426,1.042833479295961,-0.12508704036712837
2008-08-03,-0.008882547755832491,1.0335704611147336,-0.1328584965132642
2008-08-04,-0.011708567273144349,1.0214688318392369,-0.1430114811421742
2008-08-05,-0.010756448056219293,1.010481455408511,-0.15222963363004482
2008-08-06,-0.011404875136018445,0.9989570405823148,-0.16189834880251075
2008-08-07,-0.036438940633856165,0.9625561042847632,-0.19243788511563287
2008-08-10,-0.009155100900979173,0.9537438060271828,-0.1998311977612074
2008-08-11,-0.011784355361709112,0.9425045500929295,-0.20926067127614245
2008-08-12,0.0004498634572511682,0.9429285484483093,-0.20890494654793823
2008-08-13,-0.0057477666116785425,0.9375088152203396,-0.21345197628283408
2008-08-14,0.00622636794847244,0.9433460900588378,-0.20855463887802717
2008-08-17,0.000416058906027407,0.9437385776010729,-0.20822535098689832
2008-08-18,0.009095906617456465,0.9523227355742235,-0.2010234427174057
2008-08-19,-0.004259978435729606,0.9482658612568223,-0.20442706562208302
2008-08-20,0.016722455012645552,0.964123194461717,-0.19112313301767003
2008-08-21,-0.015332932581981975,0.9493403585203104,-0.20352558748623495
2008-08-24,-0.010529532262372913,0.939344248587298,-0.2119120905089532
2008-08-25,-0.013934149888531746,0.9262552850305524,-0.22289342556514102
2008-08-26,0.006014566260932065,0.9318263088169072,-0.21821946658139668
2008-08-27,-0.00036750849101126003,0.9314838547362693,-0.21850677756553538
2008-08-28,-0.012388309833999009,0.9199443441384286,-0.22818815773822376
2008-08-31,-0.015969750768161844,0.9052530622419578,-0.24051380049906024
2008-09-01,-0.008949541321431399,0.897151462555071,-0.24731085362455074
2008-09-02,-0.0022869715418246538,0.8950997026915012,-0.24903223228215177
2008-09-03,-0.02651037789130673,0.8713702713227532,-0.26894067158854296
2008-09-04,0.003476774871775207,0.8743998295861002,-0.26639894288574506
2008-09-07,0.012733362578887424,0.8855338796551374,-0.2570577346372541
2008-09-08,-0.020920771418914897,0.8670078277751674,-0.272600659948359
2008-09-09,-0.012765499407560969,0.8559400398633528,-0.2818862757928484
2008-09-10,-0.0011230505263739583,0.8549787759510397,-0.28269275378881564
2008-09-11,0.02856846711192459,0.8794042089931905,-0.2622003853162862
2008-09-14,-0.015013966858403902,0.8662008633442257,-0.2732776842792908
2008-09-15,-0.002402014566230079,0.8641202362531918,-0.27502328186725644
2008-09-16,0.006651937419469409,0.8698683099876451,-0.27020078210766507
2008-09-17,0.008781584404570376,0.8775071319726626,-0.2637919886773541
2008-09-18,0.020422665509944277,0.8954281666115308,-0.24875665871637043
2008-09-21,0.01330459698039199,0.9073414774931885,-0.23876166882638872
2008-09-22,-0.0052762873328444735,0.9025540831489268,-0.2427781809904357
2008-09-23,-0.003364669038569407,0.8995172873697213,-0.2453259818001864
2008-09-24,0.002522889589989919,0.9017866701700424,-0.243422022575834
2008-09-25,-0.003038249872964547,0.8990468169339572,-0.24572069551963083
2008-09-28,-0.020567117141156735,0.8805560157346923,-0.26123404633202885
2008-09-29,-0.008027445481702505,0.8734874003247969,-0.26716444974883646
2008-09-30,-0.0016122499497784116,0.8720791203074911,-0.26834596382792475
2008-10-01,-0.0135361660379589,0.8602745125367718,-0.27824975434389276
2008-10-02,0.003422374813430999,0.8632186943611143,-0.2757796544815716
2008-10-05,-0.03166309497043593,0.8358865188613026,-0.29871071206124356
2008-10-06,-0.0022134602792219273,0.834036317253866,-0.30026298804433993
2008-10-07,0.008868246036446448,0.8414327565186049,-0.2940575480615092
2008-10-08,-0.02298428817225005,0.8220930235652106,-0.3102831328098883
2008-10-09,-0.011797994493190918,0.8123939746002976,-0.3184204086108581
2008-10-12,0.020925998538717225,0.8293941297256461,-0.3041576750774294
2008-10-13,0.00033272511349098513,0.8296700899815879,-0.3039261508608977
2008-10-14,-0.014034804473347776,0.8180258324913114,-0.3136954112325756
2008-10-15,0.007618900972781151,0.8242582903022396,-0.30846652453359125
2008-10-16,0.0005700747272246831,0.8247281791222463,-0.30807229877619813
2008-10-19,-0.0010247709953327933,0.8238830216052482,-0.3087813662152795
2008-10-20,-0.009323559468341427,0.8162014992583548,-0.3152259842529971
2008-10-21,-0.016996410123302746,0.8023290038337052,-0.32686468426641413
2008-10-22,0.0028736782306859996,0.8046346392258701,-0.32493030996328465
2008-10-23,-0.020478809728904514,0.7881566795478778,-0.338754933699297
2008-10-27,-0.007795203767401342,0.7820128376301636,-0.3439094737312999
2008-10-28,0.021425053558319453,0.7987675045596832,-0.32985269906688697
2008-10-29,0.008235937912713298,0.8053461041339296,-0.3243334075040295
2008-10-30,0.001661201420569214,0.8066839462261668,-0.3232109892007441
2008-10-31,-0.004469618191342901,0.80307837698545,-0.32623597767511336
2008-11-03,0.0007879634056301786,0.8037111733583675,-0.32570507628149115
2008-11-04,0.010014568505710976,0.8117599939627702,-0.31895230357485893
2008-11-05,-0.005232160223389632,0.8075127356114191,-0.32251565424232576
2008-11-06,-0.008470555902913643,0.8006726538421078,-0.3282543232664151
2008-11-07,0.003175879689092311,0.8032154938610567,-0.3261209398154412
2008-11-10,-0.0015305839883807519,0.8019861050869336,-0.3271523683150649
2008-11-11,-0.006771991403055571,0.7965550620779148,-0.3317088866924015
2008-11-12,-0.00912301938619945,0.7892880748044028,-0.3378057194747315
2008-11-13,0.009580719357236105,0.796850022341117,-0.33146142191305195
2008-11-14,-0.007480617822712276,0.7908890918619634,-0.3364625035154599
2008-11-17,0.0010752854185696915,0.7917395233701484,-0.3357490113208158
2008-11-18,4.609587895379238e-05,0.7917760192993807,-0.33571839208764664
2008-11-19,-0.00507622424106016,0.7877567866767231,-0.33909043448862175
2008-11-20,-0.01050714536090802,0.779479711610069,-0.3460347073638643
2008-11-21,0.008249599280121372,0.7859101068778367,-0.34063975575650884
2008-11-24,0.009073184185432601,0.7930408140307323,-0.3346572588159358
2008-11-25,0.0014157918782349858,0.7941635947743458,-0.3337152719667249
2008-11-26,-0.0006449821109179354,0.7936513734625741,-0.33414501369708416
2008-11-27,0.0001592181301449971,0.7937777371502439,-0.33403899751121724
2008-11-28,-0.0012006720309837265,0.7928246704224301,-0.33483859826063134
2008-12-01,-0.00908745745491279,0.785619909960761,-0.34088322419958805
2008-12-02,0.0019049299469168588,0.7871164608541394,-0.33962765291485053
2008-12-03,-0.0002862041894569995,0.7868911848254524,-0.3398166542471879
2008-12-04,-0.0012823734012292786,0.7858820965003704,-0.3406632558097158
2008-12-05,-0.00018037309070877708,0.785740344517692,-0.34078218241608316
2008-12-08,0.004762437586895995,0.7894823838679637,-0.33764269870367003
2008-12-09,-0.0009936779022651455,0.7886978926688865,-0.3383008685173722
2008-12-10,0.001629558224165395,0.789983121806267,-0.3372225912557416
2008-12-11,0.005242283937748297,0.7941244376368043,-0.33374812389157904
2008-12-12,-0.0012472735948308037,0.7931339471947301,-0.33457912226415554
2008-12-15,0.00522634060124543,0.7972791353451799,-0.33110140611392835
2008-12-16,0.01113180356780706,0.8061542900685534,-0.32365535836000625
2008-12-17,0.004640351019813542,0.8098951289506002,-0.32051688181242666
2008-12-18,-0.003256025473576014,0.807258089779812,-0.3227292961541103
2008-12-19,-0.005092222216514883,0.8031473522005739,-0.32617810907882894
2008-12-22,-0.00018199405999664295,0.8030011841531713,-0.3263007406604722
2008-12-23,-0.0005177636517563186,0.8025854193276996,-0.32664955764917336
2008-12-24,0.002314977194785422,0.8044433862703105,-0.32509076673103254
2008-12-25,-0.000610716807918189,0.8039520991732966,-0.3255029451436091
2008-12-26,3.878668745713113e-05,0.8039832818120978,-0.3254767836371516
2008-12-29,0.0012552082552762355,0.8049924482645323,-0.32463011652759755
2008-12-30,0.0006327443525819278,0.8055018026900428,-0.32420278004792646
2008-12-31,0.0024239531311453,0.8074543013068166,-0.3225646792606043
2009-01-01,-0.0007546399832521662,0.8068449640064015,-0.32307589903970146
2009-01-02,-0.0016866310825039352,0.8054841142113466,-0.3242176202688771
2009-01-05,-0.001195020579903941,0.8045215441180783,-0.32502519412019226
2009-01-06,0.0013288663887713141,0.8055906457570993,-0.32412824278739116
2009-01-07,3.401490283760939e-05,0.8056180478446416,-0.32410525307523885
2009-01-08,0.0044008270501345835,0.809163433541673,-0.32113075718992845
2009-01-09,-0.003313560459701466,0.806482221582853,-0.32338023147021133
2009-01-12,-0.007671839678498543,0.80029501927531,-0.32857114985767477
2009-01-13,-0.006115999854068878,0.7954004150542102,-0.3326776086071628
2009-01-14,-0.0017807479810362527,0.7939840073709871,-0.3338659416083358
2009-01-15,-0.00150953264186467,0.792785462594742,-0.3348714927133358
2009-01-16,0.002061882828846486,0.7944200933270253,-0.333500075665185
2009-01-19,-0.005496884432705389,0.7900532578829876,-0.3371637487236605
2009-01-20,-0.009642889651188731,0.7824348614986598,-0.34355540555152586
2009-01-21,0.004094768161325598,0.7856387508578359,-0.3408674171265038
2009-01-22,-0.00021873907580890524,0.7854669009635535,-0.3410115951785171
2009-01-23,0.0015166082892655094,0.7866581465764986,-0.340012167901235
2009-01-26,0.004430081240422773,0.7901431060742728,-0.337088368187347
2009-01-27,0.001313868369181801,0.7911812501084708,-0.3362173895627456
2009-01-28,-0.002178700129805835,0.7894575034161596,-0.3376635728222681
2009-01-29,-0.004960106965297975,0.7855417097546583,-0.34094883234808304
2009-01-30,-0.0018479964583473201,0.7840900314571476,-0.3421667565717734
2009-02-02,-0.005201934125000901,0.7800112467654376,-0.34558876176932274
2009-02-03,0.008818408205357623,0.7868897043441853,-0.339817896336431
2009-02-04,-0.0028750279000480344,0.7846273744899352,-0.34171593830357616
2009-02-05,0.0003166866086823279,0.7848758554722418,-0.3415074685565279
2009-02-06,0.015680317629635225,0.7971829581858781,-0.3311820965067518
2009-02-09,-0.005756638638512367,0.7925938639668217,-0.3350322394921298
2009-02-10,-0.005876967498598077,0.7879358155887004,-0.3389402334082502
2009-02-11,-0.0022210184383763707,0.7861857956140208,-0.3404084593387192
2009-02-12,-0.0007284760758590893,0.7856130780707357,-0.34088895599593005
2009-02-13,-0.00023687971092655017,0.7854269822719021,-0.34104508602950223
2009-02-16,-0.0022996017571541424,0.7836208130033534,-0.34256041990755415
2009-02-17,-0.010301319062135429,0.7755484849848759,-0.3493329147861627
2009-02-18,-0.0007213068515712762,0.7749890765489307,-0.34980224541281935
2009-02-19,0.001105054438456867,0.7758454816677266,-0.3490837414982382
2009-02-20,0.007054404438039788,0.7813186094768366,-0.34449191495547093
2009-02-23,-0.0016643927146287605,0.7800181884754195,-0.3455829378365993
2009-02-24,0.0005892414537926313,0.7804778075267815,-0.3451973281755034
2009-02-25,-0.008519889642526349,0.7738282227382124,-0.35077617467707956
2009-02-26,-0.0003659091377823775,0.7735450719204386,-0.35101373160723115
2009-02-27,-0.0038582188921991835,0.7705605657099877,-0.353517662688722
2009-03-02,-0.007722865938010276,0.764609629763892,-0.35851035911106854
2009-03-03,-0.0006445624190919535,0.7641167911312704,-0.3589238392258224
2009-03-04,0.007321123846011233,0.7697109847919591,-0.35423044125806924
2009-03-05,-0.0034370245506738285,0.7670654692403058,-0.356449967085543
2009-03-06,0.002599429007103667,0.7690594014713966,-0.3547771044624627
2009-03-09,-0.006608900404890075,0.7639767644816278,-0.3590413183180251
2009-03-10,0.006755851874892298,0.769138078338325,-0.35471109640665555
2009-03-11,0.00412198974866419,0.7723084576125429,-0.35205122216111706
2009-03-12,0.002452450370336246,0.7742025057754286,-0.3504621599409471
2009-03-13,0.0033028725509546414,0.7767595979806347,-0.34831681923820956
2009-03-16,0.0016988126356871395,0.7780791670005754,-0.34720973161626667
2009-03-17,0.0010717551384811382,0.7789130773459534,-0.346510100291776
2009-03-18,0.021139152009553113,0.7953786392901984,-0.3326958779651361
2009-03-19,0.01163444585187185,0.8046324290007556,-0.3249321642905907
2009-03-20,-0.0021205413753485297,0.8029261726431123,-0.3263636735673795
2009-03-23,0.005888669397083392,0.807654339424073,-0.32239685194715206
2009-03-24,-0.004569563221476582,0.8039637118589749,-0.3254932023712511
2009-03-25,0.0021451365508958643,0.8056883238028774,-0.32404629318583
2009-03-26,-0.0004809022801842824,0.8053008664508428,-0.32437136086473595
2009-03-27,-0.006088056960002583,0.8003981489059506,-0.32848462650360044
2009-03-29,-0.007900527782991636,0.7940745810930641,-0.33378995236861475
2009-03-30,0.00210279470204641,0.7957443569152163,-0.33238904941000535
2009-03-31,0.0032053931507004274,0.7982950304265808,-0.3302490938416517
2009-04-01,0.010895058149338579,0.8069925012034064,-0.3229521187734843
2009-04-02,0.0022630583056995157,0.8088187722858919,-0.3214199199425184
2009-04-05,-0.0016593139801597833,0.8074766879896222,-0.3225458973560157
2009-04-06,-0.0017937303140474134,0.8060282925764887,-0.32376106731630405
2009-04-07,-0.0013605354442894262,0.8049316625153383,-0.3246811143530286
2009-04-08,0.004420303439588797,0.8084897047117888,-0.321695999959984
2009-04-09,-0.0007775589001101802,0.8078610563462427,-0.3222234212721955
2009-04-12,0.004744388395114802,0.811693862966837,-0.3190077859375987
2009-04-13,-0.003116131726570529,0.8091645179681834,-0.32112984738138606
2009-04-14,0.0023773360749379494,0.811088173967309,-0.3195159448773671
2009-04-15,-0.0033106579969954175,0.8084029384178958,-0.32176879485628673
2009-04-16,-0.0012401851411499533,0.807400369105608,-0.32260992711917014
2009-04-19,-0.012827868237319833,0.7970431435559578,-0.3312993977193539
2009-04-20,0.004460290666857387,0.8005981876502432,-0.3283167986640796
2009-04-21,-0.002960149520769129,0.7982282973087416,-0.33030508137062287
2009-04-22,0.0046299885250766,0.8019240851656725,-0.32720440158206676
2009-04-23,0.003624332273937142,0.8048305245087859,-0.3247659667809578
2009-04-26,-0.006369998645573235,0.7997037551577489,-0.32906720665800804
2009-04-27,-0.0012748504773359764,0.7986842524437587,-0.32992254564986045
2009-04-28,0.00824653238686358,0.8052706279984142,-0.3243967302208549
2009-04-29,0.0030021412151980923,0.8076881641401168,-0.32236847379952827
2009-04-30,0.004324909102500657,0.8111813420331884,-0.3194377790437224
2009-05-03,0.004983556487402313,0.8152239100727376,-0.31604615877239484
2009-05-04,0.000534399095640625,0.815659564993025,-0.31568065445818294
2009-05-05,0.003726757338718497,0.8186993302627588,-0.3131303623151579
2009-05-06,0.002400171364112631,0.8206643489510737,-0.31148175747990825
2009-05-07,0.0065968143150584016,0.8260781192760921,-0.30693973048147294
2009-05-10,-0.005252304943980723,0.8217393050861039,-0.31057989436154176
2009-05-11,0.0022393276856799726,0.8235794486623947,-0.30903605683192104
2009-05-12,-0.009026799641525435,0.8161451619904413,-0.3152732499064177
2009-05-13,0.0036820352255244005,0.8191502372260314,-0.3127520618927143
2009-05-14,-0.005141706329598169,0.8149384072663944,-0.3162856889660839
2009-05-17,0.009398395946018198,0.8225975210895015,-0.30985987115702807
2009-05-18,0.0040137703284712405,0.8258992386119245,-0.3070898071853908
2009-05-19,0.0035177303144397357,0.8288045294002624,-0.30465233599494257
2009-05-20,0.002616418826651971,0.8309730291745997,-0.3028330152757712
2009-05-21,0.005946722448249079,0.8359145951410818,-0.29868715671753354
2009-05-24,-0.0015179723219126409,0.8346456999221749,-0.29975173020263823
2009-05-25,0.0032027668558846623,0.8373188755062922,-0.2975089982532406
2009-05-26,-0.003414513944639951,0.8344598385297658,-0.299907663574689
2009-05-27,0.005140071192796185,0.8387490215073381,-0.29630913912393186
2009-05-28,0.009516724736639486,0.8467311650681492,-0.28961230690128537
2009-05-31,0.00717522239990831,0.8528066494904467,-0.28451511721314426
2009-06-01,0.0036986947233982794,0.8559609209449961,-0.28186875705250913
2009-06-02,-0.010404132155875394,0.8470553904032195,-0.28934028940939793
2009-06-03,-0.0013598769403041777,0.8459034993106499,-0.2903066991622333
2009-06-04,-0.0006795364343171124,0.845328677062952,-0.29078896161734324
2009-06-07,-0.0017762748605718952,0.8438271409849646,-0.29204871535566246
2009-06-08,0.004779579042063025,0.8478602795031404,-0.2886650062327747
2009-06-09,0.002243993231946018,0.8497628722319812,-0.28706877532111474
2009-06-10,0.008394276552444513,0.856896016785496,-0.28108423345828726
2009-06-11,-0.0021176426715303967,0.8550814172152866,-0.28260664016275194
2009-06-14,-0.01056674798806602,0.8460459873702944,-0.2901871550044641
2009-06-15,-0.001797349160203057,0.8445253473254012,-0.2914629365253182
2009-06-16,-0.0006472782301341815,0.8439787044532809,-0.2919215571417486
2009-06-17,0.005807123066289534,0.8488797926553687,-0.28780965848348405
2009-06-18,0.0036985485607541725,0.8520194157907475,-0.28517558792088515
2009-06-21,-0.011428210655113796,0.8422823584248438,-0.29334475188354325
2009-06-22,0.003208850153040275,0.8449851162995785,-0.29107720108247803
2009-06-23,0.005605694845112782,0.8497218450102162,-0.28710319620300306
2009-06-24,0.0018218176631796296,0.8512698832762454,-0.28580442821382135
2009-06-25,0.0007173189593485448,0.8518805153030419,-0.2852921221894963
2009-06-28,0.005407670370926332,0.8564872043252155,-0.28142721757479283
2009-06-29,-0.0033162049717476577,0.853646917199994,-0.283810152208434
2009-06-30,-0.00044831970266084387,0.8532642104678976,-0.28413123422804454
2009-07-01,-0.010913252981780752,0.8439523222787619,-0.2919436911706691
2009-07-02,0.001678789703193352,0.8453691407473897,-0.29075501353012523
2009-07-05,-0.00035649906902715636,0.845067767435729,-0.2910078587075139
2009-07-06,-0.006327883028384134,0.8397202774523379,-0.2954942780456564
2009-07-07,-0.006674617911470162,0.8341154654478298,-0.3001965845561462
2009-07-08,0.0070097478864680545,0.8399624045688231,-0.29529113904379534
2009-07-09,-0.004321850481453462,0.8363322126462345,-0.2983367853738035
2009-07-12,0.005169922613721115,0.8406559854649777,-0.2947092408532913
2009-07-13,0.007871444842919392,0.8472731626864353,-0.2891575835444472
2009-07-14,0.008311701672665334,0.8543154444499405,-0.2832492734425922
2009-07-15,-0.0008839628478059732,0.8535602613367398,-0.283882854456007
2009-07-16,-1.7893592991376874e-05,0.8535449880768298,-0.28389566836474356
2009-07-19,0.007705831643264397,0.8601222620549018,-0.27837748894615
2009-07-20,-0.0020137718980088076,0.8583901720147239,-0.27983067207988077
2009-07-21,0.0017338292855940045,0.8598784740334291,-0.27858202140854627
2009-07-22,0.004418876218691349,0.8636781705733001,-0.27539416465921207
2009-07-23,0.0005491824870782561,0.8641524874990507,-0.27499622382440825
2009-07-26,0.0029910679693700305,0.8667372263250607,-0.272827688251817
2009-07-27,-0.0023262126580586573,0.8647210112179726,-0.27451924568799546
2009-07-28,-0.0035146664986193633,0.8616818052491926,-0.2770690685905689
2009-07-29,0.006922381187189534,0.8676466951671931,-0.272064665111343
2009-07-30,0.005533579183856846,0.8724478868585125,-0.2680365772950092
2009-08-02,0.008132513172070846,0.8795430807903347,-0.2620838751183867
2009-08-03,0.0015638765054117707,0.8809185775498802,-0.2609298654277199
2009-08-04,-0.001586673346425796,0.8795208475225105,-0.26210252831138503
2009-08-05,-0.001851692326046502,0.877892245518555,-0.26346888739712004
2009-08-06,0.002519139076120954,0.8801037781788644,-0.2616134630905833
2009-08-09,-0.00403022731656898,0.8765567598906324,-0.2645893286818224
2009-08-10,-0.00790450306708112,0.8696280142936063,-0.27040238458882104
2009-08-11,0.004354613906319636,0.8734149085379742,-0.267225268666734
2009-08-12,0.0031646547239380153,0.8761789651542369,-0.26490628965163765
2009-08-13,-0.006290245896547255,0.8706675840140344,-0.26953020984673415
2009-08-16,-0.008728242378756879,0.8630681863094333,-0.2759059272255515
2009-08-17,0.00801617580562744,0.8699866926231337,-0.2701014618383788
2009-08-18,-0.0011633815937958176,0.8689745661180887,-0.27095061236301443
2009-08-19,0.001351018069389884,0.8701485664587544,-0.2699656534668393
2009-08-20,0.00291321699025059,0.8726834980466043,-0.26783890500505236
2009-08-23,0.0015068004330903403,0.8739984579194117,-0.26673568435002215
2009-08-24,-0.0051613404668753166,0.8694874543105656,-0.27052031113530195
2009-08-25,-0.003928843064380684,0.8660713745561316,-0.2733863223515045
2009-08-26,0.006939365876672784,0.8720813606994895,-0.26834408419130684
2009-08-27,-0.0010141307435254444,0.8711969561807487,-0.26908607894921077
2009-08-30,-0.0021256733586260453,0.8693450760208792,-0.27063976319863725
2009-08-31,-0.011103193409662995,0.8596925695020812,-0.27873799097316043
2009-09-01,0.002265916173467928,0.8616405607995261,-0.27710367172159855
2009-09-02,0.0043941738746530274,0.8654267592411329,-0.27392713956179493
2009-09-03,0.010148473037836447,0.8742095193735138,-0.26655860871413295
2009-09-06,0.002887401958229389,0.8767337136516556,-0.26444086860468763
2009-09-07,0.004273458869638305,0.8804803991165712,-0.26129748691048293
2009-09-08,-0.0009181135102252738,0.8796720181666536,-0.2619756996677878
2009-09-09,0.0022636965952665027,0.8816633287191287,-0.26030503657190185
2009-09-10,-0.0016273073963387632,0.8802285914632234,-0.2615087476569229
2009-09-13,-0.0022456320082419514,0.8782519219636639,-0.26316712725099123
2009-09-14,0.0029623893051676196,0.8808536460645319,-0.2609843414290637
2009-09-15,0.006271054832126456,0.8863775275780811,-0.25634993371236525
2009-09-16,-0.0018851830353139357,0.8847065437002074,-0.2577518502015408
2009-09-17,-0.004639128310457245,0.8806022765268811,-0.2611952346066553
2009-09-20,0.0008699391449266547,0.8813683469183434,-0.26055251942078117
2009-09-21,0.008467681635920266,0.8888314934840252,-0.254291113568753
2009-09-22,-0.005311856961364313,0.8841101477278823,-0.258252212508294
2009-09-23,-0.013406357962989897,0.8722574506087304,-0.2681963488656637
2009-09-24,-0.000402032001078664,0.8719067752004064,-0.26849055735192584
2009-09-27,0.00262253609505041,0.8741933821898885,-0.266572147434711
2009-09-28,0.002628609757236907,0.8764912954440248,-0.26464425182522855
2009-09-29,0.007955113958188185,0.883463883582642,-0.25879441304868955
2009-09-30,-0.012878107242819853,0.8720865409447066,-0.26833973808642575
2009-10-01,-0.00018300208856472904,0.8719269472863046,-0.26847363344247577
2009-10-04,0.011402844948179084,0.8818693950723495,-0.2601321517091154
2009-10-05,0.004782487660057352,0.8860869245720652,-0.25659374285459113
2009-10-06,0.002475519054902931,0.8882804496381436,-0.25475342649949373
2009-10-07,0.0071540359274728915,0.8946352398885266,-0.24942190573784506
2009-10-08,0.00011639815326040654,0.8947393737782913,-0.24933453983379528
2009-10-11,0.0032851152904287504,0.897678695776039,-0.2468685172526065
2009-10-12,0.0016221814315086616,0.8991348934877879,-0.24564680134580907
2009-10-13,0.005805370761745095,0.9043547049093067,-0.241267501342313
2009-10-14,0.010557828056577874,0.9139027263858964,-0.23325693408054748
2009-10-15,-0.0049641047137681865,0.9093660175539187,-0.2370631269483272
2009-10-18,0.009383891272870303,0.9178994093898877,-0.22990381028354667
2009-10-19,-0.007695119563603764,0.9108360636872712,-0.23582979253889047
2009-10-20,0.007189731815474079,0.9173847307130448,-0.23033561368586986
2009-10-21,0.0019923232179288896,0.9192124576118178,-0.22880219345900332
2009-10-22,-0.00620500755869707,0.9135087373642881,-0.2335874816778407
2009-10-26,-0.0072617206364422515,0.9068750921145995,-0.23915295527816838
2009-10-27,0.000583326306693662,0.9074040962127152,-0.23870913318161202
2009-10-28,-0.018546822451524062,0.8905746335484723,-0.2528286597224595
2009-10-29,0.013776096640103779,0.902843275765461,-0.24253555513208036
2009-10-30,-0.013485310305964306,0.8906681540341104,-0.2527501982168593
2009-11-02,0.002205464895657768,0.8926324913815129,-0.25110216501073934
2009-11-03,0.003051273469833957,0.8953561572207772,-0.24881707291522037
2009-11-04,0.00411185865752116,0.8990377351874103,-0.24572831489310487
2009-11-05,1.2825815560883525e-05,0.8990492660795841,-0.24571864074358885
2009-11-06,-0.00020760570492226274,0.8988626183229398,-0.24587523385688703
2009-11-09,0.01380978045711076,0.9112757137430832,-0.23546093639918064
2009-11-10,-0.0011287487993873085,0.910247112375285,-0.23632390894930477
2009-11-11,-0.0006101423916297974,0.9096917320251662,-0.23678986010592895
2009-11-12,-0.00402016713757867,0.9060346192187516,-0.23985809242939793
2009-11-13,0.005177538331336121,0.9107256481892743,-0.23592242856569612
2009-11-16,0.0032681334643998123,0.9137020211570088,-0.23342532108509428
2009-11-17,-0.002128855363181981,0.9117568817089186,-0.23505724770158176
2009-11-18,-0.002321816419063359,0.9096399496107728,-0.2368333043435118
2009-11-19,-0.009188433169083746,0.9012817837258454,-0.2438456105234219
2009-11-20,-0.00592711306356245,0.8959397846915731,-0.24832742308335864
2009-11-23,0.007635531331457226,0.9027807609886848,-0.24258800357131438
2009-11-24,-0.003485601292306433,0.8996340272015132,-0.24522803980487462
2009-11-25,0.004113796590208467,0.9033349385950503,-0.24212306148863894
2009-11-26,-0.02318710301784288,0.8823892183142301,-0.2596960321367492
2009-11-27,0.005108196833965469,0.8868966361255481,-0.255914413751938
2009-11-30,0.004334939669486402,0.890741279536223,-0.25268884762661825
2009-12-01,0.009354118426233144,0.8990733789521392,-0.24569841060607278
2009-12-02,0.001037984404507162,0.9000066030979992,-0.24491545731998687
2009-12-03,-0.0017298489488055309,0.898449727621712,-0.24622163952240128
2009-12-04,-0.00507694074139569,0.8938883515954535,-0.2500485275906924
2009-12-07,-0.002260416005236288,0.8918677920586129,-0.25174372990207694
2009-12-08,-0.01504687780910477,0.8784479663696309,-0.2630026505681369
2009-12-09,0.00755315968160785,0.8850830241316043,-0.2574359919029563
2009-12-10,0.0034884236837456157,0.8881705687150662,-0.2548456140304135
2009-12-11,-0.004106129848976068,0.8845236250318832,-0.2579053146967387
2009-12-14,0.0019799405289353624,0.8862749292058847,-0.2564360113529992
2009-12-15,-0.004876029660150413,0.8819534263640291,-0.2600616514158617
2009-12-16,-0.0007505155579583427,0.8812915065961482,-0.26061698665840416
2009-12-17,-0.011803037629745132,0.870889589781019,-0.2693439521876694
2009-12-18,0.004283060686612828,0.8746196627453906,-0.2662145079938484
2009-12-21,-0.003831191017786812,0.8712688277495008,-0.2690257803798046
2009-12-22,-0.0018362825974790197,0.8696689319633784,-0.27036805561849897
2009-12-23,0.005572491662156252,0.8745151548355806,-0.2663021876919902
2009-12-24,0.002184306898082566,0.8764253643207657,-0.2646995664994578
2009-12-25,0.0004574748594140801,0.8768263068910953,-0.26436318503701495
2009-12-28,0.00215589792295561,0.8787166549049147,-0.2627772271555866
2009-12-29,0.0022037734668649334,0.8806531473538864,-0.26115255516962343
2009-12-30,0.002987482497458855,0.8832840832179383,-0.2589452613599005
2009-12-31,0.0042260808873847925,0.8870169132001569,-0.25581350409242753
2010-01-01,0.0001142538398712252,0.8871182582885208,-0.2557284779276898
2010-01-04,0.007164462002161934,0.893473983341453,-0.25039617288851146
2010-01-05,-0.004497227544890578,0.8894558275329267,-0.25376731186755264
2010-01-06,0.007352390958467204,0.8959954545172357,-0.24828071739841495
2010-01-07,-0.0031470598261607785,0.8931757032179019,-0.2506464229532408
2010-01-08,0.005697515446079196,0.8982645855830486,-0.24637696937344222
2010-01-11,0.003723903520152819,0.9016096362353299,-0.2435705499168237
2010-01-12,-0.005803366315045113,0.8963772652430817,-0.24796038710714452
2010-01-13,0.005613267153136477,0.9014088703028889,-0.24373898785023573
2010-01-14,0.002927380203550179,0.904047636785118,-0.24152512433455164
2010-01-15,-0.007641139529280575,0.8971396826513266,-0.24732073668896504
2010-01-18,0.003463736023403247,0.9002471376881507,-0.24471365441056592
2010-01-19,-0.005846397113654181,0.8949839354207952,-0.24912935832140237
2010-01-20,-0.011773172213793662,0.8844471354205073,-0.25796948769616634
2010-01-21,-0.006635308175449934,0.8785785561120985,-0.26289308882088924
2010-01-22,-0.004428704406657721,0.8746875913890498,-0.266157517446606
2010-01-25,0.00537419879069975,0.8793883363849329,-0.2622137020643035
2010-01-26,-0.00823109937537319,0.8721500035986044,-0.26828649440040087
2010-01-27,-0.001685573945483657,0.8706799302759851,-0.2695198516209981
2010-01-28,-0.003324717892143548,0.8677851651334663,-0.27194849204016946
2010-01-29,-0.006982138977100338,0.8617261685082385,-0.27703184885123244
2010-02-01,0.007061094756982176,0.8678108986386464,-0.27192690222969074
2010-02-02,0.0018269541670636214,0.8693963493761375,-0.27059674604979234
2010-02-03,-0.0071979199562683845,0.8631385040430561,-0.2758469322875676
2010-02-04,-0.015301705258718271,0.8499310130567382,-0.2869277090918999
2010-02-05,-0.0031359643966587334,0.8472656596601762,-0.2891638784084316
2010-02-08,-0.004782667384599206,0.8432134698236285,-0.2925635711429626
2010-02-09,0.012808757538012555,0.8540139867113856,-0.2835021894521754
2010-02-10,-0.0005662871403128827,0.8535303695730636,-0.2839079329483509
2010-02-11,0.004580205992735545,0.8574397144867639,-0.2806280837714906
2010-02-12,-0.0011769046871463586,0.856430589667839,-0.2814747159515014
2010-02-15,-0.0007668676501007828,0.855773820754066,-0.28202572974761764
2010-02-16,0.01131400114738273,0.8654560467439776,-0.273902568030191
2010-02-17,-0.005278884501373512,0.8608874042322008,-0.2777355525103036
2010-02-18,-0.008634070717811575,0.8534544415039867,-0.2839716348268907
2010-02-19,0.008941597200370773,0.8610856873487828,-0.2775691976014728
2010-02-22,-0.00035393074008821214,0.86078092265418,-0.27782488807002814
2010-02-23,-0.010107156425645969,0.8520808752207024,-0.2851240248930128
2010-02-24,0.0009072953946980746,0.8528539642747004,-0.28447542121301794
2010-02-25,-0.00807924348335055,0.8459635494415844,-0.29025631850335987
2010-02-26,0.007394266827017663,0.8522188296520864,-0.28500828434358383
2010-03-01,-0.00141930053553644,0.851009275010767,-0.2860230724685191
2010-03-02,0.00276231267437732,0.8533600287171418,-0.284050844952386
2010-03-03,0.002489595749789202,0.855484550217676,-0.28226842097891425
2010-03-04,-0.005854051524379952,0.8504764995823908,-0.2864700586231782
2010-03-05,0.009510250747931982,0.8585647443486427,-0.2796842099645275
2010-03-08,4.6492271716842644e-05,0.8586046609740235,-0.2796507208470952
2010-03-09,0.0015604329711865047,0.8599444559962218,-0.27852666408113447
2010-03-10,0.0007634332604964742,0.8606009661961088,-0.27797586733993274
2010-03-11,0.00313701461052764,0.8633006840009002,-0.2757108670866246
2010-03-12,0.0062048174720288046,0.8686573071686035,-0.2712167852199231
2010-03-15,-0.00455051335084176,0.8647044704950264,-0.2745331229686492
2010-03-16,0.009371391569365697,0.8728079546798163,-0.2677344887933836
2010-03-17,0.0029180805441461396,0.8753548785911436,-0.26559767905198217
2010-03-18,-0.003542425293086848,0.8722539993287954,-0.2681992444090101
2010-03-19,-0.0075211829130170625,0.8656936174532329,-0.27370325174769405
2010-03-22,0.0016747568098468295,0.8671434437343036,-0.2724868813225889
2010-03-23,-0.0029018099338782616,0.864627158275178,-0.2745979861173937
2010-03-24,-0.005452425983643014,0.859912842691235,-0.27855318690647424
2010-03-25,-0.00033498499408925707,0.8596247847927089,-0.27879486076289406
2010-03-26,0.001660795834689488,0.8610524460546884,-0.27759708627169244
2010-03-28,0.00746326429584689,0.8674787080321801,-0.27220560239844815
2010-03-29,0.0013950989545292306,0.8686889266708322,-0.2711902571952419
2010-03-30,0.0053428577480128525,0.8733302080333084,-0.2672963304140703
2010-03-31,0.0055432657689438785,0.878171309480484,-0.263234759243675
2010-04-01,-0.00034430208262960953,0.8778689532697244,-0.26348842905047654
2010-04-04,0.0017336510266118578,0.8793908716817912,-0.2622115750093883
2010-04-05,0.0007946102605098157,0.8800896446914283,-0.26162532075680534
2010-04-06,-0.0016441219614819866,0.8786426699785181,-0.26283929878275136
2010-04-07,0.0019638602226346837,0.8803682013679984,-0.2613916182039414
2010-04-08,0.004459540884728696,0.8842942393556141,-0.2580977639275185
2010-04-11,-0.001969881916733257,0.8825522841244361,-0.25955922372634166
2010-04-12,-0.0012374405126527417,0.8814601781735263,-0.2604754751401228
2010-04-13,0.005747512433205281,0.8865263815069541,-0.25622504873883034
2010-04-14,-0.0031026255392280024,0.8837758221144912,-0.2585327038980513
2010-04-15,-0.008360745158764341,0.8763867976883145,-0.2647319230043177
2010-04-18,0.00037749682205372815,0.8767176309193317,-0.2644543616418943
2010-04-19,0.007559867256655984,0.8833454998306518,-0.25889373425469464
2010-04-20,-0.0015361631005323933,0.8819885370687907,-0.26003219435370595
2010-04-21,-0.000634918797657828,0.8814285459672869,-0.2605020138231724
2010-04-22,0.004838728242054058,0.8856935391660116,-0.25692378403251637
2010-04-25,0.002601020165184255,0.8879972459215558,-0.2549910278105162
2010-04-26,-0.013743175381436205,0.8757933440326235,-0.2652298167760597
2010-04-27,0.0058312313003105135,0.8809002975929503,-0.2609452018851093
2010-04-28,0.00674627676464398,0.8868430948025696,-0.2559593336727881
2010-04-29,-0.005341259974124533,0.882106235276972,-0.2599334483029626
2010-05-02,0.004656124016023317,0.8862134313037289,-0.2564876066581506
2010-05-03,-0.01171283109214321,0.8758333630712797,-0.26519624173627876
2010-05-04,-0.0026046677578904207,0.8735521081492033,-0.26711016139380495
2010-05-05,-0.027278746369358998,0.8497227017505823,-0.2871024774178238
2010-05-06,0.004336486263099163,0.8534075125741672,-0.2840110071041487
2010-05-09,0.012676935024710933,0.8642261041606701,-0.27493446116279974
2010-05-10,-0.004584162744331767,0.8602643510512977,-0.2782582795931362
2010-05-11,0.0005380999738821091,0.8607272592761303,-0.2778699103922355
2010-05-12,-0.005121286212853597,0.8563192286301722,-0.2815681452640305
2010-05-13,-0.007609489989565442,0.8498030760320384,-0.2870350452708288
2010-05-16,-0.004027486048699206,0.8463805059991777,-0.28990650167921206
2010-05-17,-0.011602952027305718,0.8365599935912225,-0.29814568247512985
2010-05-18,-0.0009895692598765986,0.835732159537522,-0.2988402159326642
2010-05-19,-0.021327146131608545,0.8179083776441805,-0.3137939531090753
2010-05-20,0.013251280442635434,0.8287467109327245,-0.30470084434029143
2010-05-23,-0.006152250320611872,0.8236480537146826,-0.30897849879362005
2010-05-24,-0.0004346581321057872,0.8232900483901425,-0.30927885690857926
2010-05-25,-0.004115563838572572,0.8199017456383314,-0.3121215638676238
2010-05-26,0.016214497936012727,0.8331960408007174,-0.3009679603847276
2010-05-27,-0.001920260403742375,0.8315960874350129,-0.3023102839313482
2010-05-30,0.00298329969125067,0.834076987785903,-0.3002288664168118
2010-05-31,-0.004647306816352864,0.8302007761152025,-0.30348091757579987
2010-06-01,0.00679362912445147,0.8358408522869609,-0.29874902525170666
2010-06-02,0.0007184760076195374,0.8364413838855174,-0.29824519325103027
2010-06-03,-0.015305159901187164,0.8236395147571792,-0.3089856627797499
2010-06-06,-0.005949608055429563,0.8187391824654098,-0.31309692724689286
2010-06-07,0.005360263550241859,0.823127840262334,-0.3094149457434652
2010-06-08,0.0038321555613189963,0.8262821941930718,-0.30676851638723224
2010-06-09,0.010266532734936445,0.8347652473880501,-0.2996514326678331
2010-06-10,0.001478591731275296,0.8359995243803942,-0.29861590306716523
2010-06-13,0.005034785515497992,0.8402086026767077,-0.2950845845751272
2010-06-14,0.003480664482622842,0.8431330869180387,-0.2926310105254045
2010-06-15,-0.001478364910106281,0.8418866285477894,-0.2936767600179412
2010-06-16,-0.00020437472419820773,0.8417145682002738,-0.29382111463530736
2010-06-17,0.0021135460719349636,0.843493570719584,-0.2923285730260613
2010-06-20,0.00012784702567940446,0.8436014088637801,-0.2922380993389645
2010-06-21,-0.0032032615264987207,0.8408991329270666,-0.2945052458052736
2010-06-22,0.0010104872299914161,0.8417488507626003,-0.29379235236533385
2010-06-23,-0.0037706221121890523,0.8385749339330051,-0.2964551945373022
2010-06-24,0.003449460727730063,0.8414675652348658,-0.29402834436066017
2010-06-27,-0.0043064140107586186,0.8378438575223394,-0.29706855058970383
2010-06-28,-0.012685390470784702,0.82721548103612,-0.30598551049966816
2010-06-29,-0.005801162242695096,0.8224166698209604,-0.31001160115204074
2010-06-30,-0.0037725108340308953,0.8193140940239733,-0.31261458986205026
2010-07-01,0.008322248635413471,0.8261326296249394,-0.3068939975705265
2010-07-04,-0.0026295012822800876,0.8239603128160071,-0.30871652069267086
2010-07-05,0.005579032340614526,0.8285572140485906,-0.3048598278050827
2010-07-06,0.005147330935876735,0.8328220722286067,-0.3012817112919731
2010-07-07,0.005640085278258728,0.8375192597375922,-0.29734088055818086
2010-07-08,0.0020036253431312003,0.839197334551763,-0.2959330149388849
2010-07-11,-0.0011134075193428598,0.8382629659292606,-0.29671692841417296
2010-07-12,0.005821276071221859,0.8431427260742161,-0.2926229234982549
2010-07-13,0.00011399348940174182,0.843238838855625,-0.2925422871169817
2010-07-14,0.001150390521767596,0.8442088928234308,-0.2917284344695298
2010-07-15,-0.009253725361627298,0.8363968155813993,-0.29828258501839855
2010-07-18,-0.0007898918964067803,0.8357361525145912,-0.2988368659180599
2010-07-19,0.006807384299274848,0.8414253296775555,-0.29406377900788017
2010-07-20,-0.005844994138452569,0.8365072035576446,-0.2981899720817005
2010-07-21,0.009410419420262769,0.8443790871911931,-0.291585645365643
2010-07-22,0.004491494414637896,0.8481716111451495,-0.28840380624855344
2010-07-25,0.0027488898805261633,0.850503141503976,-0.28644770667252906
2010-07-26,0.0030090088861880306,0.8530623130144923,-0.2843006214811469
2010-07-27,-0.00363453127678018,0.8499618313567987,-0.2869018532571458
2010-07-28,-0.001051438114786038,0.8490681490911969,-0.2876516318282145
2010-07-29,0.001659644162277812,0.8504773000882121,-0.28646938701747005
2010-08-01,0.007677317556507618,0.8570066843955906,-0.2809913859153136
2010-08-02,-0.00016649751114422074,0.8568639949156048,-0.28111109906004983
2010-08-03,1.6661085745480332e-05,0.8568782712000963,-0.2810991215904298
2010-08-04,0.002497719413392152,0.8590185126929867,-0.27930350891012157
2010-08-05,-0.0017017501883908898,0.8575566777771801,-0.2805299542996065
2010-08-08,-0.0006239080937806792,0.8570216412250393,-0.2809788374843517
2010-08-09,-0.0006127449082664131,0.8564965055781045,-0.281419414040619
2010-08-10,-0.00357761295036017,0.8534322925878101,-0.28399021725082463
2010-08-11,-0.01376637940823496,0.8416836198488065,-0.29384707958015766
2010-08-12,0.0016242060125363704,0.8430506874448184,-0.29270014176104153
2010-08-15,-0.0028342525301730246,0.8406612689008638,-0.29470480817384637
2010-08-16,-0.002776198304304076,0.838327426511647,-0.29666284748942795
2010-08-17,0.00713568589641344,0.8443094677055827,-0.29164405448983477
2010-08-18,-0.0007601375791999083,0.8436676763507054,-0.2921825024634668
2010-08-19,-0.008348994185200957,0.8366238998266113,-0.29809206663458276
2010-08-22,-0.003205572789671557,0.8339420410181382,-0.3003420836066336
2010-08-23,-0.001755999648627205,0.8324776390871349,-0.3015706826619796
2010-08-24,-0.008060960343001968,0.8257670698520176,-0.3072006936914313
2010-08-25,0.0018055277294127044,0.8272580151946713,-0.3059498253329732
2010-08-26,0.0001979452294993314,0.8274217669723443,-0.3058124414118647
2010-08-29,0.013218978005427264,0.8383594371111635,-0.2966359913432469
2010-08-30,-0.012011834441880417,0.8282892023497962,-0.3050846833676091
2010-08-31,-0.005291839084974723,0.823906029175139,-0.30876206340091195
2010-09-01,0.01251518671752673,0.834217366967962,-0.3001110915581363
2010-09-02,0.00010532316021964722,0.8343052293773613,-0.30003737704649647
2010-09-05,0.0064249146948726675,0.8396655693055971,-0.2955401769044208
2010-09-06,0.0016534580652896684,0.8410539211133115,-0.294375382128251
2010-09-07,-0.008222746183378796,0.8341381481934612,-0.30017755426175396
2010-09-08,0.006249463211055389,0.8393510638635342,-0.29580403963284196
2010-09-09,0.0003138483720813455,0.8396144928285324,-0.29558302887705457
2010-09-12,0.00296962609371853,0.8421078339351001,-0.2934911738587498
2010-09-13,0.005001904642581075,0.846319977019214,-0.2899572840812493
2010-09-14,0.0060078231837931845,0.8514045177980574,-0.28569147299106923
2010-09-15,0.004913585587430405,0.8555879667657831,-0.2821816569077794
2010-09-16,-0.0027108784870269217,0.8532685717529186,-0.28412757521166143
2010-09-19,0.0002144930077244594,0.8534515918952705,-0.2839740255821217
2010-09-20,0.0030505180380247547,0.8560550613709279,-0.28178977543146577
2010-09-21,0.005989108003112562,0.8611820675900894,-0.2774883368275852
2010-09-22,0.0027489501865955697,0.863549414195484,-0.2755021882562898
2010-09-23,-0.002336540979044787,0.8615316956017862,-0.2771950070826572
2010-09-26,0.010174489544590744,0.8702973408310202,-0.2698408352394417
2010-09-27,-0.0028615921742562336,0.8678069047712221,-0.27193025299128204
2010-09-28,0.0057080598511447265,0.8727603985228929,-0.2677743872995485
2010-09-29,-0.00017456559767964856,0.8726080445822936,-0.2679022087012659
2010-09-30,-0.0033478083974858614,0.8696867200429272,-0.2703531318347566
2010-10-03,0.00990406194393653,0.8783001511900514,-0.26312666405524876
2010-10-04,-0.002796423890808071,0.8758440516639633,-0.265187274256384
2010-10-05,0.008461318678424569,0.8832548472976947,-0.25896978961490547
2010-10-06,0.003951231920056532,0.886744792043882,-0.2560418073939057
2010-10-07,-0.002059005044382249,0.884918980043984,-0.25757362106529114
2010-10-10,0.005605343203174145,0.8898792546341333,-0.2534120664082723
2010-10-11,-0.004797647503981888,0.8856099276492926,-0.2569939321443716
2010-10-12,0.002688174209168527,0.8879906014161829,-0.2549966023955065
2010-10-13,0.0036461262781501834,0.8912283272827568,-0.2522802259301896
2010-10-14,0.004926224523377199,0.8956187181245455,-0.2485967904425529
2010-10-17,-0.007705953203222463,0.8887171221947477,-0.25438706841215364
2010-10-18,-0.0022881068890069516,0.8866836424250755,-0.25609311049745254
2010-10-19,-0.01752193200908644,0.8711472319289342,-0.26912779643640716
2010-10-20,0.01301381373867828,0.8824841797442226,-0.25961636171245317
2010-10-21,-0.00646092252020814,0.8767825178335857,-0.26439992303465876
2010-10-24,-0.00069042092159505,0.8761771688395846,-0.2649077967177226
2010-10-25,0.004008991883424971,0.8796897559979048,-0.261960818041195
2010-10-26,-0.002907880240324291,0.8771317235388227,-0.2641069475949981
2010-10-27,-0.006250142323059864,0.8716495254306343,-0.26870638390708024
2010-10-28,6.930803747107677e-05,0.8717099377486046,-0.2686556993817337
2010-11-01,0.014262669137921496,0.8841428481749511,-0.25822477759611073
2010-11-02,-0.0005804749226551543,0.8836296254235407,-0.2586553595109631
2010-11-03,0.007667469950852924,0.8904048290241592,-0.2529711217567875
2010-11-04,0.009009492106535047,0.8984269243028731,-0.2462407709749015
2010-11-05,0.01097977012989635,0.9082914454102284,-0.23796466790691806
2010-11-08,-0.002256501889037398,0.9062418840478638,-0.23968420207329932
2010-11-09,-0.008678090645924685,0.8983774348309628,-0.2462822914872358
2010-11-10,-0.0055097277447583295,0.8934276197530098,-0.25043507085754424
2010-11-11,0.0050044724284241966,0.8978987536428563,-0.24668389383633715
2010-11-12,-0.006074193535907715,0.8924447428375792,-0.2512596816588917
2010-11-15,-0.0021404179040247027,0.890534538131657,-0.25286229884173417
2010-11-16,-0.0037392585215531493,0.8872045992712108,-0.2556560398575638
2010-11-17,-0.009095951227740567,0.8791346295072128,-0.26242655621568267
2010-11-18,0.003328123138710846,0.8820604978097176,-0.2599718209709255
2010-11-19,0.007595344735314685,0.8887600513679857,-0.2543510518373525
2010-11-22,0.0018041978635118486,0.8903635503538386,-0.2530057535981475
2010-11-23,-0.005826798595295503,0.8851755812693345,-0.25735833862377566
2010-11-24,-0.011970633197784372,0.8745794690703237,-0.26624822954950367
2010-11-25,0.003060262720526253,0.8772559120156572,-0.2640027563602739
2010-11-26,-0.0012071071737543464,0.8761969701110447,-0.26489118391293487
2010-11-29,-0.00918546162485463,0.8681486964662758,-0.27164349773319496
2010-11-30,-0.004692667536944579,0.8640747632611278,-0.2750614326467049
2010-12-01,-0.004449413845713807,0.8602301370457418,-0.2782869843455785
2010-12-02,0.00795528629152638,0.8670735140625397,-0.2725455506857267
2010-12-03,0.005392787919134002,0.8717494576341772,-0.26862254311974443
2010-12-06,0.004861585983846616,0.8759875425788374,-0.2650668887264741
2010-12-07,-0.003579704591236716,0.8728517659508017,-0.2676977321591518
2010-12-08,-0.00020096507741294454,0.8726763532280873,-0.2678448993410981
2010-12-09,-0.0013185756109593096,0.8715256634724599,-0.2688103012002665
2010-12-10,-4.0049454492323925e-05,0.8714907593450617,-0.26883958494883387
2010-12-13,-0.0006304249077274,0.8709413498635163,-0.26930052668602633
2010-12-14,0.003520912361132138,0.8740078580280719,-0.2667277978781625
2010-12-15,-0.0021229993674467453,0.8721523398983348,-0.26828453429943333
2010-12-16,-0.005876183594944038,0.8670274126263322,-0.27258422871514987
2010-12-17,0.0002697125821062042,0.8672612608285486,-0.27238803552921176
2010-12-20,-0.004241526533213931,0.8635827491795157,-0.2754742209823986
2010-12-21,-0.00041578858630066605,0.8632236813290808,-0.27577547053179463
2010-12-22,-0.001616221567221281,0.8618285205979805,-0.27694597783583186
2010-12-23,-0.0005784165371017848,0.8613300247295207,-0.2773642042394696
2010-12-24,0.003874093027799657,0.8646668973729598,-0.27456464594147534
2010-12-27,-0.0007823177356095838,0.8639904531237504,-0.2751321668849934
2010-12-28,0.0018219350919487316,0.8655645876494054,-0.27381150474281635
2010-12-29,-0.0007544037199554698,0.8649116025046208,-0.27435934404502726
2010-12-30,0.005685413654950219,0.8698289827398255,-0.27023377675107385
2010-12-31,-0.0011902997342254711,0.8687936255328487,-0.2711024172926537
2011-01-03,0.006305918247204704,0.8742721671091515,-0.2665060487255161
2011-01-04,-0.001749902102726556,0.8727422764055719,-0.26778959133318847
2011-01-05,-0.005427288183146187,0.8680056525619039,-0.27176350823172246
2011-01-06,-0.00864253545575816,0.8605038829338391,-0.2780573179320067
2011-01-07,-0.005447592480542637,0.8558162084516909,-0.28199016745822314
2011-01-10,0.0017347225588960646,0.8573008121347611,-0.2807446196042037
2011-01-11,0.00259059495204084,0.8595217312910579,-0.2788813202465221
2011-01-12,-0.0005659199804160114,0.8590353107697185,-0.2792894157156458
2011-01-13,0.007010770596670012,0.8650578102679641,-0.27423667914263616
2011-01-14,0.007980203260259527,0.8719611474257776,-0.2684449403233534
2011-01-17,-0.0010861129672941883,0.8710140991165817,-0.269239491759958
2011-01-18,-0.00020851236688613811,0.8708324819051837,-0.269391864363158
2011-01-19,0.0008615025561537241,0.8715827063143268,-0.26876244358676005
2011-01-20,0.0008723698255085569,0.8723430487677506,-0.26812453400726644
2011-01-21,-0.006979845988806584,0.8662542286379457,-0.2732329120428818
2011-01-24,0.007714564166657169,0.8729370024694112,-0.2676262207086221
2011-01-25,0.006146224405907255,0.8783022691788082,-0.2631248871120949
2011-01-26,-0.001042923674528886,0.8773862669488892,-0.2638933916124968
2011-01-27,0.005089294805554371,0.8818515443197369,-0.2601471280740961
2011-01-28,-0.0012482153997952921,0.8807508036417838,-0.26107062382241664
2011-01-31,-0.0063512222106709626,0.8751569595756278,-0.26576372848851304
2011-02-01,0.004621030215198651,0.8792010863288681,-0.26237080049276373
2011-02-02,0.012391658653803102,0.8900958460787083,-0.25323035123939197
2011-02-03,0.0003249959719974159,0.8903851236433754,-0.2529876541115349
2011-02-04,-0.0025012510798929524,0.8881580468913418,-0.25485611954838183
2011-02-07,0.0020953816655105615,0.8900190769788735,-0.25329475872311624
2011-02-08,0.0016609032978922172,0.8914973125990148,-0.2520545535253259
2011-02-09,0.002086596251184915,0.8933575075494253,-0.250493893360621
2011-02-10,-0.0006399567429242258,0.8927857973886271,-0.25097354484742784
2011-02-11,-0.0028172297861554525,0.8902706146475672,-0.25308372448750216
2011-02-14,-0.0006820078930496311,0.8896634430614274,-0.2535931272828489
2011-02-15,-0.0015493457284915099,0.8882850468061251,-0.25474956958281003
2011-02-16,-0.0013897460480727175,0.8870505561727642,-0.2557852784233068
2011-02-17,0.0032096286645343234,0.8898976590647473,-0.2533966255203659
2011-02-18,0.002980738548811538,0.8925502113216188,-0.2511711960613816
2011-02-21,0.0024905511637601666,0.8947731532891402,-0.24930619961227518
2011-02-22,0.0003808530562542331,0.8951139303792245,-0.24902029558408645
2011-02-23,-0.01856073734507849,0.8784999558235349,-0.2629590326292349
2011-02-24,0.00028462582609842837,0.8787499995991886,-0.2627492517350286
2011-02-25,0.004585265471736414,0.8827793016306392,-0.2593687613349973
2011-02-28,-0.0019856172008879134,0.8810264398647336,-0.26083937146200553
2011-03-01,0.011170852028536604,0.8908682558576909,-0.2525823174552875
2011-03-02,-0.006535143068259694,0.88504630435069,-0.25746679894246416
2011-03-03,0.001208880821507807,0.8861162198541659,-0.25656916479637293
2011-03-04,0.003922321140510291,0.889591852236249,-0.2536531903149465
2011-03-07,-0.0015023313415595215,0.8882553905154386,-0.2547744505188093
2011-03-08,-0.0033579567079026823,0.8852726673685265,-0.2572768856515901
2011-03-09,0.004008484789351411,0.8888212693901018,-0.25429969134502484
2011-03-10,-0.0017050976208091034,0.8873057423583403,-0.255571183167149
2011-03-11,-0.009505334948300326,0.878871604075674,-0.26264722841631216
2011-03-14,0.007581384968818904,0.885534668044335,-0.2570570731971107
2011-03-15,-0.0028756077456818106,0.882988217693837,-0.2591934856320245
2011-03-16,-0.01858040049902302,0.8665819429731669,-0.27295796736126676
2011-03-17,-0.027002905600825428,0.8431817125716826,-0.29259021473644276
2011-03-18,0.008957375732678284,0.8507344079821102,-0.28625367949286384
2011-03-21,0.01752081157546171,0.8656399652451268,-0.27374826469857927
2011-03-22,0.007745525448910358,0.8723448016255267,-0.26812306340048675
2011-03-23,0.0005035785484263851,0.8727840957544567,-0.26775450587512717
2011-03-24,-0.0007804715031184122,0.8721029126393454,-0.26832600261657846
2011-03-25,0.00644983419183248,0.8777278318240832,-0.26360682665098023
2011-03-27,0.00043624998517222596,0.8781107405777017,-0.2632855751400258
2011-03-28,0.00127605802877514,0.8792312608383696,-0.2623454847832688
2011-03-29,0.007964026682094946,0.8862334820594182,-0.2564707845419151
2011-03-30,0.006142461259441691,0.8916771368897882,-0.2519036851407007
2011-03-31,0.001366024515994902,0.8928951897191318,-0.25088176723427746
2011-04-03,0.0095725211846079,0.9014424478383527,-0.24371081708135156
2011-04-04,-0.001337869342975759,0.9002364356229328,-0.24472263319360266
2011-04-05,0.0058471030212765935,0.9055002108055269,-0.24030644862024708
2011-04-06,0.011118853513492961,0.9155683350059105,-0.2318595273073104
2011-04-07,-0.00035929497215133704,0.9152393759064819,-0.23213551631705487
2011-04-10,0.010750319484892848,0.9250784916026304,-0.22388072779636092
2011-04-11,-0.0025616164039874672,0.9227087953635652,-0.22586884765548854
2011-04-12,-0.003081599957976401,0.9198653759785483,-0.22825441018202164
2011-04-13,0.0024618289407205124,0.9221299271826991,-0.2263545045541343
2011-04-14,-8.065955804722135e-05,0.9220555485903105,-0.22641690645788226
2011-04-17,0.004534634117127585,0.9262367331388348,-0.22290899016947308
2011-04-18,-0.011338217456281963,0.9157348596425106,-0.2317198170222533
2011-04-19,0.0037381836058619088,0.9191580446821425,-0.22884784463753727
2011-04-20,0.013392705926348954,0.9314680580744084,-0.21852003059629765
2011-04-21,0.0052930620981979665,0.936398376348284,-0.21438360858974603
2011-04-24,0.0010155700941349548,0.9373493545355,-0.21358576007716745
2011-04-25,-0.0005477638821754531,0.9368359084141049,-0.21401652939422566
2011-04-26,0.008554774248939235,0.9448503281188874,-0.2072926182397956
2011-04-27,0.0025320709867502895,0.9472427562215386,-0.20528542687745788
2011-04-28,0.00398497051804809,0.9510174906785162,-0.20211851273330128
2011-05-01,0.00407821077115034,0.9548959404525537,-0.1988645838578288
2011-05-02,-0.002387143723637126,0.9526164666015757,-0.20077700923825603
2011-05-03,-0.006050515834864892,0.9468526455858498,-0.20561272059944802
2011-05-04,-0.0064728881009187885,0.9407237743629137,-0.2107547005678012
2011-05-05,-0.016177827974650807,0.9255049069696062,-0.22352297525181708
2011-05-08,-0.0010299879502280046,0.9245516480675506,-0.22432273723093654
2011-05-09,0.004456938189914114,0.928672317616371,-0.22086559161545305
2011-05-10,0.0031551100006623803,0.9316023809330207,-0.21840733685169877
2011-05-11,-0.009377817967913366,0.9228659833861562,-0.22573697057176012
2011-05-12,-0.000743810813377115,0.9221795456884156,-0.226312875785447
2011-05-15,-0.012784403381465675,0.9103900303861981,-0.236204004072452
2011-05-16,0.0014033127665722418,0.9116675923383992,-0.23513215940031007
2011-05-17,0.008896785916313864,0.9197785037342753,-0.22832729396822138
2011-05-18,6.786339929415152e-05,0.9198409230301363,-0.22827492563524765
2011-05-19,0.0038441016858467908,0.9233768850730674,-0.22530833597587174
2011-05-22,-0.004773957031774645,0.9189687234995947,-0.22900668069279695
2011-05-23,-0.007077094174636159,0.9124650952998429,-0.23446307302154934
2011-05-24,0.0067098360022441765,0.9185875864470769,-0.229326445787862
2011-05-25,0.0022740406261466226,0.9206764919373315,-0.2275739028160868
2011-05-26,0.006359457532866489,0.9265314949893154,-0.22266169185376794
2011-05-29,0.009657208667575846,0.9354792029735083,-0.21515477360669932
2011-05-30,0.0013124633239336133,0.9367069851177137,-0.2141246930320938
2011-05-31,0.005956108994941994,0.9422861140173983,-0.2094439340473594
2011-06-01,-0.006893233757880072,0.9357907155666719,-0.21489342180868098
2011-06-02,0.003274824238653926,0.938855265684317,-0.2123223357564934
2011-06-05,0.005604799872647813,0.9441173615578592,-0.20790756008425382
2011-06-06,-0.004302449614406418,0.9400553441796702,-0.2113154978969436
2011-06-07,0.005290385919446044,0.9450285997360183,-0.20714305251213228
2011-06-08,-0.004623493606902391,0.9406592660467988,-0.21080882154003067
2011-06-09,-0.0002506928238917261,0.9404234495190736,-0.21100666610514918
2011-06-12,-0.010000428560815091,0.9310188119952428,-0.21889693757572404
2011-06-13,0.005965535749564615,0.9365728380017178,-0.21423723933273753
2011-06-14,0.0034836645570821174,0.9398355436025901,-0.2114999054531259
2011-06-15,-0.016367826990040114,0.9244524780258127,-0.2244059385822995
2011-06-16,-0.0009856242223862128,0.9235413152710255,-0.2251703828759717
2011-06-19,0.002555611120188259,0.9259015277262854,-0.22319021969019825
2011-06-20,0.0027042906560606284,0.9284054345761479,-0.22108950025976992
2011-06-21,0.004065387784634505,0.9321797626890621,-0.21792292702880234
2011-06-22,-0.003207291181918655,0.9291899907562264,-0.22043127592852363
2011-06-23,-0.0012723980168825055,0.9280076912546812,-0.22142319762705576
2011-06-26,-0.008222130552842502,0.9203774908631432,-0.22782475774158084
2011-06-27,0.004944258953178781,0.9249280755126476,-0.22400692338662165
2011-06-28,0.005568887502323587,0.9300788959129181,-0.21968550524037977
2011-06-29,0.012841469000630202,0.9420224752229243,-0.20966512084518163
2011-06-30,-0.0005289474911706162,0.9415241947980287,-0.21008316649669523
2011-07-03,0.0017499849052536158,0.9431718479268563,-0.2087008239616588
2011-07-04,0.0010168068466914698,0.9441308715194349,-0.20789622554168175
2011-07-05,-0.0026515461980514405,0.9416274648965945,-0.20999652529330892
2011-07-06,-0.002362527435879258,0.9394028441763989,-0.2118629301767434
2011-07-07,0.003963699449513328,0.9431263547127321,-0.208738991706944
2011-07-10,-0.0027321045612565564,0.9405496348971801,-0.21090079951684593
2011-07-11,-0.01002727086918658,0.9311184889421517,-0.21881331094274903
2011-07-12,-0.005452582560102182,0.926041488507957,-0.22307279585968653
2011-07-13,0.026990930140644673,0.9510362096316137,-0.202102807968369
2011-07-14,-0.004892074179536285,0.9463836699466709,-0.2060061802194314
2011-07-17,0.0010679377929045215,0.9473943488343947,-0.20515824421195517
2011-07-18,-0.004507231260968249,0.9431242234088636,-0.2087407798211659
2011-07-19,0.007130536445644473,0.9498492050566506,-0.20309867711372853
2011-07-20,0.0027851286814160343,0.9524946573206741,-0.20087920438309959
2011-07-21,0.007843045713374856,0.9599651164597854,-0.19461166345256775
2011-07-24,-0.0004368467041186735,0.9595457588625911,-0.19496349469292418
2011-07-25,0.0007129088722546353,0.9602298275474185,-0.19438957702580195
2011-07-26,0.009205757075267393,0.969069470076246,-0.18697332317459803
2011-07-27,-0.002914149192995425,0.9662454570620669,-0.18934260420875237
2011-07-28,-0.0014567068686537068,0.9648379206679591,-0.19052349440532645
2011-07-31,0.004355837105809853,0.9690405974838971,-0.18699754660597578
2011-08-01,-0.003843868620973932,0.9653157327387789,-0.19012262122535195
2011-08-02,-0.0050093118636960025,0.9604801651865581,-0.1941795495869868
2011-08-03,0.00403361973566559,0.96435437693657,-0.1909291763147979
2011-08-04,-0.02948968475949849,0.9359158703642679,-0.21478841985338237
2011-08-07,0.008011336541608346,0.9434138073763884,-0.20849782562845975
2011-08-08,-0.009067472128188776,0.9348594289726545,-0.21567474953397447
2011-08-09,0.02235544559741583,0.9557586280782838,-0.19814080906650178
2011-08-10,-0.01125248245395873,0.9450039708856133,-0.20716371554302648
2011-08-11,-0.0027762605660166385,0.9423803936265144,-0.20936483565487163
2011-08-14,-0.001720967553747924,0.9407585875457949,-0.2107254931195618
2011-08-15,0.004886784610001896,0.9453558721331408,-0.20686847860627167
2011-08-16,-0.0023311336988160376,0.9431521212022376,-0.20871737422338577
2011-08-17,0.004741630941166368,0.9476242004823567,-0.20496540404179608
2011-08-18,-0.008925863571912255,0.9391658361514088,-0.2120617743802694
2011-08-21,0.0005712728892212069,0.9397023561320847,-0.2116116466335919
2011-08-22,0.00041972569197319215,0.9400967733537611,-0.21128073978643158
2011-08-23,0.0031280796654641653,0.9430374709540575,-0.20881356310679755
2011-08-24,-0.0023272046144967844,0.9408428298000099,-0.21065481583366263
2011-08-25,-0.0023826947124833634,0.9386010885641676,-0.21253558443029996
2011-08-28,0.006208618425258533,0.9444285045765948,-0.20764651835055847
2011-08-29,0.002575482339397051,0.946860863510955,-0.2056058259520105
2011-08-30,-0.0016355250884442097,0.9453122488134169,-0.20690507755377985
2011-08-31,0.0015577106479971936,0.9467847717690757,-0.20566966514821294
2011-09-01,-0.00314874126174811,0.9438035914922116,-0.20817080584901904
2011-09-04,-0.006961234456723628,0.9372335534107366,-0.21368291451918242
2011-09-05,-0.007576582770915579,0.9301325258176408,-0.21964051100151294
2011-09-06,0.013974106543686816,0.9431302968331652,-0.208735684359871
2011-09-07,0.004583150975815596,0.9474528053734174,-0.20510920053951687
2011-09-08,0.00022388815841760748,0.9476649288372,-0.20493123390228252
2011-09-11,-0.008961784984714801,0.939172159507406,-0.21205646923211285
2011-09-12,-0.0004488675870625711,0.9387505955663316,-0.21241015154351017
2011-09-13,-0.0007117297098753114,0.9380824588773039,-0.21297070263785278
2011-09-14,-0.002549117930561042,0.935691176061035,-0.21497693313163546
2011-09-15,0.003003820844829313,0.93850182472001,-0.21261886447970446
2011-09-18,0.0003028396432803799,0.9387860402778263,-0.21238041425749765
2011-09-19,-0.004435042417337048,0.9346224843683902,-0.2158735405289911
2011-09-20,0.0016197630956806134,0.9361363513769636,-0.21460344142759313
2011-09-21,-0.0067089020855099326,0.929855904256889,-0.21987259003735193
2011-09-22,-0.014265337430396654,0.9165911960210178,-0.2310013707791706
2011-09-25,-0.0005734369545776596,0.9160655887569787,-0.23144234301118538
2011-09-26,0.0012333698849427306,0.9171954364667839,-0.23049442714221324
2011-09-27,0.005129635371373797,0.9219003146201467,-0.22654714413721266
2011-09-28,-0.007477260520871176,0.9150070257934587,-0.23233045264111052
2011-09-29,-0.0005562607602591629,0.9144980432896483,-0.23275747708715222
2011-10-02,-0.003935874092878978,0.9108986941330761,-0.23577724705603997
2011-10-03,-0.0071702018515779065,0.9043673666298032,-0.24125687845421673
2011-10-04,0.0036226833999342487,0.9076436032763352,-0.2385081923429786
2011-10-05,0.004947846729707736,0.9121344847105461,-0.23474044759276358
2011-10-06,0.002097147795656943,0.9140473655344995,-0.2331355852093273
2011-10-09,0.0020854836089443016,0.9159535963331205,-0.2315363020419987
2011-10-10,0.00902243960545986,0.9242177323374399,-0.22460288473818424
2011-10-11,-0.0010934628838547514,0.9232071345505285,-0.22545075270397108
2011-10-12,0.009391188067719313,0.9318771463765527,-0.2181768150549036
2011-10-13,-0.0010841199663230241,0.9308668797560057,-0.219024405179837
2011-10-16,0.00795709208259912,0.9382738732348659,-0.21281011045759035
2011-10-17,-0.008217765877423747,0.9305633582157182,-0.21927905267092496
2011-10-18,0.002296702521266244,0.9327005854267304,-0.2174859689027887
2011-10-19,0.0006433502516509838,0.9333006385830797,-0.21698253830396197
2011-10-20,-0.0006864168135220506,0.9326600053326853,-0.21752001465495152
2011-10-23,0.001730929668854618,0.9342743742068698,-0.21616559683303282
2011-10-24,0.005608993064146919,0.9395147126918063,-0.21176907510222953
2011-10-25,-0.004370521873404162,0.9354085430896018,-0.21521405560078888
2011-10-26,0.0019169155382540294,0.9372016422604659,-0.21370968722976658
2011-10-27,0.010203302690167011,0.9467641942981712,-0.20568692916622566
2011-10-31,-0.0011710255339405628,0.9456555092520273,-0.20661709005411477
2011-11-01,-0.010900783991151413,0.9353471228156287,-0.21526558577770594
2011-11-02,-0.008976374380954994,0.9269510968650865,-0.22230965566938476
2011-11-03,-0.005089787484642511,0.9222331127733869,-0.22626793425088598
2011-11-04,0.00914919293650531,0.9306708014545845,-0.2191889103001866
2011-11-07,0.00016891977963353954,0.9308280101612775,-0.2190570158629792
2011-11-08,0.0017239936667373835,0.9324327517556174,-0.2177106751042439
2011-11-09,0.0022402202600889905,0.9345216064972709,-0.21595817470936096
2011-11-10,-0.012653137677171793,0.9226969759479692,-0.22587876386942451
2011-11-11,0.0015565467450878868,0.9241331969225836,-0.22467380797902192
2011-11-14,0.007693514882289285,0.931243029426325,-0.21870882438207995
2011-11-15,-0.005137794976623161,0.926458493667723,-0.22272293825944967
2011-11-16,-0.004275708390144752,0.922497227313227,-0.22604634831380088
2011-11-17,-0.004321003194326681,0.918511113847249,-0.2293906045149977
2011-11-18,-0.001772794708659539,0.9168827822047757,-0.23075673677375685
2011-11-21,-0.0003482640976085623,0.9165634648500183,-0.23102463658466588
2011-11-22,-0.00692971549664442,0.9102119408039889,-0.23635341707706292
2011-11-23,-0.00015153019143904618,0.9100740162143488,-0.23646913258996505
2011-11-24,-0.008370075053032814,0.9024566283948198,-0.2428599432554942
2011-11-25,-0.0006535461386381687,0.9018668313500439,-0.24335476921598787
2011-11-28,0.0054596493084982,0.9067907079721815,-0.23922375160495957
2011-11-29,0.0018557109493390546,0.9084734494177245,-0.23781197079081573
2011-11-30,0.005239539149132297,0.9132334316218959,-0.23381845677277424
2011-12-01,0.012427241863981107,0.9245824043549346,-0.22429693342337131
2011-12-02,0.00026051731875390406,0.9248232740838842,-0.22409484934031754
2011-12-05,-0.0012946278121075633,0.9236259721519708,-0.225099357727919
2011-12-06,0.001243982108230848,0.9247749463360252,-0.22413539519327597
2011-12-07,0.0019880406751557906,0.9266134365447062,-0.22259294480050662
2011-12-08,0.0014532394355399499,0.9279600277321942,-0.2214631862104236
2011-12-09,-0.006742737808217181,0.92170303656869,-0.22671265581985167
2011-12-12,0.0023169587786997757,0.9238385845106221,-0.22492098091929602
2011-12-13,-0.00877977175507319,0.9157274926000889,-0.23172599779897063
2011-12-14,-0.005036659072196376,0.911115285416825,-0.23559553202208905
2011-12-15,-0.0029665898237801786,0.9084123800828169,-0.23786320653804438
2011-12-16,0.00010359771179693593,0.9085064895267615,-0.23778425091016553
2011-12-19,0.0027672506404820404,0.9110205546917866,-0.23567500889031112
2011-12-20,-0.002831048896538287,0.9084414109557026,-0.2378388503129889
2011-12-21,0.009779841529081136,0.9173258239933042,-0.23038503504942764
2011-12-22,3.6258561751166947e-06,0.9173291500848076,-0.23038224453625467
2011-12-23,0.003512839258472575,0.9205515799361669,-0.22767870107084398
2011-12-26,-5.741599047656734e-05,0.92049872555542,-0.22772304466318827
2011-12-27,0.0004267832051402979,0.9208915789518402,-0.2273934498289335
2011-12-28,0.00036539670219651874,0.9212280696978697,-0.22711114194340554
2011-12-29,-0.0061727091042464025,0.9155415968049584,-0.2318819600341021
2011-12-30,0.0030995417326330236,0.9183793561922168,-0.2295011461136396
2012-01-02,0.005160724215289176,0.9231188587745396,-0.2255248140205357
2012-01-03,0.0017600030238835028,0.9247435507573867,-0.22416173535128914
2012-01-04,0.008613060425177137,0.9327084228378528,-0.2174793934977053
2012-01-05,-0.0019169385176821016,0.9309204781363484,-0.21897943738918946
2012-01-06,-0.006479764125115395,0.9248883330187851,-0.22404026641177255
2012-01-09,-0.005279943113996859,0.9200049752336467,-0.22813728966387048
2012-01-10,0.005932911840530608,0.9254632836445575,-0.22355789625045308
2012-01-11,0.003773419371771146,0.9289554447269248,-0.22062805457510581
2012-01-12,-0.0005716881784534831,0.9284243718808645,-0.22107361230292355
2012-01-13,-0.0007229370554751256,0.9277531794992255,-0.22163672705207715
2012-01-16,-0.00376663465237113,0.9242586722244762,-0.22456853712809577
2012-01-17,0.0027328315684147777,0.9267845155013124,-0.22244941354721748
2012-01-18,0.004207210774593268,0.9306836933006556,-0.21917809434210211
2012-01-19,0.003308591599658195,0.9337629455502491,-0.21659467354421313
2012-01-20,2.0313629696790655e-05,0.9337819136649496,-0.21657875973850904
2012-01-23,0.001870748933543948,0.9355287851841009,-0.21511317528877427
2012-01-24,0.005113845247475267,0.9403129346160909,-0.21109938553041874
2012-01-25,-0.0023663842736315875,0.9380877928753231,-0.2129662275379578
2012-01-26,0.0053039942670220185,0.9430634051506972,-0.20879180492086635
2012-01-27,0.002939447368245336,0.9458354903950559,-0.20646609007410688
2012-01-30,0.004359468930027337,0.9499588308283502,-0.20300670364886197
2012-01-31,-0.002842087159244765,0.9472589650334419,-0.2052718280624256
2012-02-01,0.003953039922730913,0.951003517539384,-0.2021302358710373
2012-02-02,0.009112229922847222,0.9596692802486393,-0.19485986313180637
2012-02-03,-0.001853107840205412,0.9578909095814062,-0.19635187463190085
2012-02-06,0.004205170330149053,0.9619190040138975,-0.192972397379223
2012-02-07,-0.0015517349233589632,0.9604263607019266,-0.1942246902943242
2012-02-08,0.005274145838063426,0.965491789394989,-0.18997491379822573
2012-02-09,-0.0022699508861486863,0.9633001704520826,-0.19181363096045212
2012-02-10,2.2444790041003037e-05,0.9633217915221548,-0.19179549138708507
2012-02-13,-0.005198316086592492,0.9583141403567201,-0.1959967938854641
2012-02-14,-0.00098521026678801,0.9573699994268325,-0.19678890609865862
2012-02-15,0.0012807828013321543,0.9585961824566098,-0.19576016714375066
2012-02-16,-0.00230010221654828,0.9563913132525667,-0.19761000096593972
2012-02-17,0.006953445974542311,0.96304152857979,-0.19203062545714333
2012-02-20,0.004013180332958349,0.9669063879021086,-0.18878809865359525
2012-02-21,-0.0030235721161681116,0.963982876708703,-0.19124085633880983
2012-02-22,-0.0035581971357456907,0.9605528355978902,-0.19411858080729327
2012-02-23,-0.007534244203912165,0.9533157959637354,-0.2001902882188864
2012-02-24,0.0093769228088339,0.9622549645949293,-0.19269053428975924
2012-02-27,0.0031569923269271815,0.9652927961347032,-0.1901418645010563
2012-02-28,0.0010400685998039026,0.96629676686158,-0.18929955648402796
2012-02-29,0.00498274830174143,0.9711115804356378,-0.1852600402258776
2012-03-01,0.001216371467204391,0.9722928128535515,-0.1842690137856171
2012-03-02,0.00467280908662195,0.9768361515443108,-0.1804572586209955
2012-03-05,-0.007566248437493197,0.9694451665390018,-0.1866581226074132
2012-03-06,-0.005124344792619171,0.9644773952481179,-0.19082596682144903
2012-03-07,-0.01556546307394934,0.9494648579667245,-0.20342113535528838
2012-03-08,0.004251047920984413,0.9535010785772319,-0.20003484042884023
2012-03-09,0.01149320768824286,0.9644598645042836,-0.19084067470653054
2012-03-12,-0.003909298190989396,0.9606895033006951,-0.19400391979312248
2012-03-13,-0.0014478547823039902,0.9592985644090319,-0.19517088507236835
2012-03-14,0.00614058683705517,0.965189220546448,-0.19022876200316496
2012-03-15,-0.006709784398573308,0.9587130089727542,-0.19566215242228957
2012-03-16,0.00586679193173685,0.9643375787186467,-0.19094326962773012
2012-03-19,0.008260339911254327,0.9723033349080588,-0.18426018602736705
2012-03-20,0.0012930938478981806,0.9735606143687192,-0.18320535789243342
2012-03-21,-0.007296857327964798,0.9664566814655449,-0.18916539186213843
2012-03-22,-0.003888837749996064,0.9626982882389258,-0.19231859609526825
2012-03-23,-0.008229039223611916,0.9547762062645035,-0.19896503804818222
2012-03-25,0.00737127843559093,0.9618141275245563,-0.19306038630699252
2012-03-26,0.008273723075691545,0.9697719112659823,-0.18638399140449113
2012-03-27,-0.005019648096595051,0.9649039975374647,-0.1904680574533968
2012-03-28,-0.004911073096889647,0.9601652834740771,-0.1944437279975102
2012-03-29,-0.0011313263109268877,0.9590790232260443,-0.1953550750029588
2012-04-01,0.006893650209128581,0.9656905785350773,-0.18980813434747879
2012-04-02,0.004091377577843379,0.9696415833152302,-0.18649333351459707
2012-04-03,-0.01016444722760876,0.9597857126119275,-0.19476217909539595
2012-04-04,-0.003654047411680357,0.95627861011299,-0.19770455627065964
2012-04-05,-0.0026815129281243313,0.9537143366570832,-0.19985592187519519
2012-04-08,-0.003300700304563099,0.9505664114556129,-0.20249695767755604
2012-04-09,0.0043129145126260095,0.9546661231267947,-0.19905739523246024
2012-04-10,-0.013416088671819827,0.9418582377669431,-0.2098029122390599
2012-04-11,0.008841239439526706,0.9501854319651314,-0.2028165905817486
2012-04-12,0.01124736596686111,0.9608725152548232,-0.19385037703331154
2012-04-15,-0.0059691008150529554,0.9551369703408537,-0.19866236540481663
2012-04-16,-0.005754765968590418,0.9496403806085936,-0.2032738759537357
2012-04-17,0.009579774298397811,0.9587377211194685,-0.19564141950773517
2012-04-18,-0.0007717531614066521,0.9579978122522348,-0.19626218578513466
2012-04-19,-0.0006677694419497209,0.9573580905877581,-0.19679889733680667
2012-04-22,0.0016159623468292622,0.9589051452145803,-0.19550095459797123
2012-04-23,-0.003240236223118266,0.9557980660285215,-0.19810772154634704
2012-04-24,0.004375694396945099,0.9599803462706534,-0.19459888599656383
2012-04-25,0.003221751891352071,0.9630731647669116,-0.19200408343422626
2012-04-26,-0.0026617664345855827,0.9605096889428849,-0.19415477984422325
2012-04-29,0.007798756026194465,0.9680004696677464,-0.18787018957735335
2012-04-30,-0.007970776241812956,0.960284754522055,-0.19434349457553834
2012-05-01,-0.0019971383031148035,0.9583669330569018,-0.19595250204167514
2012-05-02,-0.005517862476124674,0.9530787961186284,-0.20038912555968125
2012-05-03,-0.0034644044434218833,0.9497769457024239,-0.2031593010261008
2012-05-06,-0.014095846909247315,0.93638903527787,-0.21439144552989453
2012-05-07,0.005531733609377877,0.9415688899757695,-0.21004566828531746
2012-05-08,-0.008430888051814044,0.933630628071313,-0.21670568482204944
2012-05-09,-0.0035324556011958564,0.9303326193297345,-0.21947263721308463
2012-05-10,0.0005758200820848698,0.9308683235349633,-0.2190231938829752
2012-05-13,-0.0018076288702521225,0.9291856590789384,-0.2204349101047095
2012-05-14,-0.0039169386883897445,0.9255460958221952,-0.22348841876543846
2012-05-15,-0.00568243678873998,0.9202867386376204,-0.22790089674152836
2012-05-16,-0.0044354033501015026,0.9162048957540132,-0.23132546769073126
2012-05-17,-0.010403236822793288,0.9066733992452816,-0.23932217088999452
2012-05-20,-0.005351002383420437,0.9018217877249362,-0.24339255976657725
2012-05-21,0.008618671828716094,0.9095942937613234,-0.2368716085360405
2012-05-22,-0.010392372747588452,0.9001414508114762,-0.24480232323440154
2012-05-23,-0.007519837176671142,0.8933725336654014,-0.25048128679987924
2012-05-24,0.0036685198303906567,0.8966498885210793,-0.24773166253725565
2012-05-27,0.004245400881294911,0.9004565267480197,-0.244537981874421
2012-05-28,-8.735470160594392e-05,0.9003778676368165,-0.244603975033589
2012-05-29,0.00060712350371523,0.9009245082024838,-0.2441453563522188
2012-05-30,-0.012934852266984423,0.8892711827851791,-0.25392222450311697
2012-05-31,-0.0051040580054168335,0.884732291085698,-0.2577302487458054
2012-06-03,-0.009361191069042263,0.8764501430638931,-0.2646787777120665
2012-06-04,0.0100268366949372,0.8852381655196492,-0.2573058318978637
2012-06-05,0.0030305098037418563,0.8879208884589028,-0.2550550899402484
2012-06-06,0.01546382249359721,0.9016515394663884,-0.2435353940835756
2012-06-07,0.002167557410864236,0.9036059209427759,-0.24189571362096507
2012-06-10,0.008743508225819829,0.9115066067454386,-0.23526722255698063
2012-06-11,-0.012419314613181461,0.9001863194242735,-0.24476467951505765
2012-06-12,0.009120087474268967,0.9083960974005632,-0.23787686732857738
2012-06-13,-0.0022902795676535415,0.9063156163793504,-0.2396223423673708
2012-06-14,0.006633457921265301,0.9123276228839884,-0.23457840917119455
2012-06-17,0.008397050787806677,0.9199884842684641,-0.22815112519892133
2012-06-18,-0.0011035492795942114,0.9189732316394147,-0.22900289846866373
2012-06-19,0.005336520587568793,0.9238773512094831,-0.22488845656338574
2012-06-20,0.0007673468963184488,0.9245862856275127,-0.22429367712622905
2012-06-21,-0.011013377285448624,0.9144034680309453,-0.23283682352274593
2012-06-24,0.0038823094726727287,0.9179534652767266,-0.2298584586556226
2012-06-25,-0.004511359639357371,0.913812247062669,-0.23333284412183608
2012-06-26,0.003645505969300195,0.9171435550641555,-0.2305379544286159
2012-06-27,0.00028461481671514287,0.9174045877089815,-0.2303189541295464
2012-06-28,-0.0067313889539469375,0.9112291806009769,-0.23549997661978117
2012-07-01,0.02040674579647494,0.9298244028518312,-0.21989901898126185
2012-07-02,-0.0004177386193204228,0.9294359792895734,-0.2202248972880031
2012-07-03,0.004450009690073513,0.933571978403715,-0.21675489052485675
2012-07-04,-0.002668591540292522,0.9310806561198927,-0.21884505179797764
2012-07-05,-0.0007979422100773454,0.9303377075633881,-0.21946836830375882
2012-07-08,-0.00816576169850591,0.9227407915442911,-0.22584200360633633
2012-07-09,0.0014547109333313286,0.9240831126623814,-0.22471582750485652
2012-07-10,-0.0028980951084236276,0.9214050319137976,-0.22696267477280307
2012-07-11,0.003573839797782953,0.9246979858867286,-0.22419996321473445
2012-07-12,-0.007350056210881094,0.9179014037123725,-0.22990213709350982
2012-07-15,0.008810227497051409,0.9259883238989414,-0.2231173997263105
2012-07-16,-0.0006110245843681917,0.9254225222682012,-0.22359209409424563
2012-07-17,0.005118116890060295,0.9301589429098642,-0.21961834767745314
2012-07-18,0.0007659765828764015,0.9308714228784863,-0.21902059360606763
2012-07-19,0.004650171559661923,0.9352001346948579,-0.2153889053817729
2012-07-22,-0.008902249046109848,0.9268747501878488,-0.22237370875040519
2012-07-23,-0.0068318304222665235,0.9205424990718848,-0.22768631970411846
2012-07-24,-0.005855220978900673,0.9151525193193494,-0.23220838696727897
2012-07-25,0.006392184012798606,0.9210023426226148,-0.2273005216932904
2012-07-26,0.011342848271330086,0.9314491324525227,-0.2185359087515214
2012-07-29,0.0069799834658354635,0.9379506319963081,-0.21308130231546285
2012-07-30,0.0002702814615282941,0.9382041426639655,-0.21286861277974878
2012-07-31,-0.0013491360228176355,0.9369383776583408,-0.21393056008893807
2012-08-01,0.0005676521293465868,0.937470232723485,-0.2134843460975584
2012-08-02,0.0006839161045080302,0.9381113837131414,-0.2129464353754068
2012-08-05,-0.0010684960474309062,0.9371090154075941,-0.21378739899832455
2012-08-06,0.001025988900539391,0.9380704788559976,-0.2129807535962327
2012-08-07,0.0008087268568757813,0.9388291216458907,-0.21234426999478784
2012-08-08,0.0003722611916008653,0.9391786112934242,-0.21205105633416488
2012-08-09,0.005410773769532069,0.9442602942883163,-0.20778764285804718
2012-08-12,-0.0005357383071209841,0.9437544178767727,-0.2082120613651427
2012-08-13,-0.0035385297782161546,0.9404149147657928,-0.21101382656403456
2012-08-14,-0.00020129648021843121,0.9402256125535056,-0.21117264670368818
2012-08-15,0.004022281322440624,0.9440074644737598,-0.20799976117389407
2012-08-16,0.0021369180508239017,0.9460247310647063,-0.2063073215672897
2012-08-19,-0.00289573033365935,0.9432852985545703,-0.2086056415318307
2012-08-20,-0.0001716072380939794,0.9431234239697508,-0.2087414505319305
2012-08-21,-0.00414980726921603,0.9392096435291932,-0.21202502101234244
2012-08-22,-0.000323566205763065,0.9389057470284204,-0.21227998308652962
2012-08-23,-0.005526325214111327,0.9337170485249432,-0.21663318007765875
2012-08-26,0.001126672209032579,0.9347690415746162,-0.21575058245217404
2012-08-27,-0.001184397471752724,0.9336619034851025,-0.2166794454795412
2012-08-28,-0.00368703759737578,0.9302194569437154,-0.21956757781485547
2012-08-29,-0.00021169141287107396,0.9300225374725949,-0.21973278865695822
2012-08-30,-0.004336793040585007,0.9259892222044965,-0.22311664606890735
2012-09-02,0.0003714317313359164,0.9263331639844984,-0.22282808693971068
2012-09-03,-0.0023698733943454202,0.9241378716648717,-0.22466988597930482
2012-09-04,0.0006842761256177352,0.9247702371472313,-0.22413934609280783
2012-09-05,-0.0033345382028191297,0.9216865554626337,-0.22672648308332566
2012-09-06,0.009063648932758484,0.9300403988273904,-0.21971780339699343
2012-09-09,-0.00024877273221229234,0.9298090301363063,-0.21991191633093898
2012-09-10,0.0009181927145447261,0.9306627740136953,-0.2191956451358109
2012-09-11,0.001477379436797621,0.9320377160586163,-0.21804210083777242
2012-09-12,0.0006656981831444284,0.9326581718728185,-0.21752155288500474
2012-09-13,0.004187284796469863,0.936563477256205,-0.21424509277983472
2012-09-16,-0.0014309878158256918,0.935223266331504,-0.21536949847829212
2012-09-17,-0.0017412944919854554,0.9335947672090643,-0.2167357712488357
2012-09-18,0.0026427743126453693,0.9360620474782646,-0.21466578066507802
2012-09-19,-0.0015382540065180185,0.9346221462833817,-0.2158738241744257
2012-09-20,0.0017316568676301713,0.9362405911416326,-0.2145159866969687
2012-09-23,-0.0013821642797394115,0.9349465528393146,-0.2156016546424625
2012-09-24,-0.002732577693562243,0.932391738744353,-0.21774508406385362
2012-09-25,-0.003775720740225131,0.9288712879183614,-0.22069866017409678
2012-09-26,0.0028355982204531015,0.9315051936894126,-0.21848887468168976
2012-09-27,0.0059773876136056,0.937073161296181,-0.21381747976131704
2012-09-30,-0.0008199886515059426,0.9363047719382874,-0.21446214050592505
2012-10-01,-0.002710783688227847,0.9337666522353072,-0.21659156372192712
2012-10-02,-0.0073265492305745455,0.9269253648878365,-0.22233124419796568
2012-10-03,-0.0039032889280981413,0.9233073073738965,-0.22536671004221565
2012-10-04,0.00029454773356820925,0.9235792654486705,-0.225138543562312
2012-10-07,-0.004480609364210795,0.9194410675433102,-0.2286103950599928
2012-10-08,0.002156961810450316,0.9214242668129607,-0.22694653714115887
2012-10-09,0.001216469115732108,0.9225451509760249,-0.2260061414787814
2012-10-10,-0.0002751383500558541,0.9222913234253333,-0.22621909687196828
2012-10-11,0.0012556965319655035,0.9234494414416202,-0.2252474628754093
2012-10-14,-0.0026710355896833685,0.9209828751182564,-0.22731685447526662
2012-10-15,0.0027318971789554052,0.9234989056366582,-0.2252059635697813
2012-10-16,-0.006827857351741771,0.9171933868444815,-0.23049614672750696
2012-10-17,0.00915568063201939,0.9255909165722298,-0.22345081520183563
2012-10-18,-0.0021912521147474814,0.9235627135188998,-0.22515243024523013
2012-10-21,-0.007708215249582713,0.9164436933266075,-0.23112512209851588
2012-10-22,0.0020116223696231353,0.9182872319606034,-0.22957843619468798
2012-10-23,0.0006870548941910854,0.9189181456975951,-0.22904911428868513
2012-10-24,0.010226316640132627,0.9283152936218623,-0.2211651264174106
2012-10-25,0.005963959031190862,0.933851728001051,-0.2165201871393012
2012-10-29,-0.0039647345318953794,0.930149253807375,-0.21962647660839307
2012-10-30,-0.0021738655066426207,0.9281272344284938,-0.2213229036931912
2012-10-31,0.00016015232080183095,0.9282758761590869,-0.22119819674906238
2012-11-01,0.0023159655105530674,0.9304257310725499,-0.2193945186331766
2012-11-02,0.008771332789849984,0.9385868047960267,-0.21254756817852716
2012-11-05,0.0025452098499258325,0.9409757051766041,-0.21054333649270696
2012-11-06,0.0016002266682296274,0.9424814795941838,-0.20928002688635106
2012-11-07,0.005315505483911125,0.9474912450674514,-0.20507695053302744
2012-11-08,-0.006354430715334281,0.9414704775972845,-0.21012823397488745
2012-11-09,-0.006842479858479148,0.9350284848169723,-0.21553291562469568
2012-11-12,-0.00014215863697805952,0.9348955624420351,-0.21564443439616465
2012-11-13,0.004024890509937636,0.9386584147190908,-0.21248748912374904
2012-11-14,-0.0019269376363596716,0.9368496784920829,-0.21400497662006057
2012-11-15,-0.005592411659327293,0.9316104294270467,-0.21840058435298382
2012-11-16,0.0027477910831754117,0.9341703002580196,-0.21625291244805378
2012-11-19,0.007839690634284384,0.941493906411779,-0.21010857774612512
2012-11-20,0.003454605137589052,0.9447463960978778,-0.20737981478066947
2012-11-21,-0.0006280607009088864,0.9441530380141634,-0.20787762836975288
2012-11-22,0.0016428443396683337,0.9457041344884456,-0.20657629461519555
2012-11-23,-0.0035413441151064015,0.9423550707171431,-0.20938608098504596
2012-11-26,0.006485520865525587,0.948466734191013,-0.20425853791669946
2012-11-27,-0.0008148108691012333,0.9476939131870132,-0.2049069167089994
2012-11-28,-0.0021042148188889324,0.9456997616111144,-0.20657996335725637
2012-11-29,0.003156066950615188,0.9486844533739399,-0.20407587660165227
2012-11-30,-0.0034992511124397677,0.9453647682451168,-0.20686101497587162
2012-12-03,-0.0020349753335145585,0.9434409742605643,-0.20847503324644456
2012-12-04,0.0015722574365568608,0.9449243063482979,-0.20723055223124576
2012-12-05,-0.0012995293400336408,0.9436963494880874,-0.20826077938850351
2012-12-06,0.005907758435708495,0.9492714795575231,-0.20358337532905457
2012-12-07,0.007855268365239938,0.9567282617809159,-0.19732730901172568
2012-12-10,0.007195469312056892,0.9636123706285379,-0.19155170229609353
2012-12-11,-0.0013446547235459359,0.962316644702705,-0.19263878611834373
2012-12-12,0.003561157373582291,0.965743605717709,-0.18976364577838467
2012-12-13,0.0028867773998921126,0.9685314925327853,-0.18742467378244676
2012-12-14,0.00012690920217543758,0.9686544080917844,-0.187321550496089
2012-12-17,-0.0023954995216438468,0.9663339969205623,-0.18926832133312588
2012-12-18,0.0020229159402353025,0.9682888093665243,-0.1876282792970969
2012-12-19,-0.005094359842396098,0.9633559977402459,-0.19176679316814393
2012-12-20,-0.005103020583136862,0.9584399722548892,-0.1958912238585816
2012-12-21,0.0002334207898253874,0.9586636920702131,-0.19570352815294922
2012-12-24,-0.010970933389432287,0.9481462565616435,-0.20452741117093853
2012-12-25,0.0004685866685897952,0.9485905452573417,-0.20415466332058463
2012-12-26,0.0018303431182046565,0.9503267914338475,-0.20269799328543825
2012-12-27,-0.0024019278876179963,0.948044175011152,-0.20461305521021966
2012-12-28,0.0035070703293659713,0.9513690326082619,-0.20182357725578237
2012-12-31,0.0012686759709632034,0.9525760116394505,-0.20081095000765736
2013-01-01,0.012350381561638257,0.9643406888496614,-0.19094066030036871
2013-01-02,-0.001930833975369179,0.9624787070837996,-0.19250281956155046
2013-01-03,0.01630591980352444,0.978172807694108,-0.17933583529574892
2013-01-04,0.0011221181632565642,0.9792704331684252,-0.17841495313060052
2013-01-07,0.004714796545651554,0.9838874940239863,-0.1745413467896617
2013-01-08,-0.0027872835815104706,0.9811451205658398,-0.17684213414097072
2013-01-09,0.001165314176853493,0.9822884628843858,-0.1758828966100967
2013-01-10,0.004839498378305397,0.9870422463075428,-0.17189458322470763
2013-01-11,0.00442002459285372,0.9914049973104077,-0.16823433691708545
2013-01-14,-0.008377204989253102,0.9830997944205685,-0.17520220837975298
2013-01-15,0.006038425651622881,0.9890361694373028,-0.17022172823743142
2013-01-16,0.0032536568489650347,0.9922541537438665,-0.1675219144803889
2013-01-17,-0.0045862119036544505,0.9877034659325158,-0.1713398353857304
2013-01-18,0.001760498691898356,0.9894423165922736,-0.16988098024989862
2013-01-21,-0.005751937087476129,0.9837511066355482,-0.17465577262661858
2013-01-22,-0.001129439723977411,0.9826400190572073,-0.1755879491829695
2013-01-23,-0.002354644910342627,0.9803262507376352,-0.1775291468224509
2013-01-24,-0.003200110154823012,0.9771890987476102,-0.18016114415175033
2013-01-25,-0.001584637530015086,0.9756406082278132,-0.18146029157129206
2013-01-28,-0.005485053710297628,0.9702891670897362,-0.18595002583603482
2013-01-29,-0.004827572477709614,0.965605025811274,-0.18987991108678903
2013-01-30,0.005745354004092985,0.9711527685126912,-0.1852254843901553
2013-01-31,-0.008592445107935543,0.9628081916578263,-0.19222638969087757
2013-02-01,0.008059796502606329,0.9705682297536308,-0.18571589877161043
2013-02-04,0.0029522555087314103,0.9734335951565206,-0.1833119240480865
2013-02-05,0.0007639038380376401,0.9741772048159354,-0.18268805289238732
2013-02-06,0.0018487081331800205,0.9759781741376371,-0.1811770816484244
2013-02-07,-0.0046808820560733586,0.971409735415197,-0.18500989515403787
2013-02-08,0.005904873044208724,0.977145786576732,-0.1801974820526362
2013-02-11,-0.0022863201355805855,0.9749117184894839,-0.18207181305661901
2013-02-12,0.001340486342920588,0.9762185743336722,-0.1809753914925316
2013-02-13,0.0004207377165758497,0.9766293063075163,-0.1806307969489287
2013-02-14,-0.002531894287434469,0.9741565841459352,-0.1827053531534335
2013-02-15,0.00796316311148924,0.9819139519216203,-0.1761971025704474
2013-02-18,-0.0034485428841711176,0.9785277795498527,-0.1790380221903376
2013-02-19,-0.0008751976596868005,0.9776713743272522,-0.17975652619200855
2013-02-20,-0.002292432858902941,0.9754301283435356,-0.18163687928366656
2013-02-21,-0.011079197071250654,0.9646231457223823,-0.19070368557392647
2013-02-22,0.0043727470808342,0.9688411987669449,-0.18716483747749013
2013-02-25,-0.0005126583062800122,0.9683445142789308,-0.18758154417519368
2013-02-26,-0.005942436852146799,0.9625901881517055,-0.1924092895464512
2013-02-27,-0.00728033774675722,0.9555822064702465,-0.1982888226796966
2013-02-28,-0.0013437906049715742,0.9542981040789138,-0.19936615462768026
2013-03-01,0.0037391604601003277,0.9578663778168343,-0.19637245621004618
2013-03-04,0.004762569650827646,0.9624282831573728,-0.19254512405942303
2013-03-05,0.003189324125840021,0.9654977789002375,-0.18996988874305853
2013-03-06,0.0048546563929185195,0.9701849388649242,-0.18603747088498856
2013-03-07,-0.0013991892802527966,0.9688274664986016,-0.18717635853025372
2013-03-08,0.0014074206774028321,0.9701910143077875,-0.18603237373016734
2013-03-11,0.005430004284575268,0.9754591556723352,-0.1816125260320166
2013-03-12,0.004501495920515435,0.9798501810822237,-0.17792855815654884
2013-03-13,-0.0018036613678883689,0.9780828631642873,-0.17941129665784616
2013-03-14,0.0009475060839818359,0.9790096026277738,-0.17863378386898265
2013-03-15,0.0076307877737395256,0.9864802171338795,-0.17236611258916734
2013-03-18,-0.0018025479036389218,0.9847020392865036,-0.17385796231790018
2013-03-19,0.004820366223994371,0.9894486637373785,-0.16987565514323566
2013-03-20,-0.005788293792949275,0.9837214441786254,-0.17468065873594618
2013-03-21,0.005549237290764756,0.9891803479003864,-0.1701007658706143
2013-03-22,0.006062422637935036,0.9951771772344983,-0.1650695659664233
2013-03-25,-0.0029012705143663256,0.9922898990336175,-0.167491925016232
2013-03-26,0.004791132000811868,0.9970440909229599,-0.16350326893724298
2013-03-27,0.007148178187675472,1.0041711397458462,-0.15752384125019825
2013-03-28,0.001540083281998843,1.0057176469304345,-0.15622635780262506
2013-03-29,-0.003113751148873415,1.0025860924518626,-0.15885365895040626
2013-03-31,0.0005707365066049165,1.0031583049358392,-0.15837358602617202
2013-04-01,-0.005786962556601729,0.9973530653868314,-0.16324404657048563
2013-04-02,0.003116428367438252,1.0004612447721546,-0.16063635658059494
2013-04-03,-0.003600398700306861,0.9968591854067695,-0.16365840035144696
2013-04-04,0.013339963328327466,1.0101572503836023,-0.15250163408218054
2013-04-07,0.006869640926256015,1.0170966679727917,-0.14667962462273632
2013-04-08,0.0019822020686784555,1.0191127590920932,-0.1449881712094182
2013-04-09,0.0035429837354372415,1.022723459022133,-0.14195887820640674
2013-04-10,0.009890260118287891,1.032838460060937,-0.13347262831968065
2013-04-11,0.0032101941655049556,1.0361540720593339,-0.13069090720686205
2013-04-14,-0.012684270539691154,1.0230112134885307,-0.14171745892246357
2013-04-15,-0.02358814392539804,0.9988802777474672,-0.16196275103005686
2013-04-16,0.0032684543279283876,1.0021450723143532,-0.1592236645566958
2013-04-17,0.0006872606282915264,1.0028338071663911,-0.1586458320841465
2013-04-18,-0.0004863643060115375,1.0023460645977238,-0.15905503672013477
2013-04-21,0.0041738352447517856,1.00652969192958,-0.1555450709935008
2013-04-22,0.00042728373642589426,1.0069597656971714,-0.15518424913619155
2013-04-23,0.006815146702853305,1.0138223442242682,-0.14942670585717366
2013-04-24,0.004834055563486084,1.0187232177677519,-0.14531498729247005
2013-04-25,0.007708145988010568,1.0265756850516816,-0.13872695044075567
2013-04-28,-0.006429339140014159,1.0199754818195919,-0.1442643669685264
2013-04-29,0.0033184980744388483,1.0233602684919851,-0.1414246099180826
2013-04-30,-0.0032154089413632767,1.0200697467344402,-0.14418528090418647
2013-05-01,-0.001368389745474309,1.0186738937533402,-0.14535636898982318
2013-05-02,0.0009784768796569576,1.019670642606288,-0.14452011995653358
2013-05-05,0.009332616933508517,1.029186838112077,-0.13653625394176405
2013-05-06,0.00017932870415314007,1.029371400854087,-0.13638141010710025
2013-05-07,-0.007914995354042146,1.0212239309987432,-0.14321694723376688
2013-05-08,-0.0018116399438306834,1.01937384093375,-0.14476912963535538
2013-05-09,0.0068408999166548155,1.0263472753572338,-0.1389185808455573
2013-05-12,-0.0038284973721865842,1.0224179075105777,-0.14221522879602888
2013-05-13,-0.0040726267320014345,1.018253981009173,-0.1457086659855379
2013-05-14,-0.0025822684266869605,1.0156245759036648,-0.14791467552455573
2013-05-15,0.005165083730860413,1.0208703618773267,-0.14351358347780285
2013-05-16,-0.00849041958613025,1.0122027441619434,-0.1507855125238975
2013-05-19,-0.005903547539158311,1.006227157142517,-0.15579889062165464
2013-05-20,0.004143562193404791,1.0103965219488298,-0.15230089082120424
2013-05-21,-0.0024545333954659938,1.0079164699430436,-0.15438159659399042
2013-05-22,-0.0110274938599766,0.9968016772593774,-0.16370664834543336
2013-05-23,-0.0024855497163030343,0.994324077133255,-0.16578529704838452
2013-05-26,-0.01084846131019866,0.9835371908526759,-0.174835242977754
2013-05-27,-0.00213449279121225,0.9814378378089117,-0.1765965512031803
2013-05-28,0.006770947024147036,0.9880831014162093,-0.17102133007187714
2013-05-29,-0.005681421952095752,0.9824693843933283,-0.17573110768502587
2013-05-30,-0.0005092331602785667,0.9819690784038367,-0.1761508527379788
2013-06-02,-0.010214274022016733,0.9719389771558727,-0.18456587368091792
2013-06-03,0.007991318497481569,0.9797060510824418,-0.1780494798637865
2013-06-04,-0.008924383876922548,0.9709627781960383,-0.18538488183331814
2013-06-05,-0.01434341417233452,0.9570358569224519,-0.19706924386422808
2013-06-06,-0.003884171826993477,0.953318565209571,-0.20018796488623736
2013-06-09,-0.005847851024110939,0.9477437002617063,-0.20486514651487353
2013-06-10,0.003571638400232219,0.9511286980551392,-0.202025212338803
2013-06-11,-0.014218135770574703,0.9376054210909013,-0.21337092621126552
2013-06-12,0.0038624949900017487,0.9412269173324633,-0.2103325753547668
2013-06-13,0.014370824453916606,0.9547531241327493,-0.19898440341821366
2013-06-16,-0.009095525211307883,0.9460691430216249,-0.2062700609715742
2013-06-17,-0.003104087766109868,0.9431324613688775,-0.20873386836490737
2013-06-18,-0.0034522785363274976,0.9398765054155801,-0.211465539447674
2013-06-19,-0.009281697199232017,0.9311528562876403,-0.2187844775416805
2013-06-20,-0.007319676585098541,0.924337118528324,-0.22450272250933423
2013-06-23,0.006762174422452848,0.93058764734896,-0.21925867465480497
2013-06-24,-0.0036855921798920797,0.9271578807931866,-0.22213616877801567
2013-06-25,0.0037398435695839235,0.9306253062316601,-0.21922707973080824
2013-06-26,0.004169651617194964,0.9345056895447914,-0.21597152866114588
2013-06-27,0.0018035094173540311,0.9361910793564564,-0.21455752592961252
2013-06-30,-0.007190495977847806,0.9294594011658468,-0.22020524688024645
2013-07-01,0.009178616127842295,0.9379905522155622,-0.2130478101828548
2013-07-02,-0.0018797743612739245,0.9362273416243901,-0.2145271027328215
2013-07-03,-0.0018285887246312757,0.9345153668638042,-0.2159634096162677
2013-07-04,0.005585815797346867,0.9397353975628956,-0.2115839256440042
2013-07-07,-0.0035319510242678024,0.9364162981629326,-0.21436857260537512
2013-07-08,0.006157667862827465,0.9421824387083584,-0.20953091521287992
2013-07-09,0.009017247327181198,0.9506783307855184,-0.20240305997086383
2013-07-10,-0.0064198016058317296,0.9445751645109121,-0.20752347408726945
2013-07-11,-0.006094624033610224,0.9388183340117324,-0.21235332056816913
2013-07-14,-0.007378056021718318,0.9318916797491775,-0.21816462189433772
2013-07-15,0.0024720142257281803,0.9341953292383552,-0.21623191371748285
2013-07-16,0.004817435927646134,0.9386957553808672,-0.21245616117968313
2013-07-17,0.004571147808230318,0.9429866724256717,-0.2088561818869742
2013-07-18,0.004058599906282772,0.9468138780460044,-0.20564524566092457
2013-07-21,0.0026222593163444277,0.9492966695585547,-0.20356224150587643
2013-07-22,-0.0007320087400678073,0.9486017760995206,-0.20414524090601416
2013-07-23,0.003730717576077113,0.952140741418313,-0.20117613156825764
2013-07-24,-0.0010396517563252407,0.9511508466242286,-0.20200663020606724
2013-07-25,-0.0019195849600806482,0.9493250317642807,-0.2035384462769677
2013-07-28,-0.003587641860741547,0.9459191935408734,-0.2063958650875758
2013-07-29,-0.00408905896754633,0.9420512741799509,-0.20964095919212122
2013-07-30,-0.006093777473332281,0.9363106233466292,-0.21445723131084082
2013-07-31,-0.016371040065311298,0.9209822446182448,-0.2273173834500667
2013-08-01,0.006296943771408275,0.9267816180270713,-0.22245184446050714
2013-08-04,-0.011847888067747074,0.915801213153441,-0.2316641479746222
2013-08-05,0.0036975399155191563,0.9191874246937568,-0.22882319549323393
2013-08-06,0.00015635505005040504,0.9193311442895504,-0.22870261810536763
2013-08-07,-0.00045164501735380126,0.9189159329589338,-0.2290509707247984
2013-08-08,0.009628779565226205,0.9277639719163695,-0.22162767246588244
2013-08-11,0.005294040037837176,0.9326755915293576,-0.21750693819957223
2013-08-12,-0.00032290226553837755,0.9323744284678405,-0.2177596069819957
2013-08-13,0.004876106219642212,0.936920785217528,-0.21394531973634512
2013-08-14,0.006445404649298041,0.942959618802593,-0.20887887924557125
2013-08-15,-0.0011621010128549634,0.9418638044745012,-0.20979824190129093
2013-08-18,0.00393472630645718,0.9455697807630669,-0.20668901425629127
2013-08-19,-0.0073588434821865185,0.938611480744946,-0.2125268656330782
2013-08-20,-0.01191070108098842,0.927431959966609,-0.22190622274583183
2013-08-21,-0.008336283595774627,0.9197006241325422,-0.2283926331371301
2013-08-22,0.003863713406647173,0.9232540837641049,-0.22541136340911427
2013-08-25,-0.0036838059643053513,0.9198529948637654,-0.22826479764847096
2013-08-26,0.0010663113973457478,0.9208338445960712,-0.22744188760647055
2013-08-27,-0.009660103566047672,0.9119384942901514,-0.2349048789829823
2013-08-28,0.003918604749984503,0.9155120208055704,-0.23190677360757517
2013-08-29,0.002759182954028215,0.918038085967585,-0.22978746387020865
2013-09-01,0.0027738063625035916,0.9205845458514624,-0.22765104343701192
2013-09-02,0.010850529334315344,0.9305733754709411,-0.21927064842749733
2013-09-03,0.0036273444918011213,0.9339488856786724,-0.21643867411448336
2013-09-04,0.011664730991931018,0.9448431481903279,-0.20729864203234794
2013-09-05,0.0026384868972393447,0.9473361044567744,-0.2052071098859265
2013-09-08,0.005654253046050946,0.9526925825110333,-0.20071314976601928
2013-09-09,0.0020698615248760347,0.9546645242326076,-0.1990587366673806
2013-09-10,0.010589659004606981,0.9647740960080263,-0.19057704180596902
2013-09-11,0.004534167224345821,0.9691485430930437,-0.18690698275829276
2013-09-12,-0.0048171520278668875,0.9644800072233787,-0.19082377543514306
2013-09-15,0.0030389839425183124,0.9674110464782104,-0.18836470188202292
2013-09-16,-0.0002168136757829234,0.9672012985332304,-0.18854067551440312
2013-09-17,0.0038865971729932164,0.970960420365825,-0.18538685999785842
2013-09-18,0.007835796572472195,0.9785686686997337,-0.17900371714753882
2013-09-19,-0.002471660706368679,0.976149978972825,-0.18103294139994008
2013-09-22,-0.004972556759358641,0.9712960177967359,-0.18510530158287386
2013-09-23,0.000119459161255038,0.9714120480043522,-0.18500795494568978
2013-09-24,-0.0059090232436931995,0.9656719516334908,-0.18982376188334082
2013-09-25,-0.0033272570834043847,0.9624589127921733,-0.19251942651042042
2013-09-26,0.0036566866913166343,0.9659783234895195,-0.18956672304384437
2013-09-29,-0.0063710465901363695,0.959824030585506,-0.19473003120952892
2013-09-30,0.003655457103129005,0.9633326261558638,-0.19178640138217717
2013-10-01,-0.00048970397926319,0.9628608783354812,-0.19218218679751498
2013-10-02,-0.0021246493487110424,0.9608151365974263,-0.19389851638821287
2013-10-03,-0.0045829466661484845,0.9564117720703722,-0.19759283649510884
2013-10-06,0.005071044548843688,0.9612617787735797,-0.19352379402266418
2013-10-08,-0.002045287752195935,0.9592957218308,-0.19517326992918704
2013-10-09,0.0008320408163472021,0.9600938950263105,-0.1945036212396809
2013-10-10,-0.0008205545862139726,0.9593060855775506,-0.19516457498745143
2013-10-13,0.0057738421287958095,0.9648449674688685,-0.19051758230376659
2013-10-14,0.007516379126917457,0.9720971080430629,-0.1844332055557879
2013-10-15,0.004115255077969205,0.9760975356032164,-0.18107694016352827
2013-10-16,0.0044010817937946,0.9803934206961274,-0.17747279279436345
2013-10-17,-0.00208381785534463,0.9783504593808184,-0.17918678967524526
2013-10-20,0.003170615279531383,0.9814524322960678,-0.17658430676894843
2013-10-21,-0.002152871050987852,0.979339491766656,-0.1783570145778346
2013-10-22,0.001421625575721706,0.9807317458354659,-0.17718894589564604
2013-10-23,-0.016785726213765343,0.9642694512607236,-0.19100042697550146
2013-10-24,-0.0020590763358487823,0.9622839468522507,-0.19266621885202806
2013-10-28,-0.007231989512960897,0.9553247194401246,-0.19850484829074921
2013-10-29,-0.0009060361513542144,0.9544591607080296,-0.1992310318733329
2013-10-30,-0.0027598515122616452,0.9518249951499576,-0.20144103532098945
2013-10-31,-0.0005053076685334731,0.9513440306808064,-0.20184455328961792
2013-11-01,0.011406540848252184,0.962195575227508,-0.1927403605834609
2013-11-04,0.004220496494590864,0.9662565182798666,-0.18933332410507875
2013-11-05,0.0024006057558258478,0.9685761192392536,-0.1873872330168691
2013-11-06,0.00644669150059096,0.9748202306748287,-0.18214856919868716
2013-11-07,0.002788829126529028,0.9775388377272644,-0.17986772130729511
2013-11-08,-0.0034781870561868093,0.9741387747949615,-0.182720294783405
2013-11-11,-0.0034682645502954815,0.9707602038152718,-0.18555483701268372
2013-11-12,-0.001407211947641562,0.969394138458168,-0.18670093397673837
2013-11-13,-0.00853604299380115,0.9611193484143502,-0.1936432897711312
2013-11-14,0.007887341774941603,0.9687000252018034,-0.1872832788050386
2013-11-15,0.0038865056582814694,0.9724648833309277,-0.18412465066953432
2013-11-18,0.007181376477337085,0.979448519769117,-0.17826554262741323
2013-11-19,-0.004545516173683247,0.9749964206812163,-0.18200074989387316
2013-11-20,0.007390650983783059,0.9822022789369089,-0.17595520293134248
2013-11-21,-0.007276303052766799,0.9750554774962458,-0.18195120260386977
2013-11-22,-0.004984840370102892,0.9701949815889325,-0.18602904527384412
2013-11-25,-0.010226862307117304,0.9602729311011662,-0.19435341414982144
2013-11-26,0.005159453739788828,0.965227414866754,-0.19019671785950865
2013-11-27,-0.008268000590944981,0.9572469140302393,-0.19689217187479546
2013-11-28,0.000738403892849085,0.957953748877977,-0.19629915392813024
2013-11-29,-0.001785361780926857,0.9562434548668347,-0.19773405070200556
2013-12-02,0.005623615847055204,0.9616210007132667,-0.1932224151959805
2013-12-03,0.004436259237876017,0.9658870007610164,-0.18964334068248245
2013-12-04,-0.0018583665900516395,0.9640920286290369,-0.1911492804241841
2013-12-05,-0.008652205268559409,0.9557505064995566,-0.19814762288157595
2013-12-06,-0.005759501388463203,0.9502458601303481,-0.20276589276093204
2013-12-09,0.007861305585262744,0.9577160332179636,-0.19649859182093155
2013-12-10,0.0005255542779186937,0.9582193649762527,-0.19607630821854927
2013-12-11,0.0022046511709255673,0.960331904421251,-0.1943039369101286
2013-12-12,-0.009879395590068698,0.9508444056397095,-0.2022637270427543
2013-12-13,-0.004782082948366439,0.9462973888209502,-0.2060785680709567
2013-12-16,0.005383610315833946,0.9513918852052534,-0.20180440446006176
2013-12-17,-0.004898265732850358,0.9467317149354406,-0.20571417859380714
2013-12-18,-0.002337848448744469,0.9445183996643015,-0.20757109846924138
2013-12-19,0.003473802980096347,0.9477994704958111,-0.20481835658958936
2013-12-20,0.004700288949195339,0.9522544018730359,-0.2010807730984644
2013-12-23,0.0008107500610260982,0.9530264421874669,-0.20043304928649897
2013-12-24,0.0010612382410946307,0.9540378302926906,-0.19958451826208634
2013-12-25,0.0006995625427237796,0.9547052394231048,-0.1990245775724463
2013-12-26,0.0003813892768190522,0.9550693537639436,-0.19871909413533695
2013-12-27,-0.0008110683439299438,0.9542947272448481,-0.1993689877126793
2013-12-30,-0.004567070906942004,0.9499363955594,-0.20302552631609216
2013-12-31,0.00395240651104724,0.9536909303542898,-0.1998755592171655
2014-01-01,0.009367619659546213,0.9626247442626076,-0.19238029777560472
2014-01-02,-0.003678479366668017,0.9590837490029935,-0.19535111018635165
2014-01-03,4.403472935540423e-05,0.9591259819963099,-0.1953156776902627
2014-01-06,0.013127972496463074,0.9717173615086006,-0.18475180403864555
2014-01-07,-0.004336460422743372,0.9675035476283259,-0.1882870955751449
2014-01-08,-0.0024231308298097703,0.9651591599541175,-0.19025398213881106
2014-01-09,9.298656698661866e-05,0.9652489067909973,-0.19017868663647908
2014-01-10,-0.0038080241520596463,0.961573215641188,-0.19326250575662007
2014-01-13,-0.0012030077825696808,0.9604164355792612,-0.19423301724068553
2014-01-14,-0.0008812618551158765,0.9595700572095588,-0.1949431089467032
2014-01-15,0.00029087143473813254,0.959849168728831,-0.1947089408937568
2014-01-16,0.00045635445092787877,0.9602872001691999,-0.19434144273464116
2014-01-17,-0.006618204720386477,0.9539318228881134,-0.19967345600135444
2014-01-20,-0.0008622543995468195,0.9531092909769604,-0.20036354108499144
2014-01-21,0.0045343190500034426,0.9574309925917724,-0.19673773425625585
2014-01-22,0.0001816708696739942,0.9576049299128494,-0.1965918049018619
2014-01-23,0.0017729418726851152,0.9593027077905816,-0.19516740887191397
2014-01-24,-0.02000857015781268,0.9401084322591741,-0.21127095823679454
2014-01-27,-0.00960947125753638,0.9310744873004119,-0.21885022729360226
2014-01-28,0.0005079511610702148,0.9315474276672789,-0.21845344135958633
2014-01-29,0.008461874688963252,0.9394300652670255,-0.2118400923167807
2014-01-30,-0.012616871975352434,0.9275773964037545,-0.22178420496812545
2014-01-31,0.008403439497996303,0.9353722369341424,-0.21524451561819002
2014-02-03,-0.0019654361114190043,0.9335338225620533,-0.2167869023858281
2014-02-04,-0.009748873693752266,0.9244329192370502,-0.22442234794976101
2014-02-05,0.022530623295087263,0.945260969101958,-0.20694810003532882
2014-02-06,0.0006082602436184722,0.9458359337693069,-0.20646571809345438
2014-02-07,-0.0013114047944233962,0.9445955599910238,-0.2075063627552859
2014-02-10,0.005087954075229396,0.9494016188199237,-0.20347419152407342
2014-02-11,-0.004562264434606883,0.9450701975802234,-0.20710815289132956
2014-02-12,0.010586570001384162,0.9550752493831283,-0.19871414784838692
2014-02-13,0.00920456237115658,0.9638662990852231,-0.19133866224513207
2014-02-14,-0.005534705487885387,0.9585315829900884,-0.19581436458904466
2014-02-17,0.007339468355649016,0.9655666952113343,-0.18991206956587847
2014-02-18,-0.002290988301780275,0.9633545932080164,-0.19176797153791658
2014-02-19,-0.009001100717165455,0.9546833414882071,-0.19904294942894263
2014-02-20,-0.00619767746507082,0.9487665220563871,-0.20400702289175654
2014-02-21,0.0012254453824227338,0.9499291836098384,-0.20303157697351837
2014-02-24,-0.005671598222356158,0.9445415669407126,-0.2075516616648293
2014-02-25,0.009757408212028201,0.9537578445825818,-0.19981941974074968
2014-02-26,-0.00319383763308795,0.9507116968857011,-0.20237506659124782
2014-02-27,-0.0016496892751189315,0.9491433179956187,-0.20369089988945965
2014-02-28,-0.000827916841872299,0.9483575062572995,-0.20435017760477736
2014-03-03,0.000307033803412915,0.948648684069441,-0.20410588621362247
2014-03-04,0.0017298736598232206,0.9502897264404387,-0.20272908995017502
2014-03-05,0.0007385887525475699,0.9509915997440491,-0.2021402346232789
2014-03-06,0.00512881044397012,0.9558690553929443,-0.1980481631257911
2014-03-07,0.0012717779871327301,0.9570847086161745,-0.19702825843291383
2014-03-10,-0.008360545691653553,0.949082958179006,-0.20374154036739212
2014-03-11,-0.004850997977446461,0.9444789586684508,-0.2076041885445945
2014-03-12,-0.0014039778864476022,0.9431529310962652,-0.2087166947411916
2014-03-13,0.0018530203979287693,0.9449006127159529,-0.20725043063600646
2014-03-14,0.009168233756046506,0.9535636824095645,-0.19998231727407212
2014-03-17,-0.0026843502347495326,0.9510039835148397,-0.20212984492850117
2014-03-18,0.0045574773731963895,0.9553381626515283,-0.1984935697500141
2014-03-19,0.0030885650118693303,0.9582887866751972,-0.19601806503275576
2014-03-20,-0.01095766664558058,0.9477881776006125,-0.20482783106519575
2014-03-21,0.0015131596613906708,0.9492223324385007,-0.20362460861530307
2014-03-24,0.0029318608620178105,0.9520053202443305,-0.20128974677382816
2014-03-25,0.0014099463462859854,0.9533475966672538,-0.2001636081705508
2014-03-26,0.005847326166583759,0.9589221310150958,-0.19548670390762057
2014-03-27,0.010370497225427771,0.9688666303141891,-0.18714350100267485
2014-03-28,0.008725936293122925,0.9773208988068434,-0.1800505669769733
2014-03-30,-0.0026934634279268763,0.9746885207085585,-0.1822590707875702
2014-03-31,-0.0017281443522497093,0.9730041182462934,-0.183672245155992
2014-04-01,-0.0004981595029951051,0.9725194069983356,-0.18407890658462622
2014-04-02,-0.001194055157279842,0.9713581651848545,-0.1850531613741523
2014-04-03,0.000978410333537539,0.9723085520512375,-0.18425580896595706
2014-04-06,0.00532717166750968,0.9774882066218021,-0.17991019962354493
2014-04-07,-0.002890682189441998,0.9746625988725309,-0.18228081860323608
2014-04-08,0.0028386902353999656,0.97742936407476,-0.17995956714770578
2014-04-09,0.00365564714322464,0.9810025009372438,-0.17696178868202062
2014-04-10,-0.009048423220174195,0.9721259751287143,-0.18440898674440076
2014-04-13,-0.0005050462822814716,0.9716350065190664,-0.18482089795350765
2014-04-14,0.005366337126614906,0.9768491275280683,-0.180446372073355
2014-04-15,-0.00701433118325206,0.9699971842315156,-0.1861949926420683
2014-04-16,0.005030220990845432,0.974876484428698,-0.18210137361160117
2014-04-17,-0.0023285265636898817,0.9726064586383892,-0.184005872289552
2014-04-20,0.0003199842108309144,0.9729176773485058,-0.18374476705255383
2014-04-21,0.002324070463080436,0.9751788065854403,-0.1818477323753258
2014-04-22,0.0029026235856570116,0.9780093835896682,-0.1794729443066596
2014-04-23,-0.005953867863989846,0.972186444950033,-0.18435825397508643
2014-04-24,-0.0038383770858153063,0.9684548267765966,-0.18748899456326285
2014-04-27,-0.001325251065982492,0.967171380985055,-0.1885657756393404
2014-04-28,-0.0015955211581413237,0.9656282385831445,-0.18986043611274794
2014-04-29,0.00856260213281822,0.973896528998346,-0.18292353335512657
2014-04-30,-0.0009721517905173164,0.9729497537439016,-0.18371785570516497
2014-05-01,0.0010590838377160096,0.9739801891030015,-0.18285334447912616
2014-05-04,-0.0002628053874313736,0.9737242218620539,-0.18306809502251853
2014-05-05,0.0016062122530133061,0.9752882296382647,-0.1817559289868661
2014-05-06,0.004695537701083434,0.9798677322899539,-0.177913833102736
2014-05-07,-0.002489394824632704,0.9774284546283667,-0.1799603301520123
2014-05-08,0.00681076818763248,0.9840854932528362,-0.17437523005601507
2014-05-11,0.0012656017252087566,0.98533095355085,-0.17333031792279874
2014-05-12,0.0022588316598965066,0.9875566503042067,-0.1714630102726462
2014-05-13,0.0016413863698435068,0.9891776123294643,-0.17010306095079653
2014-05-14,-0.0008686377067886383,0.9883183753566838,-0.17082394072480322
2014-05-15,-0.00044442427534104685,0.9878791426789096,-0.17119244669407674
2014-05-18,0.0023713981747959974,0.9902217974747773,-0.16922701397491002
2014-05-19,-0.002740030617223131,0.9875085594318547,-0.1715033573925807
2014-05-20,-0.00947076204935029,0.9781561008437789,-0.17934985195340114
2014-05-21,0.0035358411785603103,0.9816147054642023,-0.1764481633667464
2014-05-22,0.0027917705504360265,0.9843551484907922,-0.1741489956024762
2014-05-25,0.0018029877311142592,0.9861299287465803,-0.172659996373819
2014-05-26,0.001194500701903484,0.987307861638636,-0.1716717381587748
2014-05-27,0.0016845081848307361,0.988970989812514,-0.17027641242197666
2014-05-28,-0.007344809688739079,0.9817071861046571,-0.1763705742669951
2014-05-29,0.005118222935001266,0.9867317823400336,-0.17215505525026653
2014-06-01,-0.0012332039946219711,0.9855149407644314,-0.17317595694305943
2014-06-02,-0.003178655060380325,0.9823823287108902,-0.17580414537156652
2014-06-03,-0.0006337018198659227,0.981759791241382,-0.1763264397845704
2014-06-04,0.0008396792150486868,0.9825841545322579,-0.1756348182160724
2014-06-05,0.002219416606882331,0.9847649181224862,-0.17380520844148561
2014-06-08,0.0021271837171419738,0.986859694021529,-0.17204774033369485
2014-06-09,0.004784382741480553,0.9915812085098684,-0.16808649983177748
2014-06-10,0.004468498550060171,0.9960120877023617,-0.16436909556250023
2014-06-11,0.004381365320305865,1.0003759805220265,-0.16070789129722185
2014-06-12,0.010082159695368253,1.01046193091306,-0.1522460142262182
2014-06-15,-0.00012999613415082818,1.0103305747683347,-0.15235621896707974
2014-06-16,-0.002247693612350243,1.0080596611890658,-0.15426146247925587
2014-06-17,-0.000918495909139575,1.007133762514095,-0.1550382698661703
2014-06-18,0.0040593848723098815,1.0112221060740372,-0.1516082450011843
2014-06-19,-0.0002586335791456689,1.010960570081432,-0.1518276675972975
2014-06-22,0.0034182383193016256,1.0144162742413871,-0.1489284124293072
2014-06-23,0.000910694135037367,1.0153400971928253,-0.14815334652600964
2014-06-24,-0.005879126237352223,1.0093707845875832,-0.15316146053664914
2014-06-25,0.00443506081884813,1.0138474054059976,-0.1494056801103847
2014-06-26,0.004540057204249816,1.0184503306229211,-0.14554393324047588
2014-06-29,-0.0011374537290455814,1.0172918904965063,-0.14651583747991714
2014-06-30,-0.002500885784889543,1.0147477596684802,-0.148650303889592
2014-07-01,0.0072607124340730005,1.0221155513445528,-0.14246889856529887
2014-07-02,-0.0003990463456863436,1.0217076798689195,-0.14281109321763885
2014-07-03,0.0011363558177472281,1.0228687033349757,-0.14183702161650824
2014-07-06,0.0005996749405635087,1.0234820920638523,-0.14132240278345232
2014-07-07,-0.002822042330344294,1.0205937822756987,-0.14374562731091578
2014-07-08,0.0024011451648017846,1.0230443761012369,-0.14168963626409303
2014-07-09,0.0019737023437981865,1.0250635611841574,-0.13999558708748117
2014-07-10,-0.0015583491327990316,1.023466154272522,-0.14133577421854682
2014-07-13,-0.0030742924758284653,1.020319719975177,-0.1439755591871298
2014-07-14,-0.00010411861014076516,1.020213485704034,-0.14406468726215382
2014-07-15,-0.0016715319346461656,1.0185081662825228,-0.1454954104713866
2014-07-16,0.0028958873626575886,1.021457651210024,-0.14302086142923776
2014-07-17,-0.006403598596493548,1.0149166464283579,-0.14850861183821373
2014-07-20,0.00486212608748623,1.0198512991315811,-0.1443685533465625
2014-07-21,-0.0023219002355439207,1.0174833061599078,-0.14635524420408585
2014-07-22,0.004573481608280179,1.0221367473473622,-0.14245111561344848
2014-07-23,-0.0005276596667837608,1.0215974070118494,-0.14290360957203463
2014-07-24,-0.0029866239476636115,1.0185462797311968,-0.1454634341771428
2014-07-27,-0.0027309976231989805,1.0157646322621328,-0.14779717150734173
2014-07-28,0.0006148597488271826,1.016389185048793,-0.14727318629026487
2014-07-29,-0.002715852993517175,1.0136288214379996,-0.1495890669599309
2014-07-30,-0.0022436675767087168,1.0113545753165216,-0.15149710639727165
2014-07-31,-0.000761613028177042,1.0105843144958542,-0.15214333725548534
2014-08-03,-0.004620268023747899,1.0059151441022878,-0.15606066228308546
2014-08-04,0.003687535611509981,1.0096244920183222,-0.1529486059213001
2014-08-05,-0.004171078484112932,1.0054132690226312,-0.1564817237660796
2014-08-06,0.001912443189785822,1.0073360647818939,-0.15486854298323616
2014-08-07,-0.004435115438907599,1.0028684130488112,-0.15861679855615762
2014-08-10,-0.0043784897575125,0.9984773639741442,-0.16230078628582256
2014-08-11,0.002167197137873268,1.00064126125958,-0.16048532694746265
2014-08-12,0.0009924946829978178,1.0016343923909685,-0.1596521130981593
2014-08-13,0.0021613479227990695,1.003799272804367,-0.15783582893837533
2014-08-14,0.0011248987984223118,1.0049284454002017,-0.15688847947427387
2014-08-17,-0.0010953424167964233,1.0038277046481094,-0.1578119752847955
2014-08-18,0.0018083344893755056,1.0056429609078152,-0.15628901763316394
2014-08-19,-0.0009710899228115947,1.0046663911625313,-0.15710833686590586
2014-08-20,0.0010738922920294192,1.0057452946560619,-0.15620316200585016
2014-08-21,0.0013193132378999486,1.0070721877372573,-0.15508992966738633
2014-08-24,0.002673210078556673,1.0097643032593506,-0.1528313075518991
2014-08-25,-0.003942775833128229,1.0057830289673042,-0.1561715037990663
2014-08-26,0.005727254198634011,1.011543404042872,-0.15133868350127255
2014-08-27,0.0012308406697063947,1.0127884528037412,-0.1502941166381193
2014-08-28,0.004183156017351536,1.0170251049143912,-0.1467396643591551
2014-08-31,0.00269120361672474,1.0197621265550367,-0.14444336705787064
2014-09-01,0.0037728271365812314,1.0236095127789615,-0.14121549977622438
2014-09-02,-0.009206035986328546,1.0141861267683703,-0.1491215007897856
2014-09-03,0.0024135396434451614,1.016633905191158,-0.14706787180018654
2014-09-04,0.007819265844347771,1.024583235962225,-0.14039856874260703
2014-09-07,0.0005677354527788635,1.0251649281896036,-0.1399105425348227
2014-09-08,-0.004400294829412625,1.0206539002567958,-0.14369518972733897
2014-09-09,-0.006421581760847669,1.0140996877867687,-0.14919402107871194
2014-09-10,0.0034069083154533277,1.017554632445788,-0.14629540311428768
2014-09-11,-0.001989293304100142,1.0155304178289075,-0.14799367195255198
2014-09-14,-0.011577543049499147,1.0037730706984176,-0.15785781189396686
2014-09-15,0.004084197726011289,1.0078726783911955,-0.15441833668432592
2014-09-16,0.0029570432985273564,1.010853001540601,-0.15191791509346075
2014-09-17,-0.004282908228152088,1.0065236109028504,-0.1555501728330555
2014-09-18,0.014338023215224469,1.020955169802647,-0.14344243160704362
2014-09-21,0.0005639543654608801,1.021530941927597,-0.14295937222707977
2014-09-22,-0.00841736526033782,1.0129323428646555,-0.15017339623399373
2014-09-23,-0.004342714504130752,1.008533466887594,-0.1538639505521645
2014-09-24,0.006021706076158423,1.0146065589931603,-0.1487687679619477
2014-09-25,-0.01143226304162838,1.0030073099269892,-0.15850026731585598
2014-09-28,-0.004180644624727445,0.9988140928081806,-0.16201827865001162
2014-09-29,-0.006960149976293269,0.9918621969238004,-0.1678507571079998
2014-09-30,0.006079677304480544,0.9978923990116102,-0.16279155824204872
2014-10-01,-0.0010956266534139713,0.9967990815020138,-0.1637088261253019
2014-10-02,0.007485203817225872,1.00426032579188,-0.15744901623830265
2014-10-05,-0.025358624130824355,0.9787936656606245,-0.17881494994657188
2014-10-06,0.019493867160661267,0.9978741393567094,-0.16280687766650936
2014-10-07,-0.003192107687289886,0.9946888176455212,-0.16547928826805625
2014-10-08,0.005167399510091887,0.9998287721545165,-0.16116698635109106
2014-10-09,-0.008164256168790579,0.9916659139337197,-0.1680154339573593
2014-10-12,-0.00582298462308274,0.9858914585656484,-0.1728600672920677
2014-10-13,-0.002034276848531437,0.9838858823963235,-0.17454269890767138
2014-10-14,-0.0068196777687151815,0.9771760977171925,-0.18017205171295436
2014-10-15,-0.0013803765759725498,0.9758272267213034,-0.18130372300909747
2014-10-16,0.0037973640218006096,0.9795327979235483,-0.17819483522207014
2014-10-19,0.004054406596129462,0.9835042221605746,-0.17486290294126128
2014-10-20,0.0004133828170127452,0.9839107859064753,-0.17452180544365736
2014-10-21,0.0068617775923988655,0.990662162890128,-0.1688575576652368
2014-10-22,-0.003470676739739635,0.987223894764445,-0.1717421844072584
2014-10-23,0.002226406766637797,0.9894218567239351,-0.16989814560210215
2014-10-27,0.0030145632937899794,0.9924045315352885,-0.16739575102172732
2014-10-28,-0.0006121360891159943,0.9917970449065334,-0.16790541813047832
2014-10-29,0.006683960505776484,0.9984261771844345,-0.16234373080819187
2014-10-30,-0.006016714479963714,0.9924189319469942,-0.16738366941227056
2014-10-31,0.007507924307544788,0.9998699381694267,-0.16113244902499213
2014-11-03,0.01054860816413219,1.010417174362271,-0.15228356392815168
2014-11-04,-0.003743663661641634,1.0066345123035123,-0.15545712914525012
2014-11-05,0.0020239468858843845,1.0086718870899127,-0.15374781923178782
2014-11-06,-0.005827148432058155,1.0027942062845956,-0.15867905630007717
2014-11-07,0.0024622792576664185,1.0052633656584382,-0.15660748919136447
2014-11-10,0.000609429565787047,1.005876002874873,-0.1560935008597144
2014-11-11,0.0033437164370635924,1.0092393669993336,-0.1532717168271942
2014-11-12,0.010404146041084621,1.0197396407640065,-0.14446223211194742
2014-11-13,-0.0004832328348397891,1.0192468690866017,-0.14487565605283637
2014-11-14,-0.003901302219316034,1.015270479014203,-0.14821175455366875
2014-11-17,0.0041726738808355365,1.0195068716239692,-0.14465751998989196
2014-11-18,-5.179652973586373e-06,1.01950159093217,-0.14466195036711194
2014-11-19,-0.00228896725531998,1.0171679851737796,-0.14661979115495094
2014-11-20,-0.004181918360066796,1.0129142717013093,-0.15018855751843763
2014-11-21,0.004679491813539401,1.0176541957435528,-0.14621187183029305
2014-11-24,0.014467976928518304,1.0323775931687804,-0.1338592848900909
2014-11-25,-0.008761768211719527,1.0233321399904627,-0.14144820907461686
2014-11-26,-0.003759549060916792,1.0194848726045556,-0.14467597665393883
2014-11-27,0.0004805425503570034,1.0199747784652873,-0.14426495706637854
2014-11-28,-0.0028379627935277455,1.017080127993666,-0.146693501279342
2014-12-01,-0.0073499488373866126,1.00960464108939,-0.15296526038754843
2014-12-02,0.008504650729293418,1.0181909759365289,-0.14576152577156654
2014-12-03,-0.0003624046114815427,1.0178219788314806,-0.14607110573393178
2014-12-04,0.0038254565460125313,1.0217156125830769,-0.14280443785553254
2014-12-05,-0.005142145598360815,1.0164618021430563,-0.14721226224234818
2014-12-08,-0.0014529865834947777,1.0149848967819075,-0.14845135138387888
2014-12-09,-0.004769267384132808,1.010144162418298,-0.1525126145797261
2014-12-10,-0.0039809553244002545,1.0061228236365072,-0.15588642399907693
2014-12-11,-0.0017384866593773847,1.00437369252992,-0.15735390418995387
2014-12-12,0.0005674745520756887,1.004943649041205,-0.15687572397417582
2014-12-15,-0.010856212671681473,0.994033767064158,-0.16602886042336962
2014-12-16,-0.005539645917198004,0.988527171964884,-0.1706487652417863
2014-12-17,-0.004170480375140521,0.9844045387939113,-0.174107558290444
2014-12-18,0.00659080089329256,0.9908925531075556,-0.16866426564786097
2014-12-19,0.014356241578535097,1.005118045978339,-0.15672940901263288
2014-12-22,0.001208180995155885,1.0063324104993783,-0.15571058551082806
2014-12-23,-0.0023149097320650457,1.0040028418086209,-0.1576650392931085
2014-12-24,0.0028597437180670417,1.0068740326284045,-0.15525617718071882
2014-12-25,0.00012958733453538303,1.0070045107505057,-0.15514670908035444
2014-12-26,-0.0006412669119343198,1.0063587520775927,-0.15568848554126002
2014-12-29,0.00026254525039762396,1.0066229667881468,-0.1554668155632829
2014-12-30,0.006179711270182441,1.012843606080832,-0.1502478443253763
2014-12-31,0.0033668728890947153,1.0162537217590384,-0.14738683682998555
2015-01-01,0.0029819499883082527,1.019284139532756,-0.14484438701803914
2015-01-02,0.0009814496038083997,1.0202845155476685,-0.14400509488048363
2015-01-05,-0.01513945943762457,1.0048379595096981,-0.15696439502535386
2015-01-06,0.001162911097332584,1.006006496723833,-0.1559840195648825
2015-01-07,-8.321356757741308e-05,1.0059227833342343,-0.15605425314570687
2015-01-08,0.0036023977592246417,1.0095465173148706,-0.15301402487833193
2015-01-09,0.008164028159919848,1.017788483510978,-0.1460992075263815
2015-01-12,-0.0011195387189336546,1.0166490298960027,-0.14705518252568395
2015-01-13,-0.009934651193922058,1.0065489763973468,-0.15552889177495466
2015-01-14,0.0025931141542433348,1.0091590727949817,-0.1533390817913669
2015-01-15,-0.002984174132534374,1.0061475663943347,-0.1558656654025128
2015-01-16,-0.058738427679727145,0.9470480403305476,-0.20544878896724184
2015-01-19,0.003837708514783472,0.950682534658833,-0.20239953301923008
2015-01-20,0.003605556375635595,0.9541102741328776,-0.19952373957029756
2015-01-21,-0.005647938678984455,0.9487215178115861,-0.2040447804031873
2015-01-22,-0.01752350537067053,0.9320965911989441,-0.21799270596860532
2015-01-23,0.001534610529828089,0.9335269964426149,-0.21679262934078225
2015-01-26,-0.00664425793726107,0.9273244022868536,-0.2219964611298061
2015-01-27,0.012941498737952537,0.9393253698687216,-0.21192792931339477
2015-01-28,-0.0007614307282714378,0.9386101386682587,-0.21252799160410807
2015-01-29,-0.0048286663306831715,0.9340779034940334,-0.2163304311774048
2015-01-30,-0.003194271482539349,0.9310942050844323,-0.2188336845328287
2015-02-02,-0.004040289490015801,0.9273323149534151,-0.22198982258716504
2015-02-03,0.004886071060764848,0.931863326541221,-0.21818840957432772
2015-02-04,-0.00044950215968755556,0.9314444519634071,-0.21853983557269274
2015-02-05,0.003482575971042171,0.9346882780301754,-0.2158183411817316
2015-02-06,0.0041829611393930065,0.9385980427746219,-0.2125381397766699
2015-02-09,0.001495440182177164,0.9400016600026999,-0.21136053766896
2015-02-10,0.0019392254649612058,0.941824535158883,-0.20983118794093425
2015-02-11,0.0010047326648719383,0.9427708170339348,-0.20903727952469553
2015-02-12,-0.0017867797471770178,0.9410862932318291,-0.21045055569441284
2015-02-13,0.0033753191777159655,0.9442627598452601,-0.20778557431329325
2015-02-16,0.0026696116508529654,0.9467835747104095,-0.20567066945250623
2015-02-17,0.0008572013054955207,0.947595158826673,-0.20498976931336754
2015-02-18,0.006103083136889719,0.9533784108611064,-0.20013775578080917
2015-02-19,0.0010126984690051086,0.9543438957181679,-0.19932773651067348
2015-02-20,0.0009621685469011374,0.9552621353975551,-0.1985573548423678
2015-02-23,-0.0009069314359601371,0.9543957781373807,-0.19928420837138028
2015-02-24,0.001378566508596229,0.9557114761930665,-0.19818036839813702
2015-02-25,-0.0006080608258314725,0.955130345483596,-0.19866792350549667
2015-02-26,0.007584556146521213,0.9623745852161626,-0.19259017537931555
2015-02-27,-0.0009638278862511208,0.9614470217539118,-0.19336837948391816
2015-03-02,0.0007256594383695516,0.9621447048597399,-0.19278303963520338
2015-03-03,-0.0018614778248978005,0.9603536938273007,-0.1942856561068037
2015-03-04,0.005448384606079823,0.9655860701091412,-0.18989581447863846
2015-03-05,0.0036038507738795386,0.9690658982151514,-0.18697631988272412
2015-03-06,-0.0013253201026372865,0.9677815756994667,-0.1880538365099037
2015-03-09,-0.003228292867500013,0.9646572933413381,-0.19067503651829276
2015-03-10,0.0016660875839527869,0.9662644968805435,-0.18932663024525298
2015-03-11,-0.0003424759203859353,0.9659335745576381,-0.1896042663536921
2015-03-12,0.0029581797160729457,0.9687909796649683,-0.1872069701324276
2015-03-13,0.004187589082518837,0.9728478781946561,-0.18380332691420664
2015-03-16,-0.004943271219016248,0.9680388272778955,-0.18783800843732845
2015-03-17,0.0013222128784761437,0.9693187806821874,-0.18676415739267538
2015-03-18,-0.0057672818494142065,0.9637284460720626,-0.1914543177070377
2015-03-19,0.005380803330773713,0.9689140793046485,-0.18710369240667313
2015-03-20,-0.0047966565474217545,0.9642665312422627,-0.19100287680286554
2015-03-23,0.0060298387390120495,0.97008090292708,-0.18612475460966227
2015-03-24,0.0009089766339952725,0.9709626838009259,-0.18538496102861513
2015-03-25,-0.002664932478150759,0.9683751338097923,-0.18755585510316009
2015-03-26,-0.004044933644305925,0.9644581206507359,-0.19084213775897263
2015-03-27,0.002214993669694412,0.9665943892826627,-0.18904985821632525
2015-03-29,-0.0075057953950958,0.9593393295666595,-0.19513668405617746
2015-03-30,-0.0015956399927364551,0.9578085693657978,-0.1964209561517839
2015-03-31,0.00022228780264188627,0.9580214785280338,-0.19624233033187788
2015-04-01,-0.0018797899467235695,0.9562205993839515,-0.19775322591892186
2015-04-02,-0.0013682461209040418,0.9549122542581159,-0.19885089695556613
2015-04-05,0.004212087899858672,0.9589344286097032,-0.1954763865126501
2015-04-06,-0.002451390280203886,0.9565837060720566,-0.19744858787894748
2015-04-07,0.006430052065306775,0.9627345891069239,-0.19228814051392373
2015-04-08,0.0028704933203349894,0.9654981123142107,-0.1899696090165136
2015-04-09,0.00445969731693164,0.969803941655201,-0.18635711865521143
2015-04-12,-0.0031543781267590757,0.9667448133143991,-0.18892365596311866
2015-04-13,-0.007180631480014684,0.9598029750747729,-0.1947476962918051
2015-04-14,0.0034303286036683994,0.9630954146740578,-0.191985416281225
2015-04-15,0.008507268007139022,0.9712887254831366,-0.1851114196638527
2015-04-16,0.008459733437958368,0.9795055691920183,-0.1782176794925725
2015-04-19,-7.045163891233045e-05,0.979436561419345,-0.1782755754038814
2015-04-20,-0.004783511688471125,0.9747514151796796,-0.1822063037936391
2015-04-21,0.002433092037774944,0.977123075086763,-0.18021653646285696
2015-04-22,0.014254829557121363,0.9910517979784552,-0.1685306629163883
2015-04-23,-0.010943069037185877,0.9802066497337498,-0.17762948927439748
2015-04-26,0.00238672562669822,0.9825461340641294,-0.17566671650180776
2015-04-27,0.008245315052041083,0.9906475364926532,-0.1688698288714815
2015-04-28,0.013437363336049467,1.0039592273784672,-0.1577016307824748
2015-04-29,-0.015458078692300585,0.9884399466377897,-0.17072194525623563
2015-04-30,-0.015060059322565484,0.9735539824046311,-0.18321092195557842
2015-05-03,-0.010493079201780544,0.9633384033600504,-0.19178155444264788
2015-05-04,0.004274527558333537,0.967456219913214,-0.1883268024239595
2015-05-05,7.218170669470984e-05,0.9675260525543197,-0.18826821446728015
2015-05-06,-0.007827527002800658,0.9599527162520376,-0.19462206693756912
2015-05-07,0.0032003500327838726,0.9630249009589659,-0.1920445756430893
2015-05-10,0.007426604031651041,0.9701769055710081,-0.18604421063116583
2015-05-11,0.002086479633635539,0.9722011599255055,-0.18434590845396814
2015-05-12,0.006990203950534515,0.978997044314331,-0.1786443200009734
2015-05-13,0.003974674396182314,0.9828882388003054,-0.1753796986095223
2015-05-14,-0.00667122166330586,0.9763311734890123,-0.1808809234281602
2015-05-17,-0.0018772717154445866,0.9744983345921145,-0.1824186325021897
2015-05-18,-0.00513144851216607,0.9694977465629635,-0.18661400919401105
2015-05-19,0.00022763074954979532,0.9697184340617006,-0.1864288575312505
2015-05-20,0.0016467687383654955,0.9713153360639301,-0.1850890940073967
2015-05-21,0.006372007505873175,0.9775045646758991,-0.17989647559779398
2015-05-24,-0.006012701608500162,0.971627121407556,-0.18482751337810377
2015-05-25,0.00218630504656111,0.973751394686465,-0.18304529765678457
2015-05-26,-0.0024723110936450644,0.9713439783109292,-0.18506506383039323
2015-05-27,-0.0015349396619945045,0.9698530239131803,-0.18631593978586491
2015-05-28,-0.007937851724304182,0.9621544744149895,-0.19277484320627447
2015-05-31,-0.008852096057226198,0.9536373905855781,-0.199920477834022
2015-06-01,-0.0020985014427940462,0.951636181145532,-0.20159944586563716
2015-06-02,0.0040127287488406094,0.9554548390080514,-0.1983956810089721
2015-06-03,-0.003948333510947589,0.9516823846489989,-0.20156068220416457
2015-06-04,-0.0034795404855348295,0.9483709672622425,-0.2043388841356779
2015-06-07,-0.002888496872835724,0.9456316006890172,-0.20663714878068906
2015-06-08,0.000661561096741419,0.9462571937678823,-0.20611229078272264
2015-06-09,0.00404875824374763,0.9500883603818555,-0.20289803137541929
2015-06-10,0.0018398217479669433,0.9518363536097763,-0.20143150583819647
2015-06-11,-0.0002327977326581598,0.9516147682647943,-0.20161741077300965
2015-06-14,-0.0024972036603468388,0.9492383923822433,-0.2036111346971845
2015-06-15,0.0003425182718577295,0.9495635238759831,-0.20333835695931424
2015-06-16,0.002470896089901291,0.9519097966742412,-0.2013698888205505
2015-06-17,-0.007543967956608055,0.9447286196705494,-0.20739472878847065
2015-06-18,0.004225439541734146,0.9487205133363132,-0.20404562313450658
2015-06-21,-0.005499994044089489,0.943502556163458,-0.2084233674666338
2015-06-22,-0.004242406960837733,0.9394998343516219,-0.21178155768252993
2015-06-23,0.013191980210819503,0.9518936975744567,-0.20138339558967477
2015-06-24,-0.004037629780800055,0.9480503032329742,-0.20460791377508336
2015-06-25,0.0041703341673701095,0.9520039898049322,-0.20129086298144394
2015-06-28,-0.011865446621347255,0.9407080372805922,-0.2107679036127199
2015-06-29,-0.003916367739974972,0.9370238786706513,-0.21385882673436385
2015-06-30,0.0008819130170316236,0.9378502522265204,-0.2131655186004363
2015-07-01,-0.003424146389102926,0.9346389156718397,-0.21585975504874233
2015-07-02,0.000836026984652742,0.9354202990262479,-0.21520419264421087
2015-07-05,-0.015204258649254811,0.9211979268540895,-0.22713643108609904
2015-07-06,0.0006429932565354535,0.9217902509089911,-0.22663948502306552
2015-07-07,-0.0029492547077305115,0.9190716566719577,-0.22892032216263414
2015-07-08,-0.009918157289557859,0.9099561594207107,-0.2365680116902067
2015-07-09,0.007327640596885484,0.9166239911158679,-0.23097385645970692
2015-07-12,-0.001659080154526654,0.9151032384430445,-0.2322497324727668
2015-07-13,0.006504461537257551,0.9210554922601172,-0.22725593038741665
2015-07-14,0.004300089079862474,0.9250161129243324,-0.22393306205214702
2015-07-15,-0.0052266579129880775,0.920181370138075,-0.22798929845438054
2015-07-16,-0.0018387023422732087,0.9184894304974859,-0.22940879633957256
2015-07-19,0.0004028048705101489,0.9188594025136024,-0.2290983984495658
2015-07-20,0.004164230318187784,0.9226857446957014,-0.22588818662805
2015-07-21,-0.0006860306503614475,0.9220527539941886,-0.22641925105882998
2015-07-22,-0.002232741848784338,0.919994048223559,-0.22814645717040483
2015-07-23,-0.006742164536211154,0.9137912969781008,-0.23335042075401946
2015-07-26,-0.006704070755931362,0.9076651754670053,-0.23849009377828956
2015-07-27,-0.0015405726398772795,0.9062668513315114,-0.23966325510481024
2015-07-28,0.016758462022321865,0.9214544899416397,-0.2269211806413084
2015-07-29,-0.0034834818507898414,0.9182446199495992,-0.22961418667777445
2015-07-30,0.0007871060878850076,0.9189673758801291,-0.22900781131408832
2015-08-02,-0.0061873617797408315,0.9132813922617796,-0.2337782189148423
2015-08-03,-0.003288699368411737,0.9102778843238661,-0.2362980920023604
2015-08-04,0.009902162160163177,0.9192916035452513,-0.22873579186734172
2015-08-05,0.0013187073818607359,0.920503880168929,-0.2277187200627122
2015-08-06,4.825881866438208e-05,0.920548302598762,-0.22768145068046586
2015-08-09,0.004281824415840092,0.9244899287967895,-0.2243745182591833
2015-08-10,0.0070367478130464265,0.9309953312814337,-0.21891663734680045
2015-08-11,-0.010147018615243655,0.9215485043242161,-0.22684230476769962
2015-08-12,-2.799939122014299e-05,0.9215227015271152,-0.22686395271248327
2015-08-13,-0.006009957599654703,0.915984389163818,-0.2315104675754459
2015-08-16,0.0016776325638090553,0.9175210744030199,-0.2302212245109041
2015-08-17,0.0024855153608039754,0.9198015871273099,-0.22830792754000517
2015-08-18,0.003448154681494366,0.9229732052760089,-0.22564701390768005
2015-08-19,-0.009971334810888036,0.9137699304247233,-0.23336834679381757
2015-08-20,-0.006833369191918285,0.9075258031336577,-0.23860702391438604
2015-08-23,-0.025621796709876972,0.8842733614967994,-0.25811527996397987
2015-08-24,-0.036168780849826984,0.8522902720734817,-0.2849483458187979
2015-08-25,-0.002098959794561145,0.8505013490591039,-0.2864492104919587
2015-08-26,0.009805722529658683,0.8588411292990779,-0.27945232943922405
2015-08-27,0.014168588428366508,0.8710096957854699,-0.26924318605203024
2015-08-30,-0.00265989976698693,0.8686928972986069,-0.27118692593117444
2015-08-31,-0.005954675491261098,0.8635201129936303,-0.27552677128104275
2015-09-01,-0.013010467065141433,0.8522853130034395,-0.2849525063628674
2015-09-02,0.009114407980977894,0.8600533890623483,-0.27843527178008287
2015-09-03,0.0037635290889305026,0.8632902250101177,-0.27571964193588094
2015-09-06,-0.014539215618897802,0.8507386622870088,-0.28625011023030766
2015-09-07,0.0018518195313421148,0.8523140767578998,-0.2849283742439388
2015-09-08,0.013113915562223993,0.8634912515929978,-0.2755509853228316
2015-09-09,-0.009853172431870507,0.8549831233976403,-0.2826891063825445
2015-09-10,0.006545047839884069,0.8605790288425713,-0.2779942722677482
2015-09-13,-0.0008153703229942323,0.8598773382418619,-0.27858297431117296
2015-09-14,0.002601247637674671,0.8621140921366535,-0.27670638997732167
2015-09-15,0.00047157747720357287,0.8625206457252849,-0.27636530100142975
2015-09-16,0.005914938506153599,0.8676224023050378,-0.2720850462559342
2015-09-17,-0.004313616668200856,0.8638798118487504,-0.2752249923334372
2015-09-20,0.003230883799143228,0.8666709071372595,-0.27288332850314345
2015-09-21,-0.0012123465544403977,0.8656202016491579,-0.2737648458945088
2015-09-22,-0.004733998220431926,0.8615223571549808,-0.27720284182165933
2015-09-23,-0.006318649656946356,0.8560786992084919,-0.28176994383722465
2015-09-24,0.0018711192687250796,0.857680524558126,-0.28042604973976093
2015-09-27,0.0020946337785216766,0.8594770511560457,-0.2789188058374016
2015-09-28,-0.008093159571307509,0.852521166233163,-0.2847546310056285
2015-09-29,-0.0019942094650303313,0.850821060454322,-0.28618098009029624
2015-09-30,0.0043821618727065866,0.8545494960659409,-0.28305290959723506
2015-10-01,0.006353429961347531,0.8599788164377006,-0.27849783647236925
2015-10-04,0.0032906159167247193,0.8628086764191166,-0.27612364996911387
2015-10-05,0.006955658484829388,0.8688100789100357,-0.2710886132930541
2015-10-06,0.0011406495872813439,0.8698010867679704,-0.2702571808206421
2015-10-07,0.0059274853973624855,0.8749568200083976,-0.2659316409161263
2015-10-08,0.005487309768685278,0.8797579791140075,-0.26190358043844253
2015-10-11,2.2718574079762062e-05,0.8797779659608284,-0.26188681194025676
2015-10-12,0.001353867137569591,0.8809690684373006,-0.26088750475113587
2015-10-13,-0.009272109814248962,0.8728006264917934,-0.2677406369721669
2015-10-14,0.0020952207402718903,0.8746293364665412,-0.26620639196749274
2015-10-15,0.011396987420833017,0.8845974760121419,-0.25784335544725856
2015-10-18,-0.003919150107623958,0.881130605718825,-0.2607519787406314
2015-10-19,0.000758980051823701,0.8817993662716169,-0.26019090423914526
2015-10-20,-0.001798889486319437,0.8802131066625878,-0.26152173904339293
2015-10-21,-0.004169941961928389,0.8765426690936761,-0.26460115053172784
2015-10-22,0.013905603250283356,0.8887315236820371,-0.25437498590030727
2015-10-26,-9.33603270770347e-05,0.8886485514163025,-0.25444459769550043
2015-10-27,0.002370936496987952,0.8907554806998509,-0.2526769331816501
2015-10-28,-0.004175341804579831,0.8870362721036262,-0.25579726242406353
2015-10-29,-0.0004908959283771245,0.8866008296093277,-0.2561625885178267
2015-10-30,-0.0011963043723875583,0.8855401851603036,-0.25705244446552833
2015-11-02,0.005663699016149458,0.8905556182357568,-0.2528446131261971
2015-11-03,0.0006214071638826796,0.8911090158767644,-0.2523803254162602
2015-11-04,0.0009404031040836274,0.8919470175613717,-0.2516772615536078
2015-11-05,-0.002884256271481009,0.8893744137821415,-0.25383561610506367
2015-11-06,-0.0014453261797991999,0.8880889776582587,-0.2549140670235407
2015-11-09,-0.002286552245827263,0.8860583158118998,-0.25661774493692235
2015-11-10,0.0007694949641091098,0.886740133223824,-0.2560457160352433
2015-11-11,0.0017358019009753067,0.8882793384327449,-0.2547543587748986
2015-11-12,0.0009073513198758928,0.8890853198628903,-0.25407815915870124
2015-11-13,0.0005160479682306456,0.8895441305357893,-0.2536932277082762
2015-11-16,-0.0010306820693752384,0.888627293350528,-0.25446243271673064
2015-11-17,0.0013997157376999048,0.8898711189579804,-0.25341889205075774
2015-11-18,0.0040892261859433385,0.8935100032397381,-0.25036595303420106
2015-11-19,0.0021440296423805923,0.8954257151724477,-0.2487587154165687
2015-11-20,0.002738474967379002,0.8978778160785951,-0.24670145996427517
2015-11-23,0.002528021000842614,0.9001476700538326,-0.24479710543516064
2015-11-24,-0.005429156963397047,0.8952606270628741,-0.248897220488965
2015-11-25,0.004192171901193873,0.8990137135078924,-0.2457484685217901
2015-11-26,0.0042275497176087595,0.9028143386785591,-0.2425598326728835
2015-11-27,-0.0009626115010012416,0.9019452792128784,-0.2432889532892728
2015-11-30,-0.0036652381377247295,0.8986394349773666,-0.2460624794769145
2015-12-01,0.008041858456244038,0.9058661661166537,-0.2399994206520163
2015-12-02,0.004832005863502316,0.9102433167428777,-0.23632709339634161
2015-12-03,-0.00655352052872798,0.9042780184804659,-0.2413318394670021
2015-12-04,-0.013262679023578855,0.8922848693732816,-0.2513938117655602
2015-12-07,0.004625986882178463,0.8964125674741688,-0.24793076935887004
2015-12-08,-0.009083923775565923,0.888269624039774,-0.25476250892396257
2015-12-09,-0.010043072831297071,0.8793486675117138,-0.2622469833234522
2015-12-10,-0.0010758975958962411,0.8784025783943834,-0.2630407300204597
2015-12-11,0.0053502882903347605,0.8831022854237667,-0.2590977854678346
2015-12-14,-0.01393179981547675,0.8707990811666527,-0.2694198868035401
2015-12-15,0.007761844897185023,0.8775580885712795,-0.2637492372799414
2015-12-16,-0.0004994047365152523,0.8771198319052798,-0.26411692439810663
2015-12-17,0.0018732888162705822,0.8787629306769171,-0.26273840286249883
2015-12-18,-0.009764622915308002,0.8701821420269061,-0.2699374843484842
2015-12-21,-0.0025595297200508363,0.8679548849725308,-0.2718061010547893
2015-12-22,0.002298998949993551,0.8699503123417244,-0.2701319840457226
2015-12-23,-0.0009176125855568469,0.8691520349863104,-0.27080172012295767
2015-12-24,0.002762269743015912,0.8715528673546338,-0.2687874777777941
2015-12-25,0.0011206038394326193,0.87252953284406,-0.26796807821795066
2015-12-28,0.001719645053315558,0.8740299739390869,-0.26670924314478917
2015-12-29,-0.0021219680449240325,0.8721753102640823,-0.26826526269847406
2015-12-30,0.005531089848290727,0.8769993902686138,-0.2642179721213439
2015-12-31,-0.004181626795001807,0.8733321061190664,-0.26729473796440195
2016-01-01,0.0034005602935175305,0.8763019246021889,-0.2648031295434724
2016-01-04,0.000856210538613989,0.8770522235450411,-0.2641736462350315
2016-01-05,-0.0123499122567655,0.8662207055396587,-0.2732610371402445
2016-01-06,-0.0020750637802774783,0.8644232423278669,-0.2747690668397913
2016-01-07,-0.013101085803664946,0.8530983592594472,-0.28427037952259526
2016-01-08,-0.017368266840510998,0.838281519314627,-0.29670136255670443
2016-01-11,-0.015450161174286728,0.8253299347317901,-0.3075674398588596
2016-01-12,0.010414273679527198,0.8339251465479932,-0.30035625767293417
2016-01-13,-0.0022550958029972554,0.832044565449999,-0.30193402133984915
2016-01-14,-0.00936105474444026,0.8242557507230076,-0.30846865518131805
2016-01-15,0.006304983575937239,0.829452669693688,-0.30410856140999043
2016-01-18,-0.02509925287556829,0.808634027388731,-0.32157491660110404
2016-01-19,0.0044661942155016215,0.8122455440043123,-0.3185449384179767
2016-01-20,-0.0029140917533246294,0.8098785859628547,-0.3205307609931942
2016-01-21,0.006434968726219853,0.8150901293355609,-0.31615839768975695
2016-01-22,0.015630904420322198,0.8278307252411531,-0.3054693349654055
2016-01-25,0.005406045967252305,0.8323060161949105,-0.3017146702645622
2016-01-26,-0.010705458715294783,0.8233957985000444,-0.309190135033541
2016-01-27,0.012465356209327693,0.8336597204296113,-0.30057894399381646
2016-01-28,-0.00603694037823666,0.8286269664016404,-0.3048013072082091
2016-01-29,0.008633170695359498,0.8357806444453636,-0.2987995382261468
2016-02-01,0.0022698015390698887,0.8376777006384505,-0.29720795233881603
2016-02-02,0.011269751055480906,0.8471181197893735,-0.2892876609179028
2016-02-03,-0.009272151800903655,0.8392635119893903,-0.29587749361264737
2016-02-04,-0.007909187495289453,0.8326256195151112,-0.301446530535318
2016-02-05,0.011662598368181256,0.842336197706574,-0.2932995819822519
2016-02-08,-0.00972205804428664,0.834146956299667,-0.3001701644661421
2016-02-09,-0.004958192683613479,0.8300110949638835,-0.30364005563646046
2016-02-10,-0.003919245200299177,0.8267580779637512,-0.30636926100608786
2016-02-11,-0.004154675812389679,0.8233231661745374,-0.3092510718601159
2016-02-12,-0.0025520225871065597,0.8212220268579719,-0.31101387872674857
2016-02-15,0.006163354293824586,0.8262835091633903,-0.30676741315781353
2016-02-16,0.005060617973712185,0.8304650143412446,-0.3032592278688768
2016-02-17,-0.005908388798983314,0.8255583041525633,-0.3073758432427314
2016-02-18,0.008661805810768137,0.8327091298685998,-0.3013764672970529
2016-02-19,-0.002716207023869239,0.8304473194812106,-0.303274073443621
2016-02-22,-0.003293684523859679,0.8277120879971546,-0.30556886884529166
2016-02-23,0.009301002352603381,0.8354106400748944,-0.2991099632607006
2016-02-24,-0.011749192162091636,0.8255952399303985,-0.30734485498684616
2016-02-25,0.0013326597009119417,0.8266954774359185,-0.30642178138845777
2016-02-26,0.009541469226452498,0.8345833668935209,-0.2998040261594379
2016-02-29,-0.005604067441651313,0.8299063054197692,-0.30372797161921317
2016-03-01,0.000683712441340812,0.8304737226859319,-0.3032519217708516
2016-03-02,0.00801160707720085,0.837127151840032,-0.29766984993628476
2016-03-03,0.005180123369932037,0.8414635737628832,-0.29403169311253174
2016-03-04,0.003937448339862492,0.8447767931144505,-0.29125197937458225
2016-03-07,0.0054153167810894205,0.8493515270584782,-0.28741388432492543
2016-03-08,0.0018508616739021692,0.850923559247581,-0.2860949859940676
2016-03-09,-0.006037745839611813,0.8457858990679062,-0.29040536302225994
2016-03-10,0.0025193743368144496,0.8479167503564574,-0.28861762850431705
2016-03-11,-0.006654373909914158,0.8422743952551062,-0.2933514327971709
2016-03-14,0.009599384242822782,0.8503597108130512,-0.28656804167595074
2016-03-15,-0.0027331756017341326,0.8480355283987593,-0.2885179764979393
2016-03-16,-0.008818523980451817,0.8405571067552997,-0.2947921977838527
2016-03-17,0.007234895440471583,0.8466384495344196,-0.2896900930710141
2016-03-18,0.00464506804034227,0.8505711427380769,-0.28639065522359974
2016-03-21,-0.0030765033641009638,0.847954357756036,-0.28858607677345816
2016-03-22,-0.0007270983445622805,0.8473378115462472,-0.28910334465933474
2016-03-23,0.00030077749857169533,0.8475926716936493,-0.2888895229415984
2016-03-24,-0.005824181509450137,0.8426561381276256,-0.2930311594332583
2016-03-25,1.9630054744511082e-05,0.8426726795137479,-0.2930172815962153
2016-03-27,0.00018374130097211224,0.8428275132881755,-0.2928873796717709
2016-03-28,0.005035950345077791,0.8470719507945602,-0.28932639562742
2016-03-29,0.005525509251516345,0.8517524546953755,-0.28539956205165096
2016-03-30,0.0012022037910221866,0.8527764347254227,-0.28454046669608335
2016-03-31,-0.0009959887432000787,0.85192707899597,-0.2852530563374691
2016-04-03,-0.00592088485098503,0.8468829168597988,-0.28948499068848854
2016-04-04,-0.004632027780488315,0.8429601316620832,-0.29277611595007336
2016-04-05,-0.007902592831063196,0.8362985609687383,-0.29836501834612295
2016-04-06,0.0017684122386682525,0.8377774815791361,-0.2971242384574885
2016-04-07,-0.008609265519521504,0.8305648327939453,-0.3031754825158438
2016-04-10,0.005096076340985212,0.8347974545880009,-0.2996244115784743
2016-04-11,0.004604850779067392,0.838641572297124,-0.29639928650449165
2016-04-12,0.010485052777131241,0.8474347734437556,-0.2890219958894641
2016-04-13,0.0036500876731823105,0.8505279846641286,-0.28642686384075655
2016-04-14,-0.002078975140866747,0.8487597581274003,-0.287910364652022
2016-04-17,-0.007127498486525569,0.8427102242359235,-0.2929857824502353
2016-04-18,0.015392944990618457,0.8556820163606188,-0.28210275149190656
2016-04-19,0.003916180444318881,0.8590330215396456,-0.2792913363262689
2016-04-20,0.0018513451306085018,0.860623388141105,-0.2779570558511891
2016-04-21,-0.003939381978736894,0.8572330638753825,-0.28080145881324303
2016-04-24,0.006771968064906882,0.8630382188081289,-0.27593106925999855
2016-04-25,-0.0009891390946100477,0.8621845539657632,-0.27664727414658596
2016-04-26,0.0034967073107964766,0.8651993609988712,-0.2741179213818097
2016-04-27,-0.0040164858964280205,0.8617242999678207,-0.27703341651304947
2016-04-28,-0.004497749298799959,0.8578484801018815,-0.2802851389569838
2016-05-01,-0.007361422047510047,0.8515334953870366,-0.2855832638029864
2016-05-02,0.0015252467132143308,0.8528322940520675,-0.2844936020242367
2016-05-03,-0.013441358513816592,0.841369069435553,-0.29411098003835845
2016-05-04,-0.0046416050736281834,0.8374637664940671,-0.2973874380948309
2016-05-05,0.005745547673396577,0.8422754544892009,-0.2933505441244775
2016-05-08,-0.005608875386013443,0.8375512364242732,-0.2973140528640774
2016-05-09,-0.003248329071949485,0.834830594393749,-0.2995966080546095
2016-05-10,0.007424452383563377,0.8410287543901672,-0.29439649642182464
2016-05-11,-0.002834684852246749,0.8386447029197935,-0.2963966599851099
2016-05-12,0.0018653216117170046,0.8402090450087019,-0.2950842134689038
2016-05-15,-0.005456190610161697,0.8356247043067525,-0.2989303683643295
2016-05-16,0.0052407828660454995,0.8400040319395277,-0.2952562146509484
2016-05-17,0.0015242862909669835,0.8412844385697701,-0.29418198336029666
2016-05-18,0.0050434233800211925,0.8455273921765009,-0.2906222442731359
2016-05-19,-0.0026545708714044154,0.8432828797902546,-0.2925053378003106
2016-05-22,-0.002386134593467215,0.8412706933387084,-0.2941935152884787
2016-05-23,-0.002916483672582801,0.8388171410973636,-0.29625198837714295
2016-05-24,0.006121921533429075,0.8439523138160571,-0.291943698270681
2016-05-25,-0.0014286037946619756,0.8427466403380256,-0.2929552301901659
2016-05-26,0.0034058611308419714,0.8456169183635006,-0.2905471338909055
2016-05-29,6.176140718648502e-05,0.8456691448543194,-0.29050331708356203
2016-05-30,-0.0002183966081677001,0.8454844535814512,-0.29065826875261724
2016-05-31,0.0013684927847117906,0.8466414929557633,-0.2896875397115103
2016-06-01,-0.001692711276571641,0.8452083733534236,-0.29088989362293005
2016-06-02,-0.004368368999720345,0.8415161912969624,-0.29398754822901596
2016-06-05,-0.00241928989459088,0.8394803196792231,-0.2956955970190408
2016-06-06,0.0044800967943287645,0.8432412727683201,-0.2925402451210142
2016-06-07,0.005436398912516632,0.8478254687065868,-0.28869421167894094
2016-06-08,0.005823775186115923,0.8527630136333973,-0.28455172667917605
2016-06-09,-0.0005681202759640984,0.85227854167476,-0.28495818734965306
2016-06-12,-0.010671441477371455,0.8431835010948584,-0.29258871420722476
2016-06-13,-0.0026222822382759507,0.84097243597633,-0.2944437462571152
2016-06-14,-0.004289194969476275,0.837365341234472,-0.2974700145913518
2016-06-15,0.003875225211197189,0.8406103205158065,-0.2947475526802742
2016-06-16,-0.0013677740294018297,0.8394605555505579,-0.29571217866189026
2016-06-19,0.005884548713298921,0.8444004020825882,-0.29156776266904294
2016-06-20,0.004030699552226459,0.8478039264051623,-0.2887122851672502
2016-06-21,0.004501714278597783,0.8516204974461117,-0.28551027110519644
2016-06-22,0.0017357887449553635,0.853098730720552,-0.28427006787539455
2016-06-23,0.00012876500479786987,0.8532085799827063,-0.28417790690725053
2016-06-26,-0.031126247736470457,0.8266513983512824,-0.30645876271209427
2016-06-27,-0.009039994507228538,0.819178474250794,-0.3127283716877134
2016-06-28,0.008449808942149804,0.8261003758477351,-0.3069210577371144
2016-06-29,0.006075056728767037,0.8311189824946659,-0.30271056384535344
2016-06-30,-0.0026551698349422865,0.8289122204430981,-0.3045619857224552
2016-07-03,-0.0007879661042623206,0.8282590657099801,-0.3051099673053215
2016-07-04,0.0035335148730819975,0.8311857314374312,-0.30265456303963845
2016-07-05,-0.014093591453953388,0.8194713393161966,-0.3124826647304364
2016-07-06,0.0015708468899133083,0.8207586033209346,-0.3114026802625667
2016-07-07,0.002628314382473402,0.8229158149625819,-0.309592830023368
2016-07-10,0.005277416864493093,0.8272586847625235,-0.3059492635811665
2016-07-11,0.00033090049723060957,0.8275324250726497,-0.3057196018473822
2016-07-12,0.019021357739910833,0.8432732153713325,-0.29251344602231355
2016-07-13,-0.006021031251586877,0.8381958409879555,-0.29677324467389077
2016-07-14,0.004540644228584445,0.842001790095761,-0.2935801421659331
2016-07-17,-0.004516628348782675,0.8381987809408888,-0.2967707781219694
2016-07-18,-4.6785546229768055e-05,0.8381595653530735,-0.29680367908523964
2016-07-19,-0.003915152436743479,0.8348780428884015,-0.29955679987457806
2016-07-20,0.0006260579537423563,0.8354007249275566,-0.2991182818379948
2016-07-21,-0.002749675881796458,0.833103643702588,-0.30104547939441695
2016-07-24,0.0002680065554021262,0.8333269209404298,-0.3008581550009667
2016-07-25,-0.005038239603089714,0.829128420245027,-0.30438059913261795
2016-07-26,0.005398653486634438,0.8336045972818504,-0.30062519102875473
2016-07-27,-0.00016270567682355268,0.8334689650816465,-0.3007389832804017
2016-07-28,-0.0040369173862454975,0.8301043197256124,-0.30356184223632077
2016-07-31,-0.0013575703009906961,0.8289773947544288,-0.30450730599577747
2016-08-01,-0.004644153056324189,0.8251274968529564,-0.30773728051628824
2016-08-02,0.0018035360090744666,0.8266156440056082,-0.3064887597739595
2016-08-03,0.0026782592844210354,0.8288295350288138,-0.30463135685597387
2016-08-04,0.00017535934755220833,0.8289748780353084,-0.30450941746440385
2016-08-07,-0.002001581920919276,0.8273156169065368,-0.3059014988405767
2016-08-08,0.0032698124489768353,0.8300207838099306,-0.30363192692066954
2016-08-09,-0.00086518542442401,0.8293026619258093,-0.30423441442753196
2016-08-10,0.002046821504968701,0.8310000964483668,-0.3028103064645651
2016-08-11,-0.00010116588762655955,0.8309160275859919,-0.30288083827875567
2016-08-14,-0.004497238881069941,0.827179199719828,-0.3060159496775873
2016-08-15,0.0007349172410519322,0.8277871079751418,-0.3055059288339902
2016-08-16,6.919738968930582e-06,0.8277928360458509,-0.3055011231163023
2016-08-17,-0.002708304430243776,0.8255509210406639,-0.3073820375013656
2016-08-18,-0.001962953552370457,0.8239304029275444,-0.308741614391288
2016-08-21,0.0005608102203757172,0.8243924715183845,-0.3083539496237181
2016-08-22,0.0003473907651212895,0.8246788578498254,-0.3081136781730849
2016-08-23,0.002949458222334687,0.8271112136878961,-0.3060729883722516
2016-08-24,0.004537034825288818,0.830863846068785,-0.3029246173542879
2016-08-25,-0.0010850019897598302,0.8299623571425809,-0.30368094553147107
2016-08-28,-0.00025897148417478185,0.8297474205591425,-0.3038612723104659
2016-08-29,0.0019079331947653869,0.8313305232060982,-0.3025330861237453
2016-08-30,-0.0018971848262475301,0.8297533355518751,-0.30385630976956113
2016-08-31,0.004369809508325113,0.8333791995671342,-0.3008142944528316
2016-09-01,0.004055066854297348,0.8367586079363598,-0.2979790496732687
2016-09-04,0.005779286226533318,0.8415944754341397,-0.29392186966430756
2016-09-05,0.0024888527157560813,0.8436890801298892,-0.2921645451920857
2016-09-06,0.001097480885701937,0.8446150127688071,-0.29138770931021185
2016-09-07,-0.0009282429958105137,0.843831004799048,-0.2920454737057899
2016-09-08,-0.0025433721258364826,0.8416848285425256,-0.29384606551432635
2016-09-11,-0.005100474994651046,0.8373918361211673,-0.297447785999545
2016-09-12,0.0003861970918199574,0.8377152344129911,-0.2971764623776463
2016-09-13,-0.011454451770815718,0.8281196656627299,-0.3052269206927357
2016-09-14,0.0004423572080604103,0.8284859903659725,-0.3049195828131377
2016-09-15,0.0014512865604104318,0.8296883609492789,-0.30391082194526997
2016-09-18,-0.0019887869536599854,0.8280382875614194,-0.3052951950211692
2016-09-19,0.0011289923826816504,0.828973136480645,-0.30451087858813575
2016-09-20,0.0002794668332411243,0.8292048069779392,-0.30431651244582114
2016-09-21,0.001386316942496122,0.830354347650652,-0.3033520746404099
2016-09-22,0.0011265760690567798,0.8312898049875526,-0.3025672477591417
2016-09-25,-0.011935533102559088,0.8213679180023037,-0.31089147946032136
2016-09-26,-0.0016447309530742524,0.8200169887637031,-0.31202487757408015
2016-09-27,0.005387597055046368,0.8244349098774544,-0.3083183448305532
2016-09-28,0.008426846992235943,0.8313822967180495,-0.3024896493551037
2016-09-29,-0.010691892810572605,0.8224932463169324,-0.30994735525846395
2016-10-02,0.0047201490914615665,0.8263755370662685,-0.30669020389432655
2016-10-03,0.003326029233015904,0.8291240862600002,-0.30438423524494274
2016-10-04,-0.0083502180091361,0.8222007193831035,-0.3101927785312394
2016-10-05,0.0011852553766909996,0.8231752372064715,-0.3093751808131133
2016-10-06,-0.008898510778892709,0.8158502034852722,-0.31552071321081854
2016-10-09,-0.004473392364736979,0.812200585414232,-0.3185826576261619
2016-10-10,0.0011998399037702326,0.8131750960864775,-0.31776506590766074
2016-10-11,-0.0020776552267181767,0.8114855985978564,-0.3191825148843275
2016-10-12,-0.00015187985332230393,0.8113623502841681,-0.31928591734410616
2016-10-13,0.0010032306825949258,0.8121763338886755,-0.3186030040903113
2016-10-16,0.008884371294854542,0.8193920099958363,-0.3125492201794511
2016-10-17,0.0023233817986389473,0.8212957704778109,-0.3109520095501558
2016-10-18,0.013418211551399814,0.8323160908723521,-0.30170621784523277
2016-10-19,0.002814030337476697,0.8346582536024368,-0.2997411979577781
2016-10-20,-0.007529476610955081,0.8283737138037968,-0.3050137802293703
2016-10-23,-0.0072076581545653245,0.8224030792504712,-0.31002300332361066
2016-10-24,-6.725463095508136e-05,0.8223477688348799,-0.3100694074718896
2016-10-25,0.0031973301497184034,0.8249770861497293,-0.3078634715871864
2016-10-26,0.0007214347284965309,0.8255722532698916,-0.3073641402587284
2016-10-27,-0.004265179507141075,0.8220510394135805,-0.31031835653360795
2016-10-31,-0.00293456282496679,0.8196386789930922,-0.3123422706455864
2016-11-01,-0.0037579425171853104,0.8165585239525744,-0.31492644886399845
2016-11-02,-0.006409327545985209,0.8113249329120962,-0.3193173096463203
2016-11-03,-0.0026702224920478034,0.809158514827875,-0.3211348838760504
2016-11-04,-0.0019217423414078709,0.8076035206490196,-0.3224394877138106
2016-11-07,0.004225421917543804,0.8110159862658555,-0.3195765086747343
2016-11-08,0.008937368468505482,0.8182643349689618,-0.3134953132181335
2016-11-09,0.012318491357986898,0.8283441171078257,-0.30503861116679365
2016-11-10,-0.005474784416679214,0.8238091116438359,-0.3088433749485715
2016-11-11,-0.006368060531185157,0.8185630453547461,-0.3132447021734286
2016-11-14,-0.00855400473853284,0.8115610531859937,-0.3191192102452496
2016-11-15,0.015702450870591564,0.8243045507521324,-0.30842771309539607
2016-11-16,0.007424124380940633,0.8304242902646916,-0.3032933944190047
2016-11-17,-0.002045240448892814,0.8287258729164991,-0.30471832694974976
2016-11-18,-0.0005585412759077041,0.8282629953100626,-0.3051066704625305
2016-11-21,0.000953478787522529,0.8290527265065807,-0.30444410441322556
2016-11-22,0.0036547844421899517,0.832082735513172,-0.3019019975473616
2016-11-23,0.005805857404429801,0.8369136892242494,-0.2978489400908043
2016-11-24,0.00343009392301577,0.8397843817837463,-0.2954404960071706
2016-11-25,0.0043664661349311325,0.8434512718474491,-0.2923640607929421
2016-11-28,-0.0036028593501844443,0.8404124355462486,-0.2949135735530407
2016-11-29,0.010378891180346083,0.8491349847613928,-0.28759555826020855
2016-11-30,-0.00310539582614886,0.8464980845238778,-0.2898078560401173
2016-12-01,0.003372565470405848,0.8493529547345076,-0.28741268653804475
2016-12-02,-0.003813294763024024,0.8461141215602594,-0.2901299920086666
2016-12-05,0.0016068223423735314,0.8474736766349802,-0.28898935701964523
2016-12-06,-0.004654503714630873,0.8435291072590309,-0.2922987586985394
2016-12-07,0.0040344655149739525,0.8469322963531443,-0.2894435624456043
2016-12-08,0.003053383753347727,0.8495183056670145,-0.287273960963339
2016-12-09,0.011753094558650007,0.859502774642823,-0.27889722443212916
2016-12-12,0.007019753165475323,0.8655362719658568,-0.27383526094070343
2016-12-13,-0.0027438029923365177,0.863161410952861,-0.27582771392466365
2016-12-14,0.001058071733617183,0.8640746976433394,-0.27506148769849836
2016-12-15,0.005806655806589154,0.869092082003737,-0.2708520192766227
2016-12-16,0.00664208454004417,0.8748646650854888,-0.2660089567464555
2016-12-19,-0.01587503040160036,0.8609761619299707,-0.27766108687260793
2016-12-20,-0.00367377198573627,0.8578131318258857,-0.28031479533586257
2016-12-21,0.007307782711005503,0.8640818437999164,-0.2750554922398515
2016-12-22,-0.008299088781872724,0.8569107518634166,-0.28107187107168397
2016-12-23,-0.0007356252849713082,0.8562803866473822,-0.28160073278140074
2016-12-26,-0.0063561256528518505,0.8508377609157789,-0.2861669687927587
2016-12-27,0.00022495452399182516,0.85102916071928,-0.2860063888230139
2016-12-28,0.0009863921710500387,0.8518686092207488,-0.2853021111147691
2016-12-29,0.004385585452342457,0.8556045518006545,-0.2821677424504542
2016-12-30,-0.007664187395165684,0.8490470381794976,-0.2876693433906088
2017-01-02,0.000146762398472117,0.8491716463592365,-0.28756480003493945
2017-01-03,0.008877892416333306,0.8567105008786144,-0.2812398769760408
2017-01-04,0.006499113710611979,0.8622783598409,-0.2765685732058546
2017-01-05,0.0011768816578391118,0.8632931594265483,-0.2757171800289562
2017-01-06,-0.008381575207754044,0.8560574028844751,-0.2817878109562276
2017-01-09,0.010190669662605092,0.8647812010894984,-0.27446874779002606
2017-01-10,0.0019119938895719283,0.8664346574617983,-0.27308153646910704
2017-01-11,-0.0006280045556547134,0.8658905325497351,-0.273538044575794
2017-01-12,0.005064817337842124,0.8702761099316663,-0.2698586474686788
2017-01-13,0.0037739065444418237,0.8735604506384087,-0.2671031622399933
2017-01-16,0.003579428829821728,0.8766872981000158,-0.26447981016963007
2017-01-17,-0.002287870593700648,0.8746815510108219,-0.26616258518301605
2017-01-18,-0.010063310299427024,0.865879359149816,-0.27354741879764866
2017-01-19,0.0030735829350480937,0.8685407111719092,-0.2713146065409435
2017-01-20,0.001622400894180497,0.8699498323983468,-0.2701323867070192
2017-01-23,-0.009692173998851538,0.8615181272524702,-0.27720639061118124
2017-01-24,-0.006189711413494058,0.8561855786672836,-0.2816802744648158
2017-01-25,0.010754130481744995,0.8653931100968598,-0.27395537040879925
2017-01-26,-0.002834456657960314,0.8629401908341928,-0.27601331244312033
2017-01-27,0.0026093820413141027,0.8651919314708837,-0.274124154582459
2017-01-30,0.0001174339674799092,0.8652935343920279,-0.2740389121020338
2017-01-31,0.001252750628454398,0.866377531411035,-0.27312946389293624
2017-02-01,-0.00822035321165566,0.859255602088194,-0.27910459643888186
2017-02-02,-0.0023268572973845184,0.8572562369201565,-0.28078201716930895
2017-02-03,0.006143213704232205,0.8625225451828429,-0.27636370740085325
2017-02-06,0.0023829492567617834,0.8645778926408266,-0.2746393188352383
2017-02-07,-0.0006199960130087188,0.8640418577944537,-0.27508903956555375
2017-02-08,0.007687523302811216,0.870684199710853,-0.2695162696647506
2017-02-09,-0.008912852479377559,0.8629239198827052,-0.2760269633918142
2017-02-10,0.007684660712025611,0.8695551974272949,-0.27046347624082545
2017-02-13,0.00716305747616675,0.8757838712851661,-0.26523776419017564
2017-02-14,-0.004523479251656472,0.8718222811144722,-0.2685614459187621
2017-02-15,0.006622055175133753,0.8775955363629232,-0.26371781945641615
2017-02-16,0.003018735398266031,0.8802447650739023,-0.26149517837489666
2017-02-17,-0.010862912307940401,0.8706827433813809,-0.2695174914912013
2017-02-20,0.0010776048517118432,0.8716209953299504,-0.26873031999594166
2017-02-21,0.0028179676565578933,0.874077195103567,-0.2666696256894687
2017-02-22,0.0047990771855601685,0.8782719590290069,-0.2631503166206368
2017-02-23,0.004272563699658835,0.8820244319195825,-0.260002079411325
2017-02-24,-0.0071903058246675505,0.875682406509252,-0.2653228907699757
2017-02-27,0.0007232553438852619,0.876315748489306,-0.26479153162469493
2017-02-28,0.0032494801057490765,0.8791633190803766,-0.26240248633313124
2017-03-01,0.004235488438664841,0.8828870051540397,-0.2592784005916072
2017-03-02,0.009384028013883643,0.8911720415434992,-0.25232744835227017
2017-03-03,-0.003467424500750654,0.8880819697722673,-0.25491994647639227
2017-03-06,-0.009085504935507973,0.8800132966527657,-0.2616893749800294
2017-03-07,0.0025685133420019985,0.8822736225463574,-0.25979301428912394
2017-03-08,0.0010368260369366326,0.883188386809916,-0.25902554841361647
2017-03-09,0.0001280171693112572,0.8833014500871639,-0.25893069096179244
2017-03-10,0.0009156522770125422,0.8841102470712248,-0.2582521291615474
2017-03-13,-0.006723176281827377,0.878166218027595,-0.26323903085386446
2017-03-14,0.0009521309609863708,0.8790023472726713,-0.26253753792429413
2017-03-15,0.004593006295750813,0.8830396105876746,-0.25915036819310044
2017-03-16,-0.009695978255093114,0.8744776777250305,-0.26633363011339395
2017-03-17,-0.009473816071933209,0.8661930370472523,-0.2732842503598626
2017-03-20,0.0032763260635823156,0.8690309678706237,-0.27090329260850077
2017-03-21,0.003940390606924022,0.8724552893335472,-0.2680303667911561
2017-03-22,-0.01603117686624008,0.8584688042823544,-0.27976470144184407
2017-03-23,-0.0011015191647143303,0.8575231844421279,-0.28055805442630966
2017-03-24,-0.004129724268165092,0.8539818501368232,-0.2835291512884811
2017-03-26,-0.006164548178645421,0.8487174378779659,-0.28794587035395824
2017-03-27,1.229124020825034e-05,0.8487278696678638,-0.28793711832560953
2017-03-28,0.009533647492046502,0.8568193419939528,-0.28114856181955505
2017-03-29,0.004558801989509946,0.8607254117148855,-0.2778714604530159
2017-03-30,0.004911920749622975,0.8649532267244155,-0.2743244222957202
2017-04-02,-0.005885797945476703,0.8598622867996275,-0.27859560212005474
2017-04-03,0.0005124804936753318,0.8603029494488594,-0.2782258964380896
2017-04-04,-0.001982363359139084,0.8585975164041127,-0.2796567149745661
2017-04-05,-0.0010819053519339167,0.8576685951559581,-0.2804360582298647
2017-04-06,0.0024536292570502046,0.8597729959138859,-0.27867051509001917
2017-04-09,0.0045843700056317285,0.8637145134480058,-0.27536367383522
2017-04-10,-0.006205734095025015,0.8583545308435335,-0.2798605741909944
2017-04-11,-0.007925985427057618,0.8515512253408188,-0.28556838878540625
2017-04-12,-0.00751940018227295,0.8451480709017763,-0.2909404859729947
2017-04-13,0.00763933582680028,0.8516044408387675,-0.28552374222415455
2017-04-16,-0.001796098342683754,0.8500748755139549,-0.2868070118466327
2017-04-17,0.003865809846764093,0.8533611033382035,-0.28404994337038625
2017-04-18,-0.016640358754755325,0.8391608684313019,-0.29596360916319053
2017-04-19,0.0038062234374712373,0.8423549021965338,-0.2932838893515548
2017-04-20,6.862519945515454e-05,0.8424127089697089,-0.2932353908175035
2017-04-23,0.0008058409724432068,0.8430915596463036,-0.2926658509375515
2017-04-24,0.00018900873019334758,0.8432509113114292,-0.2925321586082147
2017-04-25,-0.004163978628763142,0.8397396325380433,-0.2954780395803073
2017-04-26,-0.004023254604974682,0.8363611461944549,-0.2983125108018716
2017-04-27,-0.0005874267776439992,0.8358698452613993,-0.2987247008225643
2017-04-30,-0.0021555546828227,0.8340680821022158,-0.30023633807765404
2017-05-01,0.008714689585273747,0.8413367265307212,-0.29413811498094644
2017-05-02,-0.00032174612042205734,0.8410660297029914,-0.29436522330400505
2017-05-03,0.0010913663953134231,0.8419839409040488,-0.2935951172213547
2017-05-04,-0.01060118174645457,0.833057916118929,-0.301083843770274
2017-05-07,0.0008817495898554828,0.8337924645947927,-0.300467574736175
2017-05-08,0.008384449004459503,0.8407833549944904,-0.29460238078958456
2017-05-09,0.0032575887006896327,0.8435222813514484,-0.2923044854757514
2017-05-10,0.0019237972724869005,0.8451450472155941,-0.2909430227751585
2017-05-11,0.0006775965781544453,0.8457177146076317,-0.29046256819367433
2017-05-14,-0.004433285051465604,0.8419684069057021,-0.29360814988355655
2017-05-15,-0.0031654349017000653,0.839303210724354,-0.2958441873001916
2017-05-16,-0.01382933220695685,0.8276962078008814,-0.305582191959477
2017-05-17,-0.008866493195855456,0.8203574450061796,-0.311739242729549
2017-05-18,0.0002536532076509859,0.8205655313035257,-0.31156466318076714
2017-05-21,-0.007126753886360282,0.814717562714295,-0.3164709723929514
2017-05-22,0.004094352609424088,0.8180533036931379,-0.3136723635351514
2017-05-23,0.008906912355041425,0.8253396327708847,-0.30755930343031623
2017-05-24,-0.005623578176493371,0.8206982708238393,-0.3114532978200615
2017-05-25,0.0001771534119442953,0.8208436603226925,-0.31133131942248726
2017-05-28,0.00630609705781289,0.8260199801139777,-0.30698850788208965
2017-05-29,0.0038018706847766223,0.8291604012614129,-0.3043537678059931
2017-05-30,-0.0009351215485331243,0.8283850355030029,-0.30500428158787374
2017-05-31,-0.009892817630107308,0.8201899734192617,-0.3118797474838303
2017-06-01,0.002684606353421276,0.8223918606329156,-0.31003241548200744
2017-06-04,0.002547498824701992,0.8244869029313224,-0.30827472387136534
2017-06-05,-0.0033839757134096022,0.8216968592757785,-0.31061550540613625
2017-06-06,-0.0015047540826721214,0.8204604075720644,-0.3116528595389072
2017-06-07,0.005191069009131868,0.8247194741670315,-0.3080796020305351
2017-06-08,0.01333609580155693,0.8357180120839327,-0.2988520853161629
2017-06-11,-0.0010013464649828215,0.83488116880681,-0.29955417730196165
2017-06-12,-0.0023878389818916324,0.8328876070066857,-0.30122672914210324
2017-06-13,-0.005529848249933928,0.8282818649306881,-0.3050908392910574
2017-06-14,0.003642246178772614,0.8312986713881786,-0.3025598090558712
2017-06-15,0.008132488689790223,0.8380591984310806,-0.29688788459121296
2017-06-18,0.0001359389542390612,0.8381731233221057,-0.2967923042655315
2017-06-19,0.004790333626494413,0.8421882522195795,-0.29342370479424495
2017-06-20,0.003185729792226496,0.8448712364253385,-0.291172743640127
2017-06-21,-0.00264699067663553,0.8426348701395631,-0.29304900277905677
2017-06-22,-0.0024142544522892545,0.8406005351526744,-0.2947557623716478
2017-06-25,-0.0014785563238650067,0.8393576599155802,-0.2957985056990624
2017-06-26,0.005892244484611798,0.8443033604578345,-0.29164917832821236
2017-06-27,-0.013708994589161718,0.832728810257707,-0.3013599559097392
2017-06-28,-0.010509879538536427,0.8239769307736297,-0.3087025786139256
2017-06-29,-0.0013879709709067878,0.8228332747130189,-0.30966207936707224
2017-07-02,0.002624617180111718,0.8249928970621982,-0.30785020660049645
2017-07-03,0.002668677052042715,0.8271945366746865,-0.30600308233027507
2017-07-04,-0.000712398846291346,0.8266052442411009,-0.30649748493375273
2017-07-05,0.0015113091805451964,0.8278545003354093,-0.30544938821600187
2017-07-06,-0.006563526892899998,0.8224208550590496,-0.3100080898349262
2017-07-09,0.005880237817801623,0.8272568852731165,-0.30595077331079656
2017-07-11,-0.002758021110263636,0.8249752933199223,-0.3078649757295675
2017-07-12,-0.0008184806944985383,0.8243000669689017,-0.30843147488491907
2017-07-13,0.006734887476312316,0.8298516351666538,-0.30377383868610985
2017-07-16,-0.011581430000385074,0.8202407665432662,-0.3118371332378035
2017-07-17,-0.0018460178387903936,0.8187265874561243,-0.3131074941658395
2017-07-18,0.0029624290673348264,0.8211520068970042,-0.3110726238404219
2017-07-19,0.002438112890051217,0.8231540681897113,-0.30939294112429805
2017-07-20,-0.001413799576169128,0.8219902933169827,-0.310369321091436
2017-07-23,-0.010200898827577335,0.8136052534976055,-0.3174041738753758
2017-07-24,0.0014392293399437676,0.8147762180495716,-0.3164217619350941
2017-07-25,0.004800703154017389,0.8186877168093805,-0.31314010573159823
2017-07-26,-0.0020045572711004573,0.8170466103938896,-0.3145169557268813
2017-07-27,0.008609451669949086,0.8240809336981715,-0.30861532258664226
2017-07-30,-0.0051915955291462566,0.8198026388071293,-0.3122047121868218
2017-07-31,-0.0025530459567042925,0.8177096449948273,-0.3139606851654134
2017-08-01,-0.007579374674892667,0.811511917220138,-0.31916043417425144
2017-08-02,0.0013920810498415663,0.8126416075818208,-0.318212650316683
2017-08-03,-0.0006098834502143657,0.812145990914401,-0.3186284611378205
2017-08-06,0.011537869325139966,0.8215164252305077,-0.3107668853605591
2017-08-07,-0.002699146124534469,0.8192990323551054,-0.31262722625083894
2017-08-08,-0.002354161308564716,0.8173702702729905,-0.31424541263936
2017-08-09,-0.003176496277365117,0.8147738966522393,-0.31642370953329724
2017-08-10,-0.008070375947093516,0.8081983649943775,-0.321940427185883
2017-08-13,0.0004272439086153182,0.8085436628227741,-0.32165073036371994
2017-08-14,0.005609569734137457,0.8130792448824733,-0.3178454828315941
2017-08-15,0.005417349881461724,0.8174839796333564,-0.31415001313887325
2017-08-16,-0.0008605026028678726,0.8167805325410791,-0.31474018883774413
2017-08-17,-0.0038183184207743748,0.8136618043879476,-0.3173567289977214
2017-08-20,0.000906397413146935,0.8143993053426213,-0.31673798290278277
2017-08-21,-0.003534945657024491,0.8115204480551166,-0.31915327700273033
2017-08-22,0.009046311742816381,0.8188617150138932,-0.3129941252974222
2017-08-23,-0.010356160042557004,0.8103814520404866,-0.3201088680860189
2017-08-24,-0.0033923252354222484,0.8076323745904116,-0.3224152799301504
2017-08-27,-0.010375470452492612,0.7992528087513723,-0.32944554017229566
2017-08-28,-0.004464183634249755,0.7956847974429163,-0.3324390184177317
2017-08-29,0.00812243379510668,0.8021476945319193,-0.32701679854063326
2017-08-30,0.007231433266743211,0.8079483720549987,-0.3221501654296407
2017-08-31,-0.009360854022860566,0.800385285286184,-0.32849541878047406
2017-09-03,-0.0028571725853393567,0.7980984463913553,-0.3304140232608642
2017-09-04,-1.8417535897285217e-05,0.7980837473845693,-0.33042635538462717
2017-09-05,-0.004331792433935901,0.7946266142460017,-0.33332680943233484
2017-09-06,-0.004950673162467287,0.7906926775926717,-0.3366272905050147
2017-09-07,-0.010623743964708714,0.7822925610311572,-0.34367479232386455
2017-09-10,-0.0017675384780465445,0.7809098288284451,-0.34483487238254396
2017-09-11,0.008334239886735395,0.7874181186718108,-0.33937456904355645
2017-09-12,0.004426766061848283,0.7909038344760315,-0.33645013480620467
2017-09-13,0.0043393593378066656,0.7943358504154723,-0.3335707535025755
2017-09-14,-0.010774950570269401,0.7857769208910527,-0.3407514956921671
2017-09-17,0.003157698635834561,0.7882581676022207,-0.33866978758943833
2017-09-18,0.0034937161140929287,0.7910121178644379,-0.336359287569603
2017-09-19,0.0040717655994375115,0.7942329337946966,-0.3336570981463426
2017-09-20,0.01662555953489949,0.8074375007200781,-0.3225787745609171
2017-09-21,-0.013656875274921891,0.7964104274804494,-0.33183023174532333
2017-09-24,0.005338657840038681,0.8006621902530066,-0.3282631019735536
2017-09-25,-0.0015808224858623375,0.7993964854590748,-0.3293249987665372
2017-09-26,-0.0012758831174504276,0.7983765489791284,-0.33018070167790703
2017-09-27,0.009367475739893716,0.8058553219329905,-0.3239061856507621
2017-09-28,-0.005410880290043741,0.8014949352549163,-0.32756444834504506
2017-10-01,0.0011083015201648553,0.8023832333100639,-0.3268191870009328
2017-10-02,0.010184150372759408,0.8105548248146744,-0.31996341237329395
2017-10-03,-0.004430752884096261,0.8069634566869087,-0.32297648644521193
2017-10-04,0.002509090045588014,0.8089882006632351,-0.3212777734867226
2017-10-05,0.003247332137104547,0.8116152540457872,-0.3190737369883989
2017-10-08,-0.005148130992146934,0.8074369524027348,-0.3225792345863757
2017-10-09,-0.0015810910502523177,0.8061603210636479,-0.32365029849582627
2017-10-10,-0.007542064036169243,0.8000802082987671,-0.32875137125541465
2017-10-11,-0.0024567203533960233,0.7981146349666902,-0.33040044142384073
2017-10-12,0.004556571309382691,0.8017513012139779,-0.32734936328645725
2017-10-15,0.004453338519077239,0.8053217711663944,-0.324353822296099
2017-10-16,0.002964965050354041,0.8077095220721919,-0.32235055499280163
2017-10-17,0.0034120451455807114,0.8104654634260178,-0.32003838449355926
2017-10-18,0.0007201258425579397,0.8110491005507315,-0.3195487265622856
2017-10-19,-0.008758237322176751,0.8039457400481702,-0.3255082803012306
2017-10-22,0.008021497770541711,0.8103945890096032,-0.32009784647541806
2017-10-23,-0.0010476112903450544,0.8095456104885221,-0.3208101196477803
2017-10-24,0.0016474842490801823,0.810879324130714,-0.3196911650177654
2017-10-25,-0.009213126110210535,0.8034085906573354,-0.32595893610834714
2017-10-26,0.013016560615659435,0.8138662072767681,-0.3171852397427579
2017-10-30,0.0010671223383447847,0.814734702086977,-0.31645659285913597
2017-10-31,-0.006821180619550214,0.8091772495270263,-0.32111916590054645
2017-11-01,0.002803198236585967,0.8114455337659859,-0.31921612834354685
2017-11-02,0.003090215555275917,0.8139530753766887,-0.3171123594335732
2017-11-03,0.008177424529941671,0.8206091152214956,-0.3115280972904112
2017-11-06,-0.0031876372242562517,0.8179933110592515,-0.31372269595534286
2017-11-07,-0.0028210575359528317,0.8156857048647288,-0.3156587237156715
2017-11-08,-0.001357613247914361,0.81457831914567,-0.31658779449844976
2017-11-09,0.006313720542495372,0.8197213390127315,-0.3122729208175824
2017-11-10,-0.009148521247796158,0.8122221009255015,-0.31856460661416763
2017-11-13,-6.926666414846528e-05,0.8121658410100228,-0.31861180737070016
2017-11-14,-0.0023567813492074573,0.810251743703467,-0.3202176903546591
2017-11-15,-0.009205833033775385,0.8027927014356074,-0.3264756527965683
2017-11-17,-0.003356405659569533,0.8000982034690478,-0.3287362737273798
2017-11-20,-0.007617970516979951,0.794003078944332,-0.3338499410032427
2017-11-21,0.0032410931898668974,0.7965765169162319,-0.3316908865835988
2017-11-22,0.0008660398489449341,0.7972663839226151,-0.3311121042599672
2017-11-23,-0.011313652246202073,0.7882463893073276,-0.3386796693040638
2017-11-24,0.0006618746624503385,0.7887681096201781,-0.33824195813341285
2017-11-27,-0.005317412693308835,0.7845739040620064,-0.34176079874513354
2017-11-28,0.005003817008622001,0.7884997683076729,-0.33846709023415267
2017-11-29,0.00438985832377041,0.7919611705788694,-0.335563054483769
2017-11-30,-0.0007668442846218193,0.7913538596815686,-0.3360725741579297
2017-12-01,-0.006706386888450036,0.7860467345328758,-0.3405251283414793
2017-12-04,0.0002615956455246466,0.7862523609358085,-0.34035261258672045
2017-12-05,0.0003599568541979894,0.7865353778622568,-0.34011516798826724
2017-12-06,0.005419163871025272,0.7907977419652511,-0.33653914394759166
2017-12-07,0.004367928838490195,0.794251890227794,-0.33364119414123106
2017-12-08,-0.0009673335469811814,0.7934835837296234,-0.33428578536846454
2017-12-11,0.004543569824527495,0.7970888317969153,-0.33126106635110564
2017-12-12,0.005749719872737726,0.8016718692934353,-0.3274160048146312
2017-12-13,0.0061747238692218456,0.8066219717200451,-0.3232629843655035
2017-12-14,-0.008983661977752069,0.7993755525822844,-0.3293425609617965
2017-12-15,0.005739916671457981,0.8039639016433074,-0.32549304314662375
2017-12-18,0.009627878138438888,0.8117043681160331,-0.3189989723625102
2017-12-19,-0.006056147252788765,0.8067885669369905,-0.32312321486518336
2017-12-20,-0.002330154174831903,0.8049086251895357,-0.32470044213191196
2017-12-21,0.0027357830795685864,0.807110680586928,-0.3228529690278563
2017-12-22,0.0007616936987086354,0.8077254517064916,-0.3223371904012655
2017-12-25,0.0009556624086805219,0.808497364557222,-0.32168957352837113
2017-12-26,0.00011543982482671363,0.8085906973513592,-0.32161126949156127
2017-12-27,0.0002565209922071595,0.8087981178393333,-0.32143724854130906
2017-12-28,-0.0027887364051143093,0.8065425930837268,-0.3233295811894564
2017-12-29,-0.004973066185419178,0.8025316033869618,-0.32669470796791655
2018-01-01,-0.004520854301485359,0.7989034749357119,-0.3297386230936127
2018-01-02,-0.0008566891353242933,0.7982190630085616,-0.3303128287330359
2018-01-03,-0.008610989154775367,0.7913456073138599,-0.3360794977019079
2018-01-04,0.009145172296863385,0.7985825992391112,-0.3300078303169718
2018-01-05,0.0001744029676401973,0.7987218744143244,-0.3298909816942833
2018-01-08,-0.0004042087189479106,0.7983990240686718,-0.330161845602128
2018-01-09,0.003957531066072676,0.8015587130095456,-0.3275109402968578
2018-01-10,0.0023136965240630075,0.8034132766176683,-0.32595500469695216
2018-01-11,-0.00016673433119025077,0.803279320042322,-0.3260673911384362
2018-01-12,-0.00038477445459905637,0.8029702386800621,-0.3263267031904473
2018-01-15,-0.016875319023691136,0.7894198597358066,-0.3376951549918503
2018-01-16,-0.0022129484229732434,0.7876729143021405,-0.3391608014541386
2018-01-17,-0.005653492955968065,0.7832198110295265,-0.3428968512081453
2018-01-18,0.009488692963649799,0.7906515433394334,-0.33666180118381195
2018-01-19,-0.005648347032945651,0.7861856690405182,-0.3404085655309349
2018-01-22,0.0013237732622732078,0.7872264006083765,-0.33953541602596027
2018-01-23,-0.0004205988150139309,0.7868952941171329,-0.3398132066473384
2018-01-24,-0.007449802799665008,0.7810330793519759,-0.344731468068759
2018-01-25,-0.016545350501908716,0.7681106133005123,-0.35557311560243243
2018-01-26,-0.0013809875972667608,0.7670498620702153,-0.3564630611371309
2018-01-29,-0.0034025680003414585,0.7644399227548688,-0.3586527393323433
2018-01-30,0.004152367261888503,0.7676141580637968,-0.355989629963645
2018-01-31,-0.004024923306783596,0.7645245699483888,-0.3585817223118146
2018-02-01,-0.002524262502901814,0.7625947092439209,-0.36020083041885886
2018-02-02,-0.007793878716648353,0.756651138570116,-0.3651873475495866
2018-02-05,0.003916025022691923,0.759614203362205,-0.3627014053178693
2018-02-06,0.00529888424373492,0.7636393110957183,-0.3593244338359538
2018-02-07,0.007310207043533274,0.7692216725664092,-0.3546409627995616
2018-02-08,-0.00031813371661161983,0.7689769572168175,-0.35484627326861506
2018-02-09,-0.008265353473941847,0.7626210908521042,-0.36017869686508086
2018-02-12,0.00863686645404044,0.7692077473688284,-0.3546526457154545
2018-02-13,0.0005137762937221916,0.7696029480743739,-0.35432108154360675
2018-02-14,-0.006158317650937966,0.7648634886550336,-0.35829737742397527
2018-02-15,-0.010547915821114378,0.7567957729620565,-0.3650660026690955
2018-02-16,-0.006052826826684656,0.7522150192051502,-0.36890914820131415
2018-02-19,0.008722628546984036,0.7587763114051392,-0.3634043771216744
2018-02-20,0.0033755453363085055,0.7613375952444041,-0.3612555197357531
2018-02-21,0.007941907887451109,0.7673840682970888,-0.35618266990987657
2018-02-22,0.002242663305112355,0.7691050523879864,-0.35473880440848815
2018-02-23,-0.005102323782992393,0.7651808293875676,-0.35803113595299685
2018-02-26,0.0006777136723322031,0.76569940289745,-0.35759606487662066
2018-02-27,0.0008340529834800143,0.7663380367688855,-0.3570602659579317
2018-02-28,0.0032922351174055177,0.7688610017653397,-0.354943557187143
2018-03-01,0.004207838233294843,0.7720962444846572,-0.3522292640244419
2018-03-02,-0.00341377297968515,0.7694604831875191,-0.354440606259946
2018-03-05,-0.006976753068492764,0.7640921474003567,-0.3589445147411162
2018-03-06,0.005013841389212737,0.767923184234165,-0.3557303642163434
2018-03-07,-0.004194371893452944,0.7647022288138823,-0.3584326706684796
2018-03-08,0.006075325711696135,0.7693480439263866,-0.35453494017680764
2018-03-09,0.007573671846965756,0.77517483354719,-0.34964639962502464
2018-03-12,0.004203257562339295,0.7784330930284322,-0.34691279593605395
2018-03-13,-0.003048289488687762,0.776060203613307,-0.34890359479539856
2018-03-14,-0.0022807381869221323,0.7742902134715756,-0.35038857523011646
2018-03-15,3.830537088785578e-06,0.7742931794189558,-0.3503860868694605
2018-03-16,0.005560650118950152,0.7785987528791942,-0.34677381118613937
2018-03-19,-0.007589945981585616,0.7726892304035112,-0.35173176267299366
2018-03-20,-0.004967340657745693,0.7688510197735257,-0.3549519318453932
2018-03-21,0.0029287763620401658,0.7711028124661689,-0.3530627303110023
2018-03-22,-0.011065156686123043,0.7625704390251206,-0.36022119256620366
2018-03-23,-0.002754162467207745,0.7604701961433554,-0.3619832473449528
2018-03-25,-0.0037665419836726325,0.7576058532222497,-0.3643863642301145
2018-03-26,-0.007051993886475873,0.752263221376968,-0.3688687077037245
2018-03-27,0.005309388126182214,0.7562572787923105,-0.36551778671434454
2018-03-28,0.012732355015673805,0.7658862149490816,-0.3574393339236611
2018-03-29,0.0017553787471509706,0.7672306353335391,-0.35631139658667554
2018-04-01,-0.0013844744061304506,0.7661684241553206,-0.3572025669836192
2018-04-02,-0.003847932123214852,0.7632202600642204,-0.359676007874843
2018-04-03,0.005421517727692595,0.7673580722342928,-0.35620448000006955
2018-04-04,0.005021549871885965,0.7712113990636116,-0.35297162868909304
2018-04-05,3.475672485251779e-05,0.7712382038460119,-0.3529491401020197
2018-04-08,-0.0028161448851784076,0.7690662853229968,-0.3547713290715717
2018-04-09,-0.004978253215213934,0.765237678615375,-0.35798344077716937
2018-04-10,0.002591547815643868,0.7672208286498391,-0.3563196241655081
2018-04-11,-0.0019883687983048583,0.7656953106927421,-0.35759949814089864
2018-04-12,0.003686604329554742,0.7685181263402617,-0.35523122166943677
2018-04-15,0.001972153794163406,0.7700337622790071,-0.35395963847689393
2018-04-16,-0.008217372329733762,0.7637061081478949,-0.35926839266756505
2018-04-17,0.0028030840756296596,0.7658468405781054,-0.3574723681022989
2018-04-18,0.007546669784796895,0.7716264337896782,-0.3526234242367595
2018-04-19,0.004255159530808933,0.7749098273636424,-0.34986873363037807
2018-04-22,0.0017725647655532045,0.7762834052201081,-0.34871633385462686
2018-04-23,0.0051085298068757334,0.7802490721342581,-0.3453892318333919
2018-04-24,-0.0002505130250666911,0.7800536095788922,-0.3455532203571665
2018-04-25,-0.00036655974031374935,0.7797676733303343,-0.3457931141987616
2018-04-26,0.005150776163464767,0.7837840820751646,-0.342423440965402
2018-04-29,0.004207235806796347,0.7870816465300683,-0.33965686132052164
2018-04-30,-0.002009350866538407,0.7855001233415766,-0.34098372237844
2018-05-01,0.008591695645989106,0.7922489013312143,-0.3353216550953628
2018-05-02,0.004781249819648045,0.7960368412478205,-0.3321436618786636
2018-05-03,-0.0007245480459127625,0.7954600743100199,-0.3326275558833999
2018-05-06,0.0028834620628216596,0.7977537532567822,-0.33070321275901693
2018-05-07,9.548718970955127e-05,0.7978299285207611,-0.3306393034897216
2018-05-08,-0.0020204643774651802,0.7962179415709093,-0.33199172293269585
2018-05-09,0.004482524316277639,0.7997870078550574,-0.32899735958726695
2018-05-10,-0.004268443343813261,0.7963731623249102,-0.3318614963414178
2018-05-13,-0.001735581816282032,0.794990991545404,-0.33302110537912555
2018-05-14,-0.0015326862512017741,0.7937725197828331,-0.33404337476075274
2018-05-15,0.004497005553747805,0.797342119212709,-0.3310485641184966
2018-05-16,0.0009992305378505326,0.7981388478073409,-0.3303801274154248
2018-05-17,0.0041838897841905065,0.8014781727790476,-0.3275785116712272
2018-05-20,0.0038874639100586156,0.8045938902504258,-0.32496449740300126
2018-05-21,0.004331999385917048,0.8080793904889032,-0.322040244020279
2018-05-22,-0.002641054784525535,0.8059452085483759,-0.32383077287752504
2018-05-23,0.001395867423263003,0.8070702012099236,-0.32288693028077176
2018-05-24,-0.0014496115887625996,0.8059002628933047,-0.3238684812335394
2018-05-27,0.006825237019469249,0.8114007232016042,-0.3192537233616245
2018-05-28,0.00403123831823825,0.8146716728884206,-0.316509472886242
2018-05-29,0.002344101091768354,0.8165813456462712,-0.31490730199542116
2018-05-30,-0.007299124844873617,0.8106210164584041,-0.31990787912846796
2018-05-31,-0.00014740528895042042,0.8105015266332438,-0.3200081283040579
2018-06-03,0.0019210225798583502,0.8120585183669159,-0.31870184856440986
2018-06-04,0.009665426115740082,0.8199074099778486,-0.3121168116189189
2018-06-05,-0.007094066414490408,0.814090932357733,-0.3169967006427057
2018-06-06,0.002460594826407426,0.8160940802941176,-0.315316106257888
2018-06-07,-0.006925620199031033,0.810442122647323,-0.32005796686233956
2018-06-10,0.0012672127433459193,0.811469125232886,-0.31919633565321104
2018-06-11,0.005827992579775154,0.8161983612734598,-0.3152286169491142
2018-06-12,0.00024939411333334976,0.8164019163400736,-0.3150578389972023
2018-06-13,-0.004561110505893971,0.812678216982423,-0.3181819358836818
2018-06-14,0.014724532749435996,0.824644524003134,-0.30814248346944395
2018-06-17,-0.0016337076373256752,0.8232972959461914,-0.3092727763781411
2018-06-18,-0.005998074426055305,0.8183590974903361,-0.31341580967352745
2018-06-19,0.0038557351293850403,0.8215144734109815,-0.3107685228916053
2018-06-20,0.00023273004403955217,0.8217056645105575,-0.31060811801958443
2018-06-21,-0.005915584958854878,0.8168447948409729,-0.3146862742673845
2018-06-24,0.0010059146070122886,0.8176664709517654,-0.31399690718028406
2018-06-25,-0.0061984259775443844,0.8125982258572509,-0.31824904657149355
2018-06-26,0.0064498595482997655,0.8178393702832278,-0.3138518486749602
2018-06-27,0.0016922771845202995,0.8192233811901606,-0.312690695813272
2018-06-28,-0.0016024706838537728,0.8179105997382757,-0.31379208882397125
2018-07-01,-0.0021115558060663983,0.8161835358625551,-0.3152410551229837
2018-07-02,-0.008341931057184549,0.8093749890763806,-0.32095326703193816
2018-07-03,-0.0009405911118366872,0.8086136981555125,-0.3215919723534896
2018-07-04,1.765423672898188e-05,0.8086279736131621,-0.32157999557757067
2018-07-05,0.0019935447759184166,0.8102400096856202,-0.3202275349218757
2018-07-08,-0.0024137906854806773,0.8082842598972373,-0.3218683633663275
2018-07-09,0.007694933829613011,0.8145039537926643,-0.31665018529466427
2018-07-10,-0.0029871699957161983,0.8120708920205025,-0.31869146735773024
2018-07-11,0.00026701609718475863,0.8122877280207271,-0.31850954701236556
2018-07-12,0.01372490041891795,0.8234362961993207,-0.30915615840866695
2018-07-15,-0.00298153055820256,0.8209811957194693,-0.31121593043331763
2018-07-16,-0.003437172041068846,0.818159342107299,-0.31358339977956584
2018-07-17,0.009704371419058725,0.826099064243081,-0.3069221581428192
2018-07-18,0.0010933554867440022,0.8270022841875653,-0.3061643776816839
2018-07-19,-0.0018892257845384464,0.8254398901484059,-0.307475189829599
2018-07-22,-0.011340808295382344,0.8160787345948715,-0.3153289809415375
2018-07-23,0.0005451656217646993,0.8165236326656259,-0.3149557218397282
2018-07-24,0.003067216744024213,0.8190280876236293,-0.3128545425593571
2018-07-25,-0.005096597180028818,0.8148538313818823,-0.3163566461600187
2018-07-26,0.0018515074622031601,0.8163625393312907,-0.31509087538889835
2018-07-29,0.00017068088058680192,0.8165018768083818,-0.31497397449638775
2018-07-30,-0.0036655392860476432,0.813508957101809,-0.3174849643048364
2018-07-31,0.0044656331651474574,0.8171417896807873,-0.3144371025257243
2018-08-01,-0.0012119596560634842,0.8161514467984107,-0.3152679770991571
2018-08-02,0.0030825039617344515,0.818667236866542,-0.31315728792583897
2018-08-05,0.001588758746846225,0.8199679015998701,-0.3120660605593235
2018-08-06,0.001449147463614963,0.8211561560047191,-0.3110691428358485
2018-08-07,0.0026955975641814647,0.823369662538658,-0.30921206249538746
2018-08-08,-0.0016676142928357556,0.8219965995211211,-0.31036403033328874
2018-08-09,-0.004544012071669856,0.8182614370500256,-0.31349774450451195
2018-08-12,0.002863419565593954,0.8206044628586456,-0.31153200051430185
2018-08-13,-0.003142388293929028,0.8180258050006127,-0.3136954342966304
2018-08-14,0.0018018042856076666,0.8194997274018004,-0.3124588477889141
2018-08-15,-0.0001341732814292926,0.8193897724342445,-0.31255109744142395
2018-08-16,0.005716862635063505,0.8240741112078269,-0.3086210464968715
2018-08-19,-0.004140431900942303,0.8206620884690414,-0.31148365397159583
2018-08-20,-0.005813147832774018,0.8158914584280178,-0.31548610127634036
2018-08-21,-0.0032340394850135907,0.8132528332359763,-0.3176998462528533
2018-08-22,-0.0007500622437199305,0.8126428429911677,-0.3182116138370633
2018-08-23,0.001527587501748742,0.8138842260415066,-0.31717012241952336
2018-08-26,0.000314297031328719,0.8141400274375967,-0.3169555110160972
2018-08-27,-0.005200472509876488,0.8099061146057174,-0.3205076651040807
2018-08-28,-0.0012868406297664343,0.8088638945111465,-0.3213820634482396
2018-08-29,-0.0076183308045364205,0.8027017017869149,-0.3265519993787829
2018-08-30,-0.009625733178729145,0.7949751093834022,-0.33303443014251133
2018-09-02,0.004829581048243976,0.798814506105506,-0.3298132658664964
2018-09-03,0.0032196977054116294,0.8013864473378634,-0.3276554671764095
2018-09-04,0.0025066559367220476,0.8033952474336913,-0.3259701307616847
2018-09-05,0.0001378257285068699,0.8035059759689479,-0.3258772321039214
2018-09-06,-0.008949902599879695,0.7963146757456045,-0.3319105652169526
2018-09-09,-0.0016638587909272476,0.7949897205720209,-0.333022171696142
2018-09-10,-0.003395883607130676,0.7922900280120929,-0.3352871507695987
2018-09-11,-0.0037944838814415152,0.7892836962713742,-0.3378093929617906
2018-09-12,0.002341803299972544,0.7911320434359169,-0.3362586728130177
2018-09-13,-0.0010167963858582934,0.7903276232334147,-0.3369335625956461
2018-09-16,0.0005744607057764419,0.790781635397652,-0.3365526569820382
2018-09-17,-0.006651503438402708,0.7855217486307788,-0.34096557926532123
2018-09-18,0.007263497381706981,0.7912273837952324,-0.3361786844758601
2018-09-19,0.006710708809746888,0.79653708037018,-0.33172397292567457
2018-09-20,-0.007080428731326386,0.7908972563407601,-0.3364556537082283
2018-09-23,0.006947752885362056,0.7963922150355266,-0.33184551156171394
2018-09-24,-0.00041979203723931417,0.7960578959251353,-0.332125997495606
2018-09-25,-0.0010640023790774939,0.7952108884299876,-0.33283661702319467
2018-09-26,0.004194930348292386,0.798546742719155,-0.3300379131006759
2018-09-27,0.008994032399318248,0.8057288979955413,-0.32401225238478837
2018-09-30,0.0011668671326691916,0.8066690765644541,-0.32322346450000905
2018-10-01,0.0031544715575836,0.8092136912228588,-0.3210885921679345
2018-10-02,0.0036225733138593504,0.8121451271458923,-0.31862918581944744
2018-10-03,0.022090847606966394,0.8300861013844125,-0.3035771269995502
2018-10-04,-0.00443737051321163,0.8264027017947025,-0.3066674133209285
2018-10-07,-0.0001957958795033494,0.8262408955508806,-0.30680316498452576
2018-10-08,-0.0005264619095326414,0.825805911191275,-0.3071681067139699
2018-10-09,-0.006929486255169195,0.8200835004802376,-0.31196907579563826
2018-10-10,-0.0020924435506449093,0.8183675220486675,-0.3134087416656339
2018-10-11,-0.008488652817123956,0.8114206842771863,-0.3192369764849067
2018-10-14,0.009501405810717907,0.8191303214817143,-0.3127687707375584
2018-10-15,-0.013244258092547747,0.8082815480925789,-0.321870638507169
2018-10-16,0.0002918594253109112,0.8085174526806946,-0.3216727200614372
2018-10-17,0.016490872449604576,0.8218506108661312,-0.31048651140888317
2018-10-18,0.007933643359600125,0.8283708805076127,-0.3050161572987675
2018-10-21,-0.007281298382152128,0.8223392649555507,-0.31007654202824986
2018-10-22,0.009814249514251274,0.8304099076871904,-0.30330546106598
2018-10-23,-0.003318950755528991,0.8276538180966732,-0.3056177559323481
2018-10-24,0.008189218200501358,0.834431655807545,-0.29993130822112424
2018-10-25,0.006520422981037022,0.8398725031521772,-0.2953665642349448
2018-10-29,-0.0036334957209720915,0.8368208300058116,-0.2979268468086509
2018-10-30,0.007668931424696375,0.8432383515658837,-0.2925426959417061
2018-10-31,0.006985264093979817,0.8491285941457436,-0.287600919837644
2018-11-01,0.004192705541142775,0.8526887403075613,-0.2846140402667422
2018-11-02,-0.031068447070877258,0.8261970253113827,-0.3068399710919637
2018-11-05,0.002320757733077657,0.82811442844692,-0.30523131459461506
2018-11-06,-0.0017352985860313503,0.8266774026501639,-0.30643694571201785
2018-11-07,-0.008253781475811964,0.8198541880176976,-0.3121614636018075
2018-11-08,-0.0038814989099325253,0.8166719248806034,-0.31483130813104665
2018-11-09,0.008996341724947668,0.824018984594,-0.3086672964397582
2018-11-12,0.009548124747392172,0.8318868206531229,-0.3020663655442132
2018-11-13,0.010181221338731178,0.8403564445029656,-0.2949605487320738
2018-11-14,-0.012907129549163185,0.8295098550062917,-0.3040605842668598
2018-11-15,-0.000480475866917272,0.8291112955395912,-0.3043949663609561
2018-11-16,0.00043557424724658864,0.8294724350680295,-0.30409197872204774
2018-11-19,-0.012497448956663956,0.819106145649807,-0.312789053696502
2018-11-20,-0.0024608837006939786,0.8170904206868391,-0.31448019991319875
2018-11-21,0.014042471366083567,0.8285643895228353,-0.3048538077495965
2018-11-22,-0.004651225158063477,0.8247105499892111,-0.3080870892075237
2018-11-23,-0.002085090591545541,0.8229909537806803,-0.3095297903079859
2018-11-26,0.00719613609015704,0.8289133086850543,-0.30456107271284283
2018-11-27,0.0029338452028514427,0.8313452120193195,-0.30252076255214533
2018-11-28,0.003026631098945119,0.8338613872919763,-0.3004097502012172
2018-11-29,-0.01226310329182907,0.823635658968547,-0.3089888976964561
2018-11-30,0.00023156311028228093,0.8238263826034771,-0.3088288850163672
2018-12-03,-0.0015672798136281813,0.8225352161440883,-0.30991214355264396
2018-12-04,-0.0006081535566151437,0.8220349884269491,-0.3103318229369193
2018-12-05,-0.0007648093979237737,0.821406288342378,-0.310859287640186
2018-12-06,0.0026192392998151313,0.8235577479739198,-0.30905426320327056
2018-12-07,0.004341216198514429,0.8271329902098362,-0.30605471837839404
2018-12-10,0.001268262559372939,0.8281820120129415,-0.30517461355945996
2018-12-11,0.006637791824894669,0.8336793118018059,-0.30056250728961553
2018-12-12,0.0022690996677243577,0.8355710132512041,-0.2989754139073124
2018-12-13,-0.0043425067186150515,0.8319425405122808,-0.3020196178823342
2018-12-14,0.0010875790407952274,0.8328473437824878,-0.30126050904785684
2018-12-17,0.008962658123865057,0.8403118697941794,-0.29499794587280925
2018-12-18,-0.004091221919945747,0.8368739674528869,-0.2978822657302612
2018-12-19,-0.0036538121361550865,0.8338161871941753,-0.30044767202874567
2018-12-20,0.006349915225167997,0.8391108492962311,-0.2960055740505593
2018-12-21,-0.007096622127019133,0.8331559966760937,-0.3010015564710502
2018-12-24,0.011292262297604511,0.8425642127253824,-0.2931082827011039
2018-12-25,-0.006573131676877193,0.8370259272089141,-0.2977547750402033
2018-12-26,0.0006536310761214607,0.8375730333664572,-0.2972957657381118
2018-12-27,0.005454767825258492,0.8421417998001687,-0.2934626772903871
2018-12-28,-0.0010285982603846335,0.8412755742098971,-0.29418942035142304
2018-12-31,-0.004100045852593243,0.8378263057809697,-0.29708327609122764
2019-01-01,-0.009364626691251234,0.8299803751952208,-0.3036658288056706
2019-01-02,0.005232016773651692,0.834322846440044,-0.300022596741915
2019-01-03,0.008367810664890797,0.841304302052447,-0.29416531836174953
2019-01-04,-0.007219206981732928,0.835230752161308,-0.29926088502338155
2019-01-07,-0.010250342925386879,0.8266693505298258,-0.30644370125312403
2019-01-08,-0.006892153281487574,0.8209718186528664,-0.3112237975734288
2019-01-09,0.0014331578717437143,0.8221484008772485,-0.31023667253705134
2019-01-10,-0.01007136318505729,0.8138682457399996,-0.31718352951966433
2019-01-11,0.005342613648285624,0.8182164293375964,-0.3135355049252019
2019-01-14,-0.0017427847869696947,0.8167904541920982,-0.31473186480401305
2019-01-15,-0.0017794026966868669,0.8153370550552806,-0.3159512327717344
2019-01-16,0.0037944990657657017,0.818430850748972,-0.31335561036354864
2019-01-17,0.0052577480581987345,0.8227339539652674,-0.3097454071572645
2019-01-18,-0.0003070150984855432,0.8224813622193634,-0.3099573257390662
2019-01-21,0.007092147717363424,0.8283145215350014,-0.3050634411619232
2019-01-22,0.0007947271772200099,0.8289728055965512,-0.30451115619217084
2019-01-23,0.0005326811878385928,0.8294143838153222,-0.3041406823687228
2019-01-24,-0.007199158245223453,0.8234432984153712,-0.30915028371276354
2019-01-25,0.005330557998631043,0.8278327106761585,-0.3054676692317566
2019-01-28,-0.015947846560823615,0.8146305616282644,-0.3165439642743797
2019-01-29,0.0017446235323576795,0.8160517852762589,-0.31535159079112085
2019-01-30,0.0038829427114315477,0.819220467608048,-0.31269314024069006
2019-01-31,-0.01311858197012779,0.8084734567521253,-0.32170963161907373
2019-02-01,-0.0006168448282863451,0.807974754081521,-0.322128031524886
2019-02-04,0.002087234784654227,0.8096611870933624,-0.32071315357274266
2019-02-05,0.007683316972133918,0.815882070633835,-0.31549397741664076
2019-02-06,0.0008779746100900996,0.8165983943766794,-0.3148929985083587
2019-02-07,0.013394614736532988,0.8275364152638264,-0.30571625417007686
2019-02-08,0.005461623428474503,0.8320561075373472,-0.3019243377978431
2019-02-11,-0.0015328374231155198,0.8307807007975822,-0.3029943742970327
2019-02-12,0.00871973173787518,0.838024885641541,-0.29691667222111295
2019-02-13,-0.004246101236393443,0.83446654713849,-0.29990203520848246
2019-02-14,0.002826030543092917,0.8368247750878927,-0.2979235369768245
2019-02-15,-0.0020762008898988073,0.8350873587451658,-0.2993811887541302
2019-02-18,-0.006778098881776427,0.8294270540526696,-0.3041300523351873
2019-02-19,0.0002252768854331517,0.8296139047961005,-0.30397328892071085
2019-02-20,-0.007591256294317501,0.8233160930194638,-0.30925700607220463
2019-02-21,0.00041787536429719284,0.8236601365317661,-0.3089683615919814
2019-02-22,0.006062540363391389,0.8286536093552064,-0.3047789543917523
2019-02-25,-0.006935836828997201,0.822906203132959,-0.3096008941241759
2019-02-26,-0.001303223613332008,0.8218337723374788,-0.3105006385415766
2019-02-27,-0.006526815841294581,0.8164698146532756,-0.3150008738965059
2019-02-28,0.003381368679021846,0.819230600111911,-0.31268463930634227
2019-03-01,0.0041015879009626945,0.8225907464294284,-0.3098655549387753
2019-03-04,0.0061633127684675585,0.8276606304801202,-0.3056120405015702
2019-03-05,0.0028035418753702937,0.8299810117162665,-0.30366529477936344
2019-03-06,0.005702477637326244,0.8347139598749839,-0.29969446169474867
2019-03-07,0.003973233078240345,0.8380304729912281,-0.2969119845650794
2019-03-08,0.007676168400978982,0.8444633360270608,-0.2915149625578908
2019-03-11,-0.0036456582180922027,0.8413847113261962,-0.29409785685703704
2019-03-12,-0.0023352116903221803,0.839419899912249,-0.29574628779392786
2019-03-13,-0.004338970736426018,0.8357776815309561,-0.29880202404220935
2019-03-14,-0.008336557445820172,0.8288101728769389,-0.30464760124967427
2019-03-15,0.0037096672247393715,0.8318847828107911,-0.30206807524638624
2019-03-18,-0.0022995931333870357,0.8299717862764703,-0.30367303470812124
2019-03-19,-0.0013648951698718396,0.8288389617942516,-0.30462344801969965
2019-03-20,-0.0013302097726758996,0.8277364321072983,-0.30554844470483356
2019-03-21,-0.010145285011815474,0.8193388100889065,-0.31259385366020165
2019-03-22,0.008213657066645258,0.82606857809637,-0.30694773530866226
2019-03-25,0.001732913494223484,0.8275000834825071,-0.30574673568697663
2019-03-26,-0.004641071124113721,0.8236595967398548,-0.3089688144648015
2019-03-27,0.0020186301607847423,0.8253222608440537,-0.3075738780716373
2019-03-28,0.009830659839943186,0.8334357232487444,-0.30076687240266853
2019-03-29,0.004482027649892253,0.8371712052047532,-0.29763289019105665
2019-03-31,-0.00291354508604972,0.8347320691536466,-0.2996792684324434
2019-04-01,0.0017075473492233542,0.8361574136856417,-0.29848343762364904
2019-04-02,0.004067752352506126,0.8395586949722269,-0.2956298419767206
2019-04-03,-0.006543452888646455,0.8340650822044227,-0.3002388549219144
2019-04-04,0.007036222471986407,0.8399337496789286,-0.295315179827893
2019-04-07,0.0030062372949183295,0.8424587898424739,-0.29319673004032887
2019-04-08,-0.004896181626966012,0.8383339585941711,-0.2966573672245849
2019-04-09,-0.0014214942386621674,0.8371422717019548,-0.2976571647248806
2019-04-10,-0.0029613702751281465,0.8346631834624834,-0.29973706192021354
2019-04-11,0.0072212708052526,0.8406905123414402,-0.2946802736094576
2019-04-14,-0.004580051193146231,0.8368401067573241,-0.29791067406386207
2019-04-15,0.000614345755791212,0.8373542159251863,-0.297479348466287
2019-04-16,0.006358119747939715,0.8426782143014808,-0.293012638038435
2019-04-17,-0.00042275142308545026,0.8423219708871817,-0.29331151795180765
2019-04-18,0.007890937382168403,0.8489686808150773,-0.28773508339126574
2019-04-21,-0.0004073607151822697,0.8486228443260931,-0.28802523213709463
2019-04-22,-0.0004900475129742495,0.8482069788117781,-0.2883741336013862
2019-04-23,0.00798991852215362,0.8549840834624063,-0.28268830091060426
2019-04-24,0.014543761987466665,0.8674187684753558,-0.27225589028822283
2019-04-25,-0.0035291469033548106,0.8643575202146792,-0.2748242061594469
2019-04-28,-0.004413061683838882,0.8605430571610817,-0.2780244516692921
2019-04-29,-0.0017818483523239234,0.8590096999325754,-0.2793109026105034
2019-04-30,-0.005391376523783764,0.8543784552026563,-0.2831964088911161
2019-05-01,0.004432484443140981,0.8581654744138969,-0.28001918812473836
2019-05-02,0.004826349822362005,0.8623072811988916,-0.27654430886124015
2019-05-05,-0.002337057300352567,0.8602920196722185,-0.2782350662656977
2019-05-06,-0.002994316869636241,0.8577160327649005,-0.2803962591826902
2019-05-07,0.0026275275296654696,0.8599697052536257,-0.2785054805432424
2019-05-08,0.0006919074939251521,0.8605647247372392,-0.2780062730784044
2019-05-09,-0.0029098750817228105,0.8580605888885167,-0.2801071846335338
2019-05-12,-0.0035922123325475143,0.8549782530590384,-0.2826931924830055
2019-05-13,0.002084802700790405,0.856760714030133,-0.2811977493133987
2019-05-14,0.0056628237157035355,0.8616123989202259,-0.2771272988813096
2019-05-15,0.0019437484993648445,0.8632871567276611,-0.2757222161532784
2019-05-16,0.008962366649893836,0.8710242527503989,-0.26923097309807154
2019-05-19,0.0035127572186691844,0.8740839494818838,-0.2666639589236418
2019-05-20,-0.002897346310842084,0.8715514255754863,-0.2687886873968619
2019-05-22,0.007975811554386324,0.8785027555058332,-0.2629566837611037
2019-05-23,-0.007450081165252473,0.8719578386734168,-0.26844771628939035
2019-05-26,-0.00859029480464889,0.8644674637819877,-0.27473196607147865
2019-05-27,0.00465082842672426,0.8684879536365231,-0.27135886888228944
2019-05-28,0.0033765486436634303,0.8714204454584126,-0.2688985766592965
2019-05-29,0.006441896449432052,0.8770340457319737,-0.26418889699610326
2019-05-30,0.001333884741844446,0.8782039080636538,-0.26320740979292656
2019-06-02,-0.012250483144199091,0.8674454858907502,-0.27223347500002915
2019-06-03,-0.014470003849774999,0.8548935463704411,-0.282764259418516
2019-06-04,-0.002781086895919066,0.8525160131312245,-0.2847589543379321
2019-06-05,0.0021457361238272107,0.8543452875367413,-0.283224235789011
2019-06-06,-0.0038717976160730014,0.8510374354891533,-0.285999446484142
2019-06-09,-0.008209900150009735,0.844050503119867,-0.29186131973555896
2019-06-10,0.002643001508196054,0.8462813298726063,-0.2899897081356082
2019-06-11,0.004572239849864924,0.8501507310932465,-0.28674337078533163
2019-06-12,0.006823489563887995,0.8559517257345929,-0.28187647161951146
2019-06-13,0.0018618308592656075,0.8575453630716071,-0.2805394470736081
2019-06-16,0.015756869253919198,0.8710575932368311,-0.2692030012077945
2019-06-17,0.0028554925384715354,0.8735448916948979,-0.26711621583060596
2019-06-18,-0.00341000282781549,0.8705661011439946,-0.2696153516070836
2019-06-19,-0.007222712477238111,0.8642782525030013,-0.27489070992021436
2019-06-20,-0.02236859672443901,0.8449455608150588,-0.29111038721115334
2019-06-23,-0.005848590810863793,0.8400038199723957,-0.295256392486427
2019-06-24,-0.0039058823172713622,0.8367228639055251,-0.29800903808122425
2019-06-25,0.001217636946973405,0.8377416885789939,-0.2971542679495506
2019-06-26,-0.0026325434628186543,0.8355362971731947,-0.29900453988682985
2019-06-27,-0.002097901539506806,0.8337834242890412,-0.3004751593417886
2019-06-30,0.0008104987177042367,0.8344592046852705,-0.2999081953554329
2019-07-01,0.01335437680096979,0.8456028873296751,-0.29055890560093844
2019-07-02,-0.003819261838499226,0.8423733084915721,-0.29326844689943987
2019-07-03,-0.0035235482663405733,0.839405165480825,-0.2957586496381356
2019-07-04,0.0008758205627587503,0.8401403337852391,-0.2951418605823436
2019-07-07,0.013978826762922315,0.8518845099677668,-0.2852887707589884
2019-07-08,0.0037588443066938473,0.8550866112080198,-0.28260228252402564
2019-07-09,0.006632029380494548,0.8607575707364188,-0.27784447978422533
2019-07-10,-0.01162116832650197,0.8507545621185799,-0.2862367706425655
2019-07-11,4.3042487816076296e-05,0.8507911807114544,-0.28620604849746223
2019-07-14,-0.010608181387941798,0.8417658335432061,-0.29377810420861694
2019-07-15,-3.369427626192074e-05,0.8417374708526629,-0.29380189984427596
2019-07-16,0.009666973998655766,0.8498745250970898,-0.2869751011721705
2019-07-17,-0.004144103555678532,0.8463525570557544,-0.28992995019069023
2019-07-18,-0.011493532745149823,0.8366249762272928,-0.2980911635595237
2019-07-21,0.005789854106940163,0.8414689127818711,-0.29402721380016117
2019-07-22,0.0049921021072838806,0.8456696115145833,-0.29050292556648794
2019-07-23,0.006890232620479745,0.8514964718579896,-0.28561432568009115
2019-07-24,0.0012308874714723247,0.8525445681972025,-0.2847349973037715
2019-07-25,0.007958125968714879,0.8593292252648594,-0.27904282831130167
2019-07-28,0.006650213199448319,0.8650439478213875,-0.2742483094119006
2019-07-29,0.0045378911194281415,0.8689694230701211,-0.27095492726027093
2019-07-30,0.001046458563869845,0.8698787635646339,-0.2701920118004554
2019-07-31,0.010375629064334875,0.8789043029463228,-0.2626197948267084
2019-08-01,-0.0020472477191309075,0.8771049681167816,-0.26412939476988173
2019-08-04,-0.0044666908689044585,0.8731872113646236,-0.26741630128295824
2019-08-05,-0.010483850757579084,0.8640328469572502,-0.275096599447743
2019-08-06,0.007344071104129028,0.8703783656216073,-0.2697728573304623
2019-08-07,0.004555561225425005,0.874343427555482,-0.266446262873564
2019-08-08,-0.00617329394501383,0.868945848568291,-0.270974705717309
2019-08-11,0.002724426817378382,0.87131322794098,-0.2689885296550182
2019-08-12,-0.0002560231764718472,0.8710901515606606,-0.2691756855336932
2019-08-13,0.0040661655697861775,0.8746321483431164,-0.2662040328686477
2019-08-14,0.0018153676359333845,0.8762199272385653,-0.26487192341853905
2019-08-15,0.002946963508397135,0.8788021153894678,-0.2627055278028553
2019-08-18,-0.0005007716064988016,0.8783620362423498,-0.26307474394016006
2019-08-19,0.00463196237110756,0.8824305761424337,-0.2596613338837721
2019-08-20,-0.0030597973145995486,0.8797305174352325,-0.2619266201462489
2019-08-21,0.002472393265857491,0.8819055572423086,-0.2601018124921898
2019-08-22,-0.00017261355454855354,0.8817533283892969,-0.2602295289483396
2019-08-25,-0.0013425012463458357,0.8805695734469646,-0.2612226717277363
2019-08-26,-0.0025981571656372177,0.8782817152998712,-0.26314213133699726
2019-08-27,0.0014449911925875532,0.8795508246430902,-0.2620773782065904
2019-08-28,0.005725914955371028,0.884587057863923,-0.2578520960305569
2019-08-29,0.002635557126814887,0.8869184375885645,-0.2558961228330995
2019-09-01,0.007387714987210849,0.8934707382223711,-0.2503988954677119
2019-09-02,0.004706486256420913,0.8976758459723291,-0.24687090817143265
2019-09-03,-0.0069912637143966635,0.8913999574030924,-0.2521362322633902
2019-09-04,-0.011962955000637893,0.8807361798251087,-0.2610828928634308
2019-09-05,0.0013509417907127726,0.8819260031370271,-0.2600846588635275
2019-09-08,-0.004415368456067292,0.8780319748821903,-0.2633516577209417
2019-09-09,-3.711110394105019e-06,0.878028716408602,-0.26335439150426154
2019-09-10,0.0006194832429438513,0.8785726404852406,-0.2628980518938102
2019-09-11,0.0037668703214627495,0.8818821096899337,-0.26012148444159666
2019-09-12,0.0014747178600049479,0.8831826369875123,-0.25903037238046867
2019-09-15,-0.009040073162353276,0.8751986013334252,-0.2657287920252308
2019-09-16,0.011814399544032657,0.885538547289957,-0.25705381860053733
2019-09-17,-0.004296442746346743,0.8817338816218425,-0.26024584433253717
2019-09-18,0.007160138470361062,0.8880472183082638,-0.25494910214393307
2019-09-19,-0.00042166356430991376,0.8876727611529164,-0.25526326296111546
2019-09-22,0.003792931137276991,0.891039642808406,-0.2524385278021265
2019-09-23,-0.0008133996269881153,0.890314871495314,-0.25304659402476304
2019-09-24,-0.007713440656105511,0.8834474805687867,-0.2588081747946288
2019-09-25,0.014079810781546728,0.8958862539306295,-0.24837233414290794
2019-09-26,0.0018929252921520863,0.8975820996795861,-0.2469495591239258
2019-09-29,-0.000845087937750266,0.8968235638740063,-0.24758595296802777
2019-09-30,0.006844147450152246,0.902961556581931,-0.24243632028657514
2019-10-01,-0.0011785188605878789,0.9018973993571134,-0.2433291233712137
2019-10-02,4.791396588507392e-05,0.9019406128383382,-0.2432928682686446
2019-10-03,-0.005734759510108566,0.8967682003313103,-0.24763240168870804
2019-10-06,-0.004201338623733293,0.8930005734547226,-0.2507933527387387
2019-10-07,0.00698348419300263,0.8992368288437859,-0.2455612799602973
2019-10-08,0.0011404856918955828,0.9002623955807076,-0.24470085339468006
2019-10-09,0.0010609320177154572,0.9012175127805245,-0.24389953234709327
2019-10-10,-0.009046849518347177,0.8930643335591,-0.25073985949870103
2019-10-13,-0.005528158016499284,0.8881273328042856,-0.25488188795085676
2019-10-14,0.0008373125260008224,0.8888709729447263,-0.25425799122228787
2019-10-15,-0.0014463081934604617,0.8875853915736271,-0.25533656399979077
2019-10-16,-0.005096910131561978,0.8830614485986891,-0.25913204661134404
2019-10-17,-0.01579648691868664,0.8691121799775035,-0.270835157545522
2019-10-20,-0.005079944419987377,0.8646971384084836,-0.2745392744181997
2019-10-21,-0.0059519905192656165,0.8595504692386402,-0.2788572097789621
2019-10-22,0.004954976063504316,0.8638095212390916,-0.2752839645150481
2019-10-23,-0.0008003736408736089,0.8631181508675562,-0.27586400812696876
2019-10-24,0.008675534687696315,0.870606162324988,-0.26958174121086487
2019-10-28,0.0026829372123612946,0.8729419439952009,-0.2676220748837712
2019-10-29,-2.387150353028e-05,0.8729211055585031,-0.26763955784599613
2019-10-30,-0.0019678584462010083,0.8712033203880627,-0.26908073952775236
2019-10-31,-0.005275445335428584,0.8666073348953116,-0.2729366641309856
2019-11-01,-0.008156288922549486,0.8595390350895048,-0.278866802763326
2019-11-04,-0.003045651942848107,0.8569211783573306,-0.28106312348654217
2019-11-05,0.009599828808390996,0.8651474749718456,-0.27416145254797364
2019-11-06,0.007278734246175791,0.8714446535259157,-0.2688782666554401
2019-11-07,0.002412051070299327,0.8735466225351596,-0.2671147636960072
2019-11-08,0.007582254577959217,0.8801700754129376,-0.2615578412579226
2019-11-11,0.00046310227401742075,0.8805776841763834,-0.2612158670149788
2019-11-12,-0.002851844778461754,0.878066413305735,-0.2633227646870425
2019-11-13,0.0030117957935521435,0.8807109700357886,-0.2611040432885213
2019-11-14,-0.005932468719489618,0.8754861797551399,-0.26548752043866963
2019-11-15,0.0024231499059541727,0.8776076140092777,-0.26370768659289845
2019-11-18,-0.005021834366209331,0.8732004139331989,-0.26740522463594196
2019-11-19,-0.0010195819448756878,0.8723101145568947,-0.2681521650418134
2019-11-20,-0.001732343696818611,0.8707989736282709,-0.2694199770257336
2019-11-21,0.004563117986901419,0.8747725320878094,-0.2660862541820288
2019-11-22,0.0021546475765350593,0.8766573586040918,-0.2645049287082164
2019-11-25,0.006263842759029771,0.8821486024519342,-0.25989790323160333
2019-11-26,0.00044011064640677534,0.882536845443586,-0.2595721764193877
2019-11-27,-0.0005264996746053428,0.8820721900816327,-0.2599620114275716
2019-11-28,0.0023096660147002112,0.8841094822415765,-0.2582527708357787
2019-11-29,0.0001634813613334245,0.884254017663301,-0.25813150898898973
2019-12-02,0.0010629112782406963,0.8851939012315051,-0.2573429686029226
2019-12-03,-0.016657730072058424,0.8704485801633584,-0.26971394896805134
2019-12-04,-0.008314901458122739,0.8632108859949371,-0.27578620551862365
2019-12-05,-0.00402829399363955,0.8597336187676394,-0.27870355159704396
2019-12-06,-0.0050484531298473495,0.855393293889137,-0.2823449829095316
2019-12-09,0.004874674336506145,0.8595630576264779,-0.27884664841525575
2019-12-10,-0.001279540592920195,0.8584632118020702,-0.27976939340232887
2019-12-11,-8.893949798831813e-05,0.8583868605149712,-0.27983345035091545
2019-12-12,-0.009525873053396628,0.8502099762510019,-0.28669366548017516
2019-12-13,-0.016335158520260712,0.8363216615134347,-0.29834563752806265
2019-12-16,0.011083209924985966,0.8455907900528011,-0.290569054934004
2019-12-17,0.0017325273065406058,0.8470557991867268,-0.2893399464495723
2019-12-18,0.00497817874058879,0.8512725943583306,-0.2858021536792019
2019-12-19,0.000271162164696119,0.8515034272777632,-0.2856084902451723
2019-12-20,-0.003260179355922352,0.848727373382655,-0.2879375346973213
2019-12-23,0.004393414655828638,0.8524561846636773,-0.284809149026395
2019-12-24,-0.0017446948038449552,0.8509689087877891,-0.2860569387878461
2019-12-25,0.00027264367787065055,0.8512009200808345,-0.2858622867258471
2019-12-26,-0.002110665656678007,0.8494043195318871,-0.2873695926713934
2019-12-27,-0.004319488140898804,0.8457353276468409,-0.2904477912646932
2019-12-30,-0.01298275725963108,0.8347553511821074,-0.2996597353537388
2019-12-31,-0.00887861102453776,0.8273438831183101,-0.30587778414835476
2020-01-01,-0.011013281823570123,0.8182321117685213,-0.31352234773152987
2020-01-02,0.004450544007165544,0.8218736897900232,-0.31046714873017334
2020-01-03,0.009737152734086884,0.8298763994356361,-0.30375306204218866
2020-01-06,0.00560399270431678,0.834527020723558,-0.29985129928147025
2020-01-07,-0.0032702432238283334,0.8317979143889351,-0.30214095582566725
2020-01-08,0.007608029048494457,0.8381262570840834,-0.2968316239458343
2020-01-09,0.000471284614337902,0.8385212530939198,-0.2965002315089109
2020-01-10,0.00983622470269256,0.846769136557335,-0.28958044970774033
2020-01-13,-0.00383378890410871,0.8435228024372597,-0.2923040482969127
2020-01-14,0.0028737967267545026,0.8459469155058467,-0.29027027398737093
2020-01-15,-0.0019518707584210134,0.8442957364582944,-0.29165557468595715
2020-01-16,-0.002471232553051102,0.8422092853499563,-0.2934060584885656
2020-01-17,-0.00033357505649797163,0.8419283453400126,-0.29364176060252634
2020-01-20,0.007201610347433951,0.8479915852236112,-0.2885548437966863
2020-01-21,0.0017408617362819438,0.849467821327016,-0.28731631614678876
2020-01-22,0.00012086251109618763,0.8495704901409971,-0.287230179407141
2020-01-23,-0.004514168820527626,0.8457353855235622,-0.2904477427074743
2020-01-24,3.111791189746187e-05,0.8457617030427775,-0.2904256629228452
2020-01-27,0.007406311277227103,0.8520256774818701,-0.2851703345081197
2020-01-28,0.001229938102511774,0.8530736163269235,-0.2842911382657255
2020-01-29,0.0043917412579816,0.856820094923842,-0.281147930128944
2020-01-30,0.0004880215901718843,0.857238241629058,-0.28079711479870717
2020-01-31,0.0004251745961660415,0.8576027175522608,-0.28049132800243015
2020-02-03,-0.005859099748878136,0.8525779376852132,-0.28470700108184677
2020-02-04,0.005158302498528111,0.8569757925913648,-0.2810173034183475
2020-02-05,2.0346068367250634e-05,0.85699322867943,-0.28100267494724807
2020-02-06,0.005720129927550587,0.8618953412945074,-0.2768899168303849
2020-02-07,0.005482657649865996,0.8666208183808395,-0.2729253518011999
2020-02-10,0.010846749035641218,0.8760208369068785,-0.2650389555620104
2020-02-11,0.0006753322426299613,0.8766124420232575,-0.26454261267162427
2020-02-12,-0.004053714197412899,0.8730589057213991,-0.2675239467242294
2020-02-13,0.0015679022640746583,0.8744277767563502,-0.2663754958619179
2020-02-14,-0.0019472452578824183,0.8727250514147008,-0.2678040426986671
2020-02-17,0.001809838010933228,0.8743045423858448,-0.26647888662369157
2020-02-18,0.001498236348828584,0.8756144572311931,-0.2653798986289979
2020-02-19,0.008166743713309131,0.8827653760950686,-0.25938044453445586
2020-02-20,0.009444631792523795,0.8911027700314753,-0.2523855655347411
2020-02-21,0.012376591060103439,0.9021315846086803,-0.24313264740873408
2020-02-24,-0.006323122835043919,0.8964272957858268,-0.24791841264900305
2020-02-25,-0.004275696400915392,0.892594444823553,-0.2511340851852345
2020-02-26,-0.0053726847939254835,0.8877988162227071,-0.25515750569844897
2020-02-27,0.007708412298159072,0.8946423355359692,-0.24941595265518346
2020-02-28,-0.01221972236008435,0.8837100545841422,-0.25858788132164556
2020-03-02,-0.0025843706192920373,0.8814262202831019,-0.26050396501794504
2020-03-03,-0.006552687588018955,0.8756505096296984,-0.26534965150776113
2020-03-04,-0.005711380721622684,0.8706493361901202,-0.26954551934527315
2020-03-05,-0.0069875166617560346,0.864565659446945,-0.2746495821995023
2020-03-06,-0.016494879333961973,0.8503047532180803,-0.28661414981596045
2020-03-09,-0.035999853647062395,0.8196939065468279,-0.3122959360164711
2020-03-10,-0.002786201766585898,0.8174100739363475,-0.31421201829443024
2020-03-11,0.023532752929135467,0.8366459832480778,-0.29807353915918267
2020-03-12,0.0032494178312255317,0.8393645956244673,-0.2957926868011175
2020-03-13,0.023241298770964536,0.8588725189691453,-0.2794259942383641
2020-03-16,0.020735592320528264,0.8766817493777948,-0.2644844654181209
2020-03-17,0.001291195683103348,0.8778137170680469,-0.2635347709350132
2020-03-18,0.017018762600760438,0.8927530203265192,-0.2510010440378415
2020-03-19,0.026792069284907415,0.9166717211014177,-0.23093381211538
2020-03-20,0.01864985948103594,0.9337675198901986,-0.21659083577971572
2020-03-23,0.001659914627442857,0.9353174942550952,-0.2152904434487538
2020-03-24,-0.009825856358780524,0.9261271989066902,-0.2230008868347887
2020-03-25,-0.009787772495288583,0.9170624765820926,-0.23060597738349076
2020-03-26,0.0021013578951186865,0.9189895530575756,-0.2289892051796084
2020-03-27,-0.023713847106332123,0.8971967753040517,-0.2472728372853108
2020-03-29,-0.011789375367794128,0.8866193857412178,-0.25614702035608894
2020-03-30,0.002178282485763559,0.8885506932207162,-0.2545266984385476
2020-03-31,0.0027525845869947555,0.890996504163639,-0.2524747201186536
2020-04-01,-0.001425363271200573,0.889726510471836,-0.2535402151968903
2020-04-02,0.0031157810321479447,0.8924987034569635,-0.2512144099581395
2020-04-05,-0.0051275556285300065,0.8879223667065971,-0.25505384972492073
2020-04-06,0.009108405411737937,0.8960099235967105,-0.24826857817830195
2020-04-07,0.0001926972109078181,0.8961825822099334,-0.248123721629965
2020-04-08,0.006011017552088933,0.9015695514414737,-0.24360418012368346
2020-04-09,0.0029550301839072054,0.9042337166788749,-0.24136900764496771
2020-04-12,-0.00027131232171611486,0.9039883869298287,-0.24157483358082943
2020-04-13,0.003625561528628044,0.907265852447808,-0.23882511647511673
2020-04-14,-0.0006704370997994937,0.9066575877609457,-0.23933543635646748
2020-04-15,-0.007532953045968351,0.8998277787235716,-0.24506548679812623
2020-04-16,0.003274978250232298,0.9027746951278461,-0.24259309268704032
2020-04-19,-0.00036898296210854313,0.9024415866467212,-0.24287256293122206
2020-04-20,-0.0005273124891590833,0.9019657179273459,-0.24327180568467344
2020-04-21,-0.005591217557030503,0.896922631369431,-0.2475028376506293
2020-04-22,0.0007847954249090995,0.8976265321470271,-0.24691228132036036
2020-04-23,0.006882965622443125,0.903804864709588,-0.24172880444200429
2020-04-26,-0.0007593534969181703,0.9031185573250391,-0.24230460032596357
2020-04-27,0.0030036596934320367,0.9058312181340668,-0.2400287411940638
2020-04-28,0.0022366877067504934,0.9078572796840582,-0.2383289228220088
2020-04-29,0.003955244216775612,0.9114480769391862,-0.2353163276989153
2020-04-30,-0.004149285506175038,0.9076662186439113,-0.23848921857720295
2020-05-03,-0.008771008623803315,0.8997050704126506,-0.24516843620818152
2020-05-04,0.002948635329105971,0.902357972569045,-0.24294271319166072
2020-05-05,0.002906487768219661,0.9049806649788724,-0.24074233544771073
2020-05-06,-0.0012337459279731509,0.9038641487685604,-0.24167906649963444
2020-05-07,0.003551191942090912,0.9070739438504122,-0.23898612331106905
2020-05-10,0.0035612823928119204,0.9103042903156251,-0.2362759379913313
2020-05-11,-0.0033360130463705234,0.907267503326965,-0.23882373142601931
2020-05-12,-0.004252223729988492,0.9034095989198707,-0.24206042321795374
2020-05-13,-0.0015546100060841602,0.9020051493177974,-0.24323872366802624
2020-05-14,0.002203802991031206,0.9039929909637895,-0.24157097090374924
2020-05-17,-0.0043519976546857785,0.9000588155872628,-0.2448716522596217
2020-05-18,0.005303651876676756,0.9048324142136716,-0.24086671438099672
2020-05-19,0.0016936324670523443,0.9063648677676253,-0.23958102160165218
2020-05-20,0.0028730378592047093,0.9089688883469748,-0.23739630908785592
2020-05-21,-0.0015428660026204693,0.9075664711517045,-0.23857290439603707
2020-05-24,-0.000991110634534953,0.9066669723705987,-0.23932756288791324
2020-05-25,0.0004841570575650208,0.907105941584133,-0.2389592779589903
2020-05-26,0.006175445623871745,0.9127077250014769,-0.2342595123624739
2020-05-27,-0.001063901340971166,0.9117366940289331,-0.23507418469410735
2020-05-28,-0.0006280093802800576,0.9111641148327374,-0.23555456528133778
2020-05-31,-0.00010689548262489887,0.9110667155049319,-0.23563628104502243
2020-06-01,0.006936206232409919,0.9173860621351584,-0.23033449665377892
2020-06-02,0.011337400072024297,0.9277868349420837,-0.22160849092070678
2020-06-03,0.0011448168170126241,0.9288489809133283,-0.22071737523089296
2020-06-04,-0.0007207200104509063,0.9281795408660972,-0.22127901981236076
2020-06-07,0.005772185553595252,0.9335371654030272,-0.2167840978202401
2020-06-08,0.003268028187975706,0.9365879911740873,-0.2142245261746457
2020-06-09,-0.008161688605239047,0.9289438516387181,-0.22063778090564246
2020-06-10,-0.0026765538354372805,0.9264574834097086,-0.2227237858423543
2020-06-11,-0.01039022073963679,0.9168313856511933,-0.23079985728312147
2020-06-14,0.0019831171825480604,0.9186495697255774,-0.22927444326328128
2020-06-15,0.008066796662152351,0.9260601290083275,-0.22305715691476202
2020-06-16,-0.002133828340776388,0.9240840756597865,-0.22471501957250062
2020-06-17,-0.0031797800706158817,0.92114569153243,-0.22718025530231178
2020-06-18,-0.0018872622371720132,0.9194072480538671,-0.22863876882262069
2020-06-21,-0.003554692013321972,0.9161390384522197,-0.2313807204304732
2020-06-22,0.009107262595385324,0.924482557249288,-0.22438070281555744
2020-06-23,-0.002122115290550258,0.9225206986787022,-0.22602665638575847
2020-06-24,-0.006764508500830395,0.9162802995702981,-0.2312622056480531
2020-06-25,0.0033243342679425657,0.9193263215692004,-0.22870666425522634
2020-06-28,-0.003719538430743926,0.9159068519857293,-0.23157551945890564
2020-06-29,0.0016806832111983083,0.9174462012548833,-0.23028404133538638
2020-06-30,0.005148645066506734,0.9221698061127597,-0.22632104706219625
2020-07-01,0.0006616035025457257,0.9227799168864258,-0.2258091783570867
2020-07-02,0.0023599990733414993,0.9249576766351758,-0.22398208873542003
2020-07-05,0.002771863404081223,0.9275215329693648,-0.22183107308627426
2020-07-06,-0.0005624110239641295,0.9269998846342586,-0.22226872386927687
2020-07-07,-0.000374989711827862,0.9266522692146553,-0.22256036509639265
2020-07-08,0.0024460633754751398,0.9289189193921821,-0.22065869847881225
2020-07-09,-0.00097710113441819,0.9280112716622615,-0.22142019374862754
2020-07-12,-0.0012286877579635264,0.9268710355735179,-0.2223768252251661
2020-07-13,-0.003191703637900778,0.923912737917413,-0.224858767941011
2020-07-14,0.0004204335258616569,0.9243011818074042,-0.2245328725797756
2020-07-15,0.003372830890713016,0.9274186933857268,-0.22191735309768013
2020-07-16,-0.001248178135787118,0.9262611096499225,-0.22288853884537896
2020-07-19,-0.001648769938111184,0.9247339181774902,-0.22416981686109239
2020-07-20,0.0035931972310970428,0.928056669531787,-0.22138210599523622
2020-07-21,0.006454507858102865,0.9340468185980447,-0.2163565106799229
2020-07-22,0.00038845344217097066,0.9344096522998779,-0.21605210166906175
2020-07-23,-0.003979118256683391,0.9306915257931903,-0.219171523063599
2020-07-26,-0.005981388205725073,0.9251246984776427,-0.22384196130624057
2020-07-27,0.004711263399934505,0.9294832046099558,-0.22018527634597773
2020-07-28,-0.0009544779634945123,0.9285960333737174,-0.22092959231531395
2020-07-29,-0.0010433746135143094,0.9276271598462852,-0.22174245460083242
2020-07-30,0.0001447632060199156,0.9277614461279357,-0.2216297915434513
2020-08-02,0.0006017687344614113,0.9283197439592542,-0.22116139268816593
2020-08-03,0.0012933480145931131,0.9295203844570115,-0.22015408332171071
2020-08-04,0.002068204952778126,0.9314428231198536,-0.21854120213443295
2020-08-05,-0.00042844492571571133,0.9310437511686936,-0.2188760141910343
2020-08-06,0.002681804995688427,0.9335406289517824,-0.21678119198363976
2020-08-09,-0.006293315405778405,0.9276655633296801,-0.22171023497422448
2020-08-10,0.0035267061971457517,0.9309371672207536,-0.21896543563673287
2020-08-11,0.0008731347616817966,0.9317500008223956,-0.21828348720851243
2020-08-12,0.0035833479500119087,0.935088785277766,-0.2154823249449107
2020-08-13,-0.0051678519103019955,0.9302563849124663,-0.21953659611060972
2020-08-16,-0.0007364498770525323,0.9295712977121702,-0.22011136828844813
2020-08-17,0.0009661446047012595,0.93046939800614,-0.2193578830946521
2020-08-18,0.0025382417294435985,0.9328311542601294,-0.21737642469776175
2020-08-19,-0.0007044264680835309,0.9321740433048157,-0.21792772545875083
2020-08-20,-0.0013450866566662098,0.9309201884374758,-0.21897968043978489
2020-08-23,-0.0008817479542562828,0.9300993514657452,-0.21966834350878972
2020-08-24,-0.0010709854317323656,0.9291032286102616,-0.22050406734481132
2020-08-25,0.004751395002624899,0.9335177650476032,-0.216800374265827
2020-08-26,0.007203554434237584,0.9402424110834513,-0.21115855312897647
2020-08-27,0.005973668416068234,0.9458591074779884,-0.2064462758925174
2020-08-30,0.007255982850303253,0.9527222449406517,-0.20068826367959935
2020-08-31,0.00239675383816213,0.9550056856379158,-0.19877251020768527
2020-09-01,0.0028019074724618463,0.9576815232047482,-0.1965275449168944
2020-09-02,0.0019595640307207333,0.9595581614705062,-0.19495308919423848
2020-09-03,-0.005024261768242418,0.954737090085425,-0.1989978556098415
2020-09-06,0.005171964224124607,0.9596749561587916,-0.19485510117560856
2020-09-07,0.0023663716501865833,0.9619459037684397,-0.19294982911273828
2020-09-08,-0.006419329956248107,0.9557708556120889,-0.19813055045091
2020-09-09,0.010065189886662839,0.9653908707619627,-0.19005958217688457
2020-09-10,-0.0018045902620153634,0.9636487357975471,-0.19152119276770097
2020-09-13,0.0019743160341448313,0.9655512829479155,-0.189925000095316
2020-09-14,-0.0030830339584279913,0.9625744555539834,-0.19242248882889568
2020-09-15,-0.0006419000787487007,0.9619565789351618,-0.19294087289691197
2020-09-16,-0.0003412211034062132,0.9616283390498688,-0.19321625850277613
2020-09-17,-5.279401644066057e-06,0.9616232622276346,-0.1932205178381874
2020-09-20,-0.000702564569106213,0.9609476597947652,-0.19378733251743607
2020-09-21,-0.0038549167705580994,0.9572432865453938,-0.19689521524995102
2020-09-22,0.003006041142146511,0.9601207992477927,-0.19448104922553766
2020-09-23,-0.008983783427709831,0.9514952819229109,-0.20171765702621147
2020-09-24,0.0006029405196565856,0.9520689769826443,-0.2012363402555063
2020-09-27,0.0006100986778429223,0.9526498330067167,-0.20074901560278713
2020-09-28,-0.002732352116281857,0.9500468582194252,-0.20293285072144518
2020-09-29,0.0010913797370535423,0.9510837201097373,-0.20206294778565148
2020-09-30,0.003944729701708904,0.9548354883092661,-0.1989153017956874
2020-10-01,0.0028624624583655648,0.9575686690484665,-0.19662222692110654
2020-10-04,-0.0025404787921571,0.9551359861527148,-0.19866319111570385
2020-10-05,-0.003698630970693752,0.9516032906131062,-0.20162704025500022
2020-10-06,0.000443543278178647,0.9520253678561503,-0.20127292729522572
2020-10-07,-0.00032283083594313554,0.9517180247108064,-0.2015307810237973
2020-10-08,0.003017095245798138,0.9545894486385018,-0.199121723339308
2020-10-11,-0.0027928442971296608,0.9519234289407716,-0.20135845166697486
2020-10-12,-0.003917454881378282,0.9481943118573692,-0.20448709389896358
2020-10-13,0.011543277645461545,0.9591395820609863,-0.19530426755329133
2020-10-14,-0.0058062695870810714,0.9535705590758999,-0.19997654791145048
2020-10-15,0.00021718083212036434,0.9537776563234055,-0.1998027981524101
2020-10-18,0.0026032165778282577,0.9562605461299087,-0.19771971153102874
2020-10-19,-0.007589465956679522,0.94900303926934,-0.20380859046807898
2020-10-20,-0.0029896235072268598,0.9461658774747107,-0.20618890302226767
2020-10-21,-0.00860752180892215,0.9380217340494892,-0.2130216493516679
2020-10-22,0.00726697204953237,0.9448383117726807,-0.20730269967391945
2020-10-26,-0.0015688693488627357,0.9433559839057094,-0.20854633817132717
2020-10-27,0.0027779138474110596,0.9459765455564392,-0.20634774808454914
2020-10-28,0.0027920767391227484,0.948617784665043,-0.2041318100930236
2020-10-29,-0.005978145219285349,0.9429468097907187,-0.2088896257076972
2020-10-30,0.007298301313375452,0.9498287197310574,-0.20311586382397484
2020-11-02,0.0004552682949621275,0.9502611466327955,-0.2027530677420155
2020-11-03,0.007941759963219006,0.9578078925617264,-0.19642152397460988
2020-11-04,-0.0062627274698400185,0.9518094027621504,-0.20145411697058635
2020-11-05,0.004012208100092961,0.9556282601576574,-0.1982501847103998
2020-11-06,-0.01167576217204049,0.9444705718671759,-0.20761122487519856
2020-11-09,-0.004402295544663002,0.9403127332765797,-0.2110995544495714
2020-11-10,0.022389426625292117,0.9613657962231037,-0.19343652580925974
2020-11-11,-0.001949345571965265,0.9594917620651974,-0.19500879674618232
2020-11-12,0.009082225023129477,0.9682060821561125,-0.18769768549659138
2020-11-13,-0.007151197470549896,0.9612822492704266,-0.19350661975339
2020-11-16,-0.006126993501820907,0.9553924791757309,-0.19844799945342262
2020-11-17,0.0033943433159316708,0.9586354092515124,-0.19572725677799574
2020-11-18,-0.004519562266513032,0.9543027968285159,-0.19936221752024685
2020-11-19,-0.0010187878916790504,0.9533305646941116,-0.200177897598658
2020-11-20,-0.0015946287564577379,0.9518103563612402,-0.20145331692319768
2020-11-23,0.0019205103047353128,0.9536383179587857,-0.1999196997895365
2020-11-24,0.0037559865011323763,0.9572201706080015,-0.1969146089821241
2020-11-25,0.0018008432542690207,0.9589439740950912,-0.19546837807310746
2020-11-26,-0.0014561042385498866,0.9575476517098794,-0.19663985997784272
2020-11-27,-0.0016859942603048277,0.9559332318651282,-0.1979943205628777
2020-11-30,0.0002885580420510526,0.9562090740868469,-0.19776289537430547
2020-12-01,0.0063456583605618145,0.9622768501922712,-0.19267217278418447
2020-12-02,-0.009343100738304601,0.9532862006427864,-0.20021511800269842
2020-12-03,-0.0030026048173481144,0.9504238589044248,-0.20261655594222572
2020-12-04,-0.007564559731485343,0.9432343208535136,-0.2086484106336982
2020-12-07,0.005420890378065634,0.9483474907076898,-0.2043585804172353
2020-12-08,0.0008556073177518487,0.9491589037605109,-0.2036778237963338
2020-12-09,-0.0006536459661384398,0.9485384898718434,-0.204198336574556
2020-12-10,-0.0021908006394675,0.9464604311416727,-0.20594177936767777
2020-12-11,0.0015647759951741551,0.9479414297047054,-0.20469925612526152
2020-12-14,-0.0016943618929611789,0.9463352738694547,-0.20604678339912652
2020-12-15,-0.001989851917028865,0.9444522068105936,-0.2076266327292109
2020-12-16,-0.00474576853963251,0.9399700552403254,-0.21138705332724728
2020-12-17,-0.005100034441610989,0.9351761755845167,-0.21540900651637873
2020-12-18,-0.005835629081026895,0.9297188342983922,-0.2199875885346635
2020-12-21,0.0050055366777296065,0.9343725760234487,-0.21608320779998946
2020-12-22,-0.003934207763120832,0.93069656018121,-0.21916729932950352
2020-12-23,0.0027762695955688326,0.9332804247439417,-0.21699949724340617
2020-12-24,0.002547250472603825,0.9356577237469426,-0.2150049988427104
2020-12-25,-0.0019176192141759018,0.9338634885179934,-0.21651032033996165
2020-12-28,-0.003848208130964319,0.9302697874482677,-0.21952535169575604
2020-12-29,0.003669670591393872,0.9336835711293289,-0.2166612668315454
2020-12-30,-0.0027839674100537002,0.9310842264960022,-0.21884205633571918
2020-12-31,-0.0068759380767695185,0.9246821490103588,-0.2242132499845314
2021-01-01,0.024044706588159503,0.9469158599706217,-0.20555968520542767
2021-01-04,-0.023328195332378867,0.9248260218258995,-0.22409254404887202
2021-01-05,0.0010951676637602449,0.9258388613796072,-0.2232427952930438
2021-01-06,-0.0033801431423612425,0.9227093935013835,-0.2258683458318137
2021-01-07,0.0003965926857008523,0.9230753332978735,-0.2255613308800012
2021-01-08,0.009404397843639476,0.9317563009718569,-0.21827820153009792
2021-01-11,0.003966937607409342,0.9354525200831229,-0.21517715992921604
2021-01-12,-0.0005093127088618377,0.9349760822261077,-0.21557688017586907
2021-01-13,-0.007041955639674174,0.9283920221309152,-0.22110075298840537
2021-01-14,0.002409753762703165,0.9306292182995088,-0.21922379759715238
2021-01-15,0.0015048881698057246,0.9320297112006033,-0.21804881672689058
2021-01-18,0.0033308972003603596,0.935134206356294,-0.2154442177197078
2021-01-19,-0.001032007562223597,0.9341691407836403,-0.2162538852200072
2021-01-20,-0.004432235480318865,0.9300286831732401,-0.21972763255749728
2021-01-21,0.0031622331232954823,0.9329696506807853,-0.21726022943197842
2021-01-22,-0.004431395025896057,0.9288352936114465,-0.22072885855784463
2021-01-25,0.0002755426017946581,0.9290912273048868,-0.22051413616002813
2021-01-26,0.002380769178951062,0.9313031790632881,-0.21865836023996998
2021-01-27,-0.0018321886154891473,0.9295968559810395,-0.2200899254971459
2021-01-28,0.003229989325354799,0.9325994439027417,-0.21757082428176489
2021-01-29,-0.001284455420418789,0.9314015614919413,-0.21857581967760997
2021-02-01,0.006288807603616326,0.9372589667138719,-0.21366159335074897
2021-02-02,0.0033874361688999285,0.9404338716373442,-0.21099792219107016
2021-02-03,0.008158959532140509,0.9481068335386875,-0.20456048616745226
2021-02-04,0.000341335424965623,0.9484304559876263,-0.2042889744829638
2021-02-05,0.003964249148383422,0.9521902706150761,-0.2011345777276986
2021-02-08,-0.007027996401040359,0.9454982808200877,-0.206749001040344
2021-02-09,-0.0014965157618943362,0.9440833277399964,-0.20793611366342557
2021-02-10,-0.00938724201146374,0.9352209890635129,-0.21537140905300756
2021-02-11,-0.001974638094608733,0.9333742660716304,-0.21692076655881065
2021-02-12,-0.00015947168087832335,0.9332254193085314,-0.2170456455204285
2021-02-15,-0.0002716135121218834,0.9329719426747916,-0.2172583065024798
2021-02-16,0.0001339466926203194,0.9330969111808203,-0.21715346084145992
2021-02-17,0.004376600171980023,0.9371807032827683,-0.2137272545435447
2021-02-18,0.0032002937989150703,0.9401799568759469,-0.21121095075200447
2021-02-19,-0.005151484834015757,0.9353366340868549,-0.2152743855764433
2021-02-22,-0.0015718277410188392,0.933866446018206,-0.21650783906628224
2021-02-23,-0.006064536642065736,0.9282029787375329,-0.221259355985036
2021-02-24,0.0062069594829068115,0.9339642970184702,-0.21642574435994244
2021-02-25,0.007244484137712524,0.9407303865534103,-0.21074915309423803
2021-02-26,0.0036676124962107793,0.9441806210746988,-0.20785448682548158
2021-03-01,0.002971842720249915,0.9469865773800407,-0.20550035494877528
2021-03-02,0.008589721668012203,0.9551209285030787,-0.19867582413245077
2021-03-03,-0.00392835381030287,0.9513688755642936,-0.20182370901200786
2021-03-04,0.004424529522185786,0.9555782352407166,-0.1982921544486227
2021-03-05,0.010972759731801061,0.9660635656209514,-0.18949520688428756
2021-03-08,0.00683347158524805,0.9726651335461656,-0.18395664541082402
2021-03-09,0.00731792200283879,0.9797830211283372,-0.1779849037910055
2021-03-10,-0.008416303236380929,0.9715368701166637,-0.18490323210558324
2021-03-11,-0.0012905753427777597,0.9702830285874916,-0.1859551758962057
2021-03-12,-0.00356593959982851,0.9668230579128099,-0.18885801057051288
2021-03-15,0.00828366218477663,0.9748318935170123,-0.18213878434619135
2021-03-16,0.00247415962381575,0.97724378322796,-0.18011526514853582
2021-03-17,-0.00014409171584011654,0.9771029704944406,-0.18023340374677166
2021-03-18,-0.00510807243872705,0.9721118577410597,-0.18442083090328176
2021-03-19,0.0012029773172290601,0.9732812862557316,-0.18343970766245388
2021-03-22,0.004591737192536287,0.9777503381366317,-0.17969027739817922
2021-03-23,-0.008151840667589814,0.9697798731674598,-0.186377311554904
2021-03-24,0.00800146737385956,0.9775395351824349,-0.17986713615867878
2021-03-25,0.003729071884064929,0.9811848503786457,-0.1768088017549304
2021-03-26,0.0013923383827292564,0.9825509917063803,-0.17566264105328888
2021-03-28,-0.001905695979956009,0.9806785482313836,-0.1772335774443613
2021-03-29,0.00396106566722058,0.9845630803593627,-0.17397454561583414
2021-03-30,0.0054665128254840056,0.9899452070656453,-0.1694590668752668
2021-03-31,0.0035439426550742045,0.9934535161111515,-0.16651567743558093
2021-04-01,7.031389275935111e-05,0.9935233696951448,-0.1664570719083075
2021-04-04,0.0001845562579949392,0.9937067306504862,-0.16630323634462074
2021-04-05,-0.00229906804539851,0.9914221312595503,-0.16821996193349298
2021-04-06,-0.010597881591992812,0.9809151569047804,-0.17703506828750515
2021-04-07,-0.004887288156964971,0.9761211418754523,-0.18105713505186105
2021-04-08,-0.004072479560519871,0.9721459084765731,-0.18439226313059598
2021-04-11,0.0034360307149870787,0.9754862316775476,-0.1815898098953317
2021-04-12,-0.0034175378657307597,0.9721524705432906,-0.18438675770971424
2021-04-13,-0.002508178252901752,0.9697141388581692,-0.18643246110680545
2021-04-14,0.001707411155705566,0.9713698395967011,-0.18504336681497924
2021-04-15,-0.0006894110886684355,0.970700166458085,-0.18560520695468086
2021-04-18,0.0007067974647590449,0.9713862548747787,-0.18502959477964354
2021-04-19,-0.0016697345394191398,0.9697642976938973,-0.18639037901384437
2021-04-20,-0.002697639638031912,0.96714822308489,-0.18858520457730077
2021-04-21,0.00393368008765153,0.9709526747918465,-0.18539335835372073
2021-04-22,0.0006732526407152144,0.9716063712441596,-0.1848449222810883
2021-04-25,-0.004763884491546911,0.9669777507203013,-0.18872822691403912
2021-04-26,0.003872830294486396,0.9707226914473852,-0.18558630901417017
2021-04-27,0.0016028286628339856,0.9722785936009004,-0.18428094340685364
2021-04-28,0.0025185906947314254,0.9747273654194302,-0.18222648098140304
2021-04-29,0.002660797376440275,0.9773209174360827,-0.18005055134747605
2021-05-02,0.0011115963722372548,0.9784073038224163,-0.17913909851493603
2021-05-03,-0.0003104686458300732,0.9781035390317283,-0.17939395008743486
2021-05-04,0.002700182299400211,0.9807445968948024,-0.1771781641566803
2021-05-05,0.0028436158441567123,0.9835334577696035,-0.1748383749473581
2021-05-06,-0.0029674181150790434,0.9806149027702317,-0.1772869745014074
2021-05-09,-0.0013634699432583362,0.9792778638243933,-0.1784087189836019
2021-05-10,0.003341010247795151,0.9825496412028695,-0.17566377409422695
2021-05-11,0.0007020565632251867,0.9832394466271706,-0.17508504343652553
2021-05-12,0.005206391040839235,0.98835857567309,-0.17079021359721913
2021-05-13,-0.002369665910897704,0.9860164960485741,-0.1727551637610405
2021-05-16,0.0019947453104610727,0.9879833478301043,-0.17110502100334968
2021-05-17,-0.0007761224531594769,0.9872165517705057,-0.17174834500786007
2021-05-18,-0.005586247841767462,0.9817017154388207,-0.17637516402800024
2021-05-19,0.0014059348632906809,0.9830819241059083,-0.17521720115683515
2021-05-20,-0.002530710158787056,0.9805940286936536,-0.1773044873646603
2021-05-23,0.0011510855745185075,0.9817227763345419,-0.17635749442784476
2021-05-24,0.0008114703424592155,0.9825194152520542,-0.175689132961784
2021-05-25,-0.002474531234139551,0.9800881402708644,-0.17772891594891072
2021-05-26,0.0052160001997476205,0.9852002802062876,-0.17343994981025357
2021-05-27,0.007178888495052731,0.9922729231631833,-0.16750616737547608
2021-05-30,0.0003698977755417893,0.9926399627101916,-0.16719822975863607
2021-05-31,-0.0017163834513532683,0.9909362119050439,-0.1686276369353361
2021-06-01,-0.004609855273000912,0.9863681393833859,-0.17246014320703695
2021-06-02,0.002309317939430928,0.988645977022547,-0.170549090570151
2021-06-03,0.002866512877978007,0.9914799434474432,-0.16817145885661977
2021-06-06,-0.0037838195976384772,0.9877283622067612,-0.17131894799247316
2021-06-07,-0.0027193027204043345,0.9850424297843918,-0.17357238263154473
2021-06-08,-0.001510129781568195,0.9835548878750662,-0.17482039558884332
2021-06-09,-0.0022506859279597478,0.9813412147295497,-0.17667761571253082
2021-06-10,0.00167329007527489,0.9829832832446149,-0.17529995853815095
2021-06-13,-0.0012874534055289156,0.9817177380690236,-0.1763617214150709
2021-06-14,0.003464933837629001,0.9851193250786595,-0.17350786927363548
2021-06-15,-0.0012632360833034853,0.9838748868008605,-0.1745519239557355
2021-06-16,0.005639334796704063,0.9894232866856,-0.1698969458976266
2021-06-17,0.0015907317859183408,0.9909971937574585,-0.16857647458387803
2021-06-20,-0.00518154859294964,0.9858622936425275,-0.17288453598214315
2021-06-21,0.005921780578677989,0.9917003538262708,-0.16798653969099808
2021-06-22,0.0010085106668464533,0.9927004942114199,-0.16714744524131664
2021-06-23,0.003756482088982414,0.9964295558376491,-0.16401884953660228
2021-06-24,-0.0017810478768912456,0.9946548670927527,-0.1655077719897563
2021-06-27,-0.0014422361011060853,0.9932203399352907,-0.16671130680708512
2021-06-28,-0.0006525828249985976,0.9925721814000097,-0.16725509669652838
2021-06-29,-0.0024340822717025925,0.9901561790498787,-0.16928206630251008
2021-06-30,0.006855019921446022,0.9969437193826086,-0.1635874783179112
2021-07-01,0.0028541857689111327,0.9997891819588757,-0.1612002016015872
2021-07-04,-0.0016217772810061518,0.9981677465777791,-0.1625605480579423
2021-07-05,-0.0009187937734632233,0.9972506362673516,-0.1633299822120391
2021-07-06,-0.0013132351679833057,0.9959410116605115,-0.16442872670339548
2021-07-07,0.0011749248408703349,0.9971111674951529,-0.16344699325808165
2021-07-08,-0.012264384839773245,0.9848822124089568,-0.17370680127163396
2021-07-11,-0.006231858534095252,0.9787445657884775,-0.1788561435937942
2021-07-12,0.006912753546940457,0.9855103857571804,-0.17317977848787391
2021-07-13,0.005958946469512921,0.9913829893910565,-0.16825280104797224
2021-07-14,-0.004154187949187146,0.9872645981234991,-0.17170803523862888
2021-07-15,0.0014547952075820191,0.9887008659294646,-0.17050304005781536
2021-07-18,0.00054936439002441,0.9892440229775926,-0.17004734396638954
2021-07-19,-0.0006090440336742995,0.9886415298075502,-0.17055282167977892
2021-07-20,0.005971457480689687,0.9945451606664399,-0.1655998131219617
2021-07-21,0.0018763775070385182,0.9964113028356485,-0.164034163379435
2021-07-22,-0.001051988982302477,0.9953630891232237,-0.1649135902291411
2021-07-25,0.0030254638057305872,0.9983745241229262,-0.16238706652172197
2021-07-26,-0.005204284357413432,0.9931786992041932,-0.16674624240899005
2021-07-27,-0.007613711376167641,0.9856169232434949,-0.17309039602239507
2021-07-28,-0.002203895624582886,0.9834447264188437,-0.17491281848052687
2021-07-29,-0.002353177818698091,0.9811305061027193,-0.1768543953345706
2021-08-01,0.004619168931849257,0.9856625136545987,-0.1730521467311117
2021-08-02,-0.003638086585918993,0.9820765880854286,-0.17606065462334375
2021-08-03,-0.001947622964115108,0.9801638731699537,-0.17766537781343728
2021-08-04,0.0060709950672290635,0.9861144432090446,-0.17267298837853096
2021-08-05,6.994665986289651e-05,0.9861834186205896,-0.1726151196174538
2021-08-08,0.009290158858408564,0.9953452192431034,-0.16492858264165444
2021-08-09,0.003781740669733696,0.9991093567391401,-0.1617705591004982
2021-08-10,0.005235185273562995,1.0043398793302198,-0.1573822726756342
2021-08-11,-0.0023516914141369773,1.0019779818591237,-0.1593638495503824
2021-08-12,0.002024887160284124,1.0040068742094777,-0.15766165620286632
2021-08-15,-0.006433461360714171,0.9975476347783595,-0.16308080739033315
2021-08-16,-0.005115553736780593,0.9924446262476524,-0.167362112493471
2021-08-17,0.0042475579063426085,0.9966600922664778,-0.16382543485127232
2021-08-18,-0.00041471271113146515,0.9962467646575374,-0.1641722070721643
2021-08-19,0.00020354121977528847,0.9964495419392131,-0.16400208166366959
2021-08-22,-0.0006558910486959893,0.9957959796041779,-0.16455040521503494
2021-08-23,-0.0006657322576359736,0.9951330460985311,-0.1651065909599122
2021-08-24,0.002548764346614067,0.9976694057265645,-0.16297864440572774
2021-08-25,-0.0003041614461228941,0.9973659531573661,-0.1632332340316811
2021-08-26,0.002520850831661178,0.9998801639498535,-0.16112386983378335
2021-08-29,-0.005229720381551268,0.9946510702773361,-0.16551095742931043
2021-08-30,0.003967721974668808,0.9985975691860033,-0.16219993691748247
2021-08-31,0.0007929008333894449,0.9993893580308314,-0.16153564454925073
2021-09-01,-0.0036470739265616935,0.9957445111606739,-0.1645935860383666
2021-09-02,-0.0010765845413959743,0.9946725080127784,-0.16549297166942067
2021-09-05,-0.0014420344812452845,0.9932381559586773,-0.16669635957911488
2021-09-06,0.0011703870914564634,0.9944006290751534,-0.16572107175510264
2021-09-07,0.0037343047973594124,0.998114024114806,-0.16260561995102174
2021-09-08,0.0018654367611446207,0.9999759427072037,-0.16104351369090253
2021-09-09,-0.005568601572953787,0.9944074750997284,-0.16571532810020317
2021-09-12,0.002071749102120949,0.9964676378934085,-0.16398689958028156
2021-09-13,0.0033045573685041166,0.9997605223686852,-0.16122424632912347
2021-09-14,0.0005412232093532042,1.000301615967186,-0.16077028142379424
2021-09-15,-0.003243019179125237,0.9970576186416944,-0.16349191949682884
2021-09-16,0.007599007823902405,1.004634267286634,-0.15713528804832777
2021-09-19,0.0032881623002889745,1.0079376678099043,-0.15436381207824434
2021-09-20,-0.003976303561351544,1.0039298016717715,-0.1577263182638854
2021-09-21,-0.002575423310852445,1.0013442574580864,-0.15989552953794617
2021-09-22,0.006957294872203771,1.0083109047258103,-0.15405067501348502
2021-09-23,0.0007422673241450936,1.0090593409629673,-0.15342275447166498
2021-09-26,0.003467542933386673,1.0125582975500913,-0.15048721152636724
2021-09-27,0.0006687169601101076,1.0132354124567633,-0.14991912791688444
2021-09-28,0.006722623937016248,1.0200470130943775,-0.14420435389781905
2021-09-29,0.006536475007716766,1.0267145249021652,-0.13861046704535918
2021-09-30,-0.0021631778989596225,1.0244935587333561,-0.14047380584544167
2021-10-03,-0.005520758112778985,1.0188375776074892,-0.1452190420549665
2021-10-04,-0.0020037426915935686,1.0167960892574373,-0.1469318031523622
2021-10-05,0.0037508745505058245,1.020609963831687,-0.1437320513629603
2021-10-06,-9.826961589334848e-05,1.0205096688825643,-0.1438161964853747
2021-10-07,0.0009041394324335076,1.0214323519153807,-0.14304208694720622
2021-10-10,0.003124444966696619,1.024623761086144,-0.14036456910909745
2021-10-11,0.005054014488636694,1.0298022244200746,-0.1360199591864295
2021-10-12,0.0028114972700950176,1.0326975105627694,-0.13359088166026567
2021-10-13,-0.007882733049490796,1.0245570317661292,-0.1404205534517825
2021-10-14,0.0070594378507510625,1.0317898284564322,-0.13435240577109242
2021-10-17,0.0007545381003677123,1.0325683531935745,-0.133699241679755
2021-10-18,-0.00017523580009505362,1.0323874102520498,-0.13385104858626218
2021-10-19,0.0005039593602188886,1.0329076915508186,-0.13341454471485337
2021-10-20,-0.0028466363302010666,1.0299673789903059,-0.13588139835509194
2021-10-21,-0.0014243642304251937,1.0285003302971671,-0.13711221798212014
2021-10-24,-0.0017102143479412074,1.0267413742754308,-0.1385879410475901
2021-10-25,0.0023272054578815844,1.0291308124054774,-0.13658325820251105
2021-10-26,0.0004111582985094338,1.0295539480792497,-0.13622825724404897
2021-10-27,-9.350654364173591e-05,1.0294576780480722,-0.13630902555420943
2021-10-28,-0.007860904979975186,1.0213652090600305,-0.1430984182363899
2021-11-01,0.01121051033035711,1.0328152342872652,-0.13349211420192975
2021-11-02,-0.0040481340631639195,1.0286342597563922,-0.13699985429042916
2021-11-03,0.004231594978733479,1.0329870233249305,-0.13334798720719832
2021-11-04,-9.403804277195076e-05,1.0328898832470481,-0.13342948546624578
2021-11-05,0.002369943898122573,1.0353377743232821,-0.13137576196303347
2021-11-08,-0.0008559384519081416,1.0344515889115258,-0.13211925084862874
2021-11-09,-9.752275349350918e-05,1.0343507063442194,-0.13220388896898994
2021-11-10,-0.003092328651852767,1.031152154018927,-0.13488739974709762
2021-11-11,0.013054490267645297,1.0446133197780285,-0.12359379572667883
2021-11-12,0.0012943145115890092,1.0459653779568163,-0.12245945045844131
2021-11-15,-0.0012630446832349069,1.04464427694734,-0.12356782338386285
2021-11-16,0.005653581378406242,1.0505502583785482,-0.11861284275070982
2021-11-17,0.00443027282900232,1.055204482643744,-0.11470805717611687
2021-11-18,-0.004476298503526301,1.0504810723971716,-0.11867088817496318
2021-11-19,-0.0010177344433132628,1.0494119616277444,-0.1195678471679621
2021-11-22,0.004770944334403832,1.0544186476805277,-0.1153673543765813
2021-11-23,0.002359860118867062,1.0569069281957788,-0.11327974507632665
2021-11-24,0.0038438016815752246,1.0609694688236462,-0.10987136826936439
2021-11-25,-0.0004322010199501369,1.0605109167370848,-0.11025608277188503
2021-11-26,0.0010234985954469696,1.0615963481708213,-0.10934543112229467
2021-11-29,-0.015423706570056718,1.0452225976007907,-0.12308262584794472
2021-11-30,0.0001606063177199179,1.045390466953389,-0.12294178737753747
2021-12-01,-0.005806026316252525,1.0393209023914982,-0.1280340104409089
2021-12-02,-0.001990771521655511,1.0372518519371559,-0.12976989550077545
2021-12-03,0.0023145058739414926,1.039652577441221,-0.12775574281223123
2021-12-06,-0.001165771896334657,1.0384405796844882,-0.128772580654
2021-12-07,0.005274742599637631,1.0439180864473423,-0.12417708027120344
2021-12-08,0.0013392382299363035,1.0453161414576344,-0.1230041447344482
2021-12-09,-0.006865342272179205,1.038139688363894,-0.1290250214521288
2021-12-10,0.0020762236733606475,1.0402950985611303,-0.12721668258276297
2021-12-13,-0.0022236688394644795,1.0379818267666123,-0.12915746364930814
2021-12-14,-0.0032238201429031,1.0346355600455148,-0.13196490335929223
2021-12-15,0.0015332589660501247,1.036221924294549,-0.1306339807645217
2021-12-16,0.001688365127278235,1.0379714452556492,-0.12916617349480364
2021-12-17,-0.0015170512395659241,1.0363967893879902,-0.13048727303075924
2021-12-20,-0.0025991615524976926,1.0337030266998808,-0.13274727708010514
2021-12-21,-0.004040980474649841,1.0295258529524,-0.13625182840001138
2021-12-22,0.0032644405485638232,1.0328866788925726,-0.1334321738448926
2021-12-23,0.002565383667726048,1.0355364295092153,-0.13120909489669752
2021-12-24,0.0035274824226586617,1.0391892660623319,-0.12814445024997978
2021-12-27,-0.0002970179207778629,1.0388806082272313,-0.12840340697258523
2021-12-28,0.00275430592454369,1.0417420032413651,-0.12600276331259774
2021-12-29,-0.0013467909126103406,1.0403389945781152,-0.12717985484861483
2021-12-30,0.0029384216525443745,1.0433959492057696,-0.12461514123532524
2021-12-31,0.001343970696109434,1.0447982427859415,-0.12343864963732754
2022-01-03,-0.004904759946541308,1.0396737582125082,-0.12773797263927267
2022-01-04,0.00924165552932254,1.0492820649487842,-0.11967682745109642
2022-01-05,0.0019359862003190582,1.0513134605467673,-0.11797253393722062
2022-01-06,0.0017201807796218996,1.0531219097549576,-0.11645528724300092
2022-01-07,0.0010044157698722834,1.0541796820087135,-0.11556784100012052
2022-01-10,-0.004894047346445908,1.0490204767333016,-0.11989629386098521
2022-01-11,0.0030950546963003527,1.0522672524863304,-0.11717232475206829
2022-01-12,-0.004744657028329142,1.0472746052711406,-0.12136103928623676
2022-01-13,-0.01006102256580808,1.0367379518349098,-0.13020104569717617
2022-01-14,-0.0028070007883550987,1.0338278275867916,-0.13264257204761454
2022-01-17,0.004555265243191608,1.0385371875572418,-0.12869152890263924
2022-01-18,-0.0012422349237533842,1.0372470803932414,-0.1297738987147986
2022-01-19,0.002108524352820479,1.0394341411221426,-0.12793900578777861
2022-01-20,-0.0024302889765970117,1.036908015787075,-0.13005836600893284
2022-01-21,-0.002159100107012606,1.0346692275792269,-0.13193665708397762
2022-01-24,-0.0019925534975655367,1.0326075937909904,-0.13366631973401333
2022-01-25,0.002124674930732714,1.0348015492588023,-0.13182564228190286
2022-01-26,0.0012116626240450878,1.036055379619343,-0.13077370786150166
2022-01-27,0.007944855987705002,1.0442866904057055,-0.12386783014973457
2022-01-28,0.010838939827026375,1.0556056510051774,-0.11437148628020555
2022-01-31,0.0007281999987569198,1.0563743430389272,-0.11372657159761579
2022-02-01,-0.005198626712559239,1.0508826471607429,-0.11833397631713982
2022-02-02,-0.0025425750503296363,1.0482106991612476,-0.12057567835167915
2022-02-03,-0.0010223897005456734,1.0471390193384233,-0.12147479272054185
2022-02-04,-0.000541085393476511,1.04657242771012,-0.12195014987800157
2022-02-07,-0.0008736548170413473,1.0456580846672685,-0.12271726235916303
2022-02-08,0.0005337018232873175,1.0462161542935906,-0.12224905496254568
2022-02-09,0.0016743995251434145,1.0479679381255371,-0.12077934919698075
2022-02-10,0.000521413568703864,1.0485143628280424,-0.12032091161976743
2022-02-11,0.0014502818114728875,1.0500350041375202,-0.11904512903795639
2022-02-14,0.0003632244102776966,1.050416402482669,-0.11872514472446993
2022-02-15,-0.00041969114474996573,1.049975552020247,-0.11909500797731976
2022-02-16,-0.0001715003951308394,1.0497954807981977,-0.11924608353152444
2022-02-17,-0.0011179324888837144,1.04862188032353,-0.12023070694945615
2022-02-18,-0.0007779932420558354,1.0478060595871665,-0.12091516151401771
2022-02-21,0.0012923884969720289,1.0491602320856346,-0.11977904238089587
2022-02-22,-0.003634096451128411,1.045347482609547,-0.12297785023918839
2022-02-23,0.003702712779395268,1.049218104092314,-0.11973048911745632
2022-02-24,-0.0001995435656228893,1.0490087393707075,-0.11990614123436683
2022-02-25,0.0016349403248899458,1.0507238060598665,-0.11846724029498301
2022-02-28,0.0014163958478145481,1.0522120468959697,-0.11721864095442425
2022-03-01,-0.002433294827324824,1.049651704765009,-0.1193667082690486
2022-03-02,-0.0019815270401981923,1.0475717915292269,-0.12111170694911233
2022-03-03,0.008009307740296703,1.0559621163876385,-0.11407242014072361
2022-03-04,-0.002736308017413377,1.0530726787824822,-0.11649659088034015
2022-03-07,0.0014026520667582503,1.0545497733518232,-0.11525734299755042
2022-03-08,-0.00013720537017673166,1.0544050834598007,-0.11537873444131552
2022-03-09,-0.003511819185323287,1.0507022034586042,-0.11848536437344948
2022-03-10,0.001103552557759239,1.0518617085626742,-0.11751256664260157
2022-03-11,0.005727979020291806,1.0578867503615694,-0.11245769713865927
2022-03-14,0.007025739405185673,1.0653191869898084,-0.10622205620767722
2022-03-15,0.0013573262682364615,1.066765172706366,-0.10500890792659745
2022-03-16,0.004631312799159749,1.0717056959044189,-0.10086392422674395
2022-03-17,0.00483903418500348,1.0768917164031633,-0.09651297401910741
2022-03-18,-0.005912609720070734,1.0705244759732944,-0.1018549401908797
2022-03-21,0.003245679589684624,1.0739990554152188,-0.09893984910168108
2022-03-22,0.0031957376562408452,1.0774312746393762,-0.09606029724691745
2022-03-23,0.004161536434887399,1.0819150441448753,-0.09229851923896903
2022-03-24,0.0027156457995994527,1.0848531421900307,-0.08983352352545015
2022-03-25,0.0031555927566393137,1.088276496907543,-0.08696140878495118
2022-03-27,0.001496941882240665,1.0899055835752218,-0.08559464307765952
2022-03-28,0.00015988668350252902,1.0900798449643105,-0.08544844183776423
2022-03-29,-0.0031853651052788454,1.0866075426641935,-0.08836162245811263
2022-03-30,-0.00771480191682063,1.078224580711216,-0.09539473196061998
2022-03-31,0.000502761178152302,1.0787666701717271,-0.09493993155029778
2022-04-03,0.001889340931815267,1.0808048281975606,-0.0932299645172242
2022-04-04,0.004657159669339404,1.0858383088538697,-0.08900699167860837
2022-04-05,0.003735290448036585,1.0898942303170438,-0.08560416819639727
2022-04-06,0.0016563538847981535,1.0916994808594487,-0.084089605108146
2022-04-07,0.002347569956177178,1.0942623217618885,-0.0819394413825475
2022-04-10,-0.0019216276487667046,1.0921595570293872,-0.08370361193522913
2022-04-11,0.0010025560649502866,1.0932545082171803,-0.08278497343408286
2022-04-12,0.0021731456568831855,1.0956303095035804,-0.08079173158267305
2022-04-13,0.0006328570983735729,1.096323686922143,-0.08021000410512147
2022-04-14,0.008347268371676285,1.1054749949591078,-0.07253227016380381
2022-04-17,0.00021896772425054634,1.1057170583029698,-0.07232918466568583
2022-04-18,0.003574168210363539,1.1096690770624131,-0.06901353312783576
2022-04-19,0.009046130320278043,1.1197072881459023,-0.06059170822209514
2022-04-20,-0.002783602113704036,1.1165904685718895,-0.06320664712871915
2022-04-21,0.00040070843914795005,1.1170378957957183,-0.06283126612648604
2022-04-24,-0.008272481339153625,1.1077972206476208,-0.07058397698909291
2022-04-25,0.002564396420530871,1.1106380518749235,-0.0682005858664998
2022-04-26,-0.005395430188415326,1.1046456818014347,-0.07322804455506338
2022-04-27,0.009835828583546001,1.115510787373188,-0.06411247446526924
2022-04-28,-0.002622994756116144,1.1125848084275172,-0.06656730253706133
2022-05-01,0.007008377021230424,1.1203822222330706,-0.06002545426929695
2022-05-02,-0.0011363174566186385,1.1191091123558619,-0.061093563754388014
2022-05-03,-0.0016752319017790166,1.1172343450692717,-0.06266644976917235
2022-05-04,-0.003077219989229719,1.1137963692099706,-0.06555083130651829
2022-05-05,0.0006323702269945982,1.1145007008727936,-0.06495991347359675
2022-05-08,0.0009425603568206031,1.115551185051085,-0.06407858175599879
2022-05-09,-0.0025558036424940885,1.112700055268943,-0.06647061312583502
2022-05-10,-9.776627327673891e-05,1.1125912707312646,-0.06656188081498393
2022-05-11,-0.002524367125123531,1.1097826819037313,-0.06891822131639169
2022-05-12,0.004048988734719416,1.1142761794807463,-0.06514828168339915
2022-05-15,0.005584034372544807,1.1204983359674747,-0.05992803755508669
2022-05-16,0.002363240920565242,1.1231463434864581,-0.05770642102516088
2022-05-17,-0.00292178774405637,1.1198647482652777,-0.06045960285551255
2022-05-18,-0.010155698080174585,1.1084917399912648,-0.07000129146303935
2022-05-19,-0.004063680657820247,1.1039871835481088,-0.07378050922671886
2022-05-22,0.0037897531983255564,1.1081710225078707,-0.07027036594920921
2022-05-23,-0.004225763145294948,1.103488154242273,-0.0741991831718698
2022-05-24,-0.011033692869800086,1.0913126048629012,-0.0844141850433614
2022-05-25,0.008414400901461533,1.100495346629036,-0.07671007893662485
2022-05-26,-0.0011962443907302996,1.0991788852436062,-0.07781455932571468
2022-05-29,0.002233970796377417,1.1016344187732352,-0.07575442398240384
2022-05-30,0.002859770628161176,1.1047848405270144,-0.07311129363090063
2022-05-31,-0.00033940014384762685,1.1044098763932189,-0.0734258797911731
2022-06-01,0.004486815959974854,1.109365160252974,-0.06926851224052033
2022-06-02,0.010525802583803638,1.1210421189231463,-0.059471816341834294
2022-06-05,-0.004740968991111401,1.1157272929996018,-0.063930831295824
2022-06-06,0.009078905602473882,1.125856875770849,-0.05543234767577265
2022-06-07,0.008236132673824535,1.1351295823714351,-0.04765276317182743
2022-06-08,0.00023441180957888615,1.1353956701509453,-0.0474295217326951
2022-06-09,-0.011132913607430486,1.1227554082449043,-0.05803440657223369
2022-06-12,-0.008225656425323451,1.113520008007008,-0.06578269190824637
2022-06-13,-0.012060921104096447,1.1000899310426027,-0.07705021315522231
2022-06-14,-0.01269174203416469,1.0861278734234279,-0.08876405376034358
2022-06-15,0.017612383737521067,1.105257174318179,-0.07271501659974766
2022-06-16,-0.019044523442658185,1.0842080781517103,-0.09037471720413859
2022-06-19,0.00675901448662179,1.09153625625845,-0.08422654674032393
2022-06-20,0.0004887939892400041,1.0920697926195466,-0.08377892218086513
2022-06-21,0.004886046120261449,1.0974056959928302,-0.0793022237382851
2022-06-22,-0.013317236880395964,1.082791284385398,-0.09156337412001614
2022-06-23,-0.0013933996465033262,1.0812825233924985,-0.09282918939338791
2022-06-26,0.004915028707060162,1.086597058035415,-0.08837041881704955
2022-06-27,-0.0019072800196187451,1.0845246131772475,-0.0901091517025332
2022-06-28,-0.0030149933280140683,1.081254778704451,-0.09285246653937107
2022-06-29,-0.0007964650922282967,1.080393597017408,-0.09357497788327351
2022-06-30,0.000181726786832362,1.080589933474308,-0.09341025617649978
2022-07-03,-0.004293680604948871,1.0759502254350466,-0.09730286297620017
2022-07-04,0.007868514073484868,1.0844163549262515,-0.0901999778494339
2022-07-05,0.0011228493459131265,1.0856339911210782,-0.08917840948965017
2022-07-06,0.004621508384198202,1.0906512577132148,-0.08496903987259785
2022-07-07,0.005850414960365043,1.0970320201478811,-0.07961572905427139
2022-07-10,0.003181667002226069,1.100522410726771,-0.07668737279003546
2022-07-11,0.0032822139510459165,1.1041345607366972,-0.07365686320382991
2022-07-12,0.00027437051536593956,1.1044375027051598,-0.07340270195998155
2022-07-13,-1.9486927887378094e-05,1.1044159806111886,-0.07342075849470897
2022-07-14,0.005490454767695787,1.1104797265974546,-0.06833341708053842
2022-07-17,0.0011953193621784257,1.111807104515963,-0.06721977797488032
2022-07-18,-0.005098237479556554,1.1061388478656824,-0.07197531306299787
2022-07-19,0.005013010999763611,1.111683934077299,-0.06732311509933042
2022-07-20,0.0032601110803198432,1.115308147188598,-0.06428248485250765
2022-07-21,-0.004783995462011354,1.1099725180737035,-0.06875895319869774
2022-07-24,-0.005606577131339431,1.1037493715374562,-0.07398002795545844
2022-07-25,0.004404537297372147,1.108610876811344,-0.06990133845047675
2022-07-26,0.003214191052182009,1.1121741639719427,-0.0669118236548778
2022-07-27,-0.005776359489869215,1.105749846185496,-0.07230167639719376
2022-07-28,-0.0032728732760504277,1.1021308670639187,-0.07533791544875001
2022-07-31,-0.0016466117866039164,1.1003160853878313,-0.07686047493579784
2022-08-01,-0.0055527869388284235,1.094206264600307,-0.08198647203329057
2022-08-02,-0.006365179169664305,1.087241445677557,-0.08782979261897428
2022-08-03,0.00955166604654805,1.097626412878635,-0.07911704742046033
2022-08-04,-0.007004927369266664,1.0899376195778316,-0.08556776561887569
2022-08-07,0.0013890137891120413,1.0914515579606971,-0.08429760663611185
2022-08-08,0.006855948063300739,1.0989344931556844,-0.07801959858576879
2022-08-09,-0.002679418648100726,1.0959899875816819,-0.08048997006650149
2022-08-10,0.007004622415007595,1.1036669836153203,-0.07404914950000507
2022-08-11,0.002450976995683992,1.1063720460030575,-0.07177966526629553
2022-08-14,0.0024591172361305754,1.1090927445709566,-0.069497062642225
2022-08-15,-0.011564968901810977,1.0962661214707692,-0.08025830017581159
2022-08-16,0.006339690386189866,1.1032161092617632,-0.0744274225636582
2022-08-17,-0.010450282226479929,1.0916871895631786,-0.08409991721895849
2022-08-18,-0.0017481594395063987,1.0897787462977555,-0.08570105659431682
2022-08-21,-0.002303710755923087,1.087268211278333,-0.08780733690436959
2022-08-22,0.004435234817040109,1.0920905011044555,-0.08376154824515936
2022-08-23,0.005900508893863807,1.0985343908191265,-0.07835527511167995
2022-08-24,-0.002214359044623003,1.0961018412549868,-0.08039612744416547
2022-08-25,0.004695156918470231,1.101248211398303,-0.07607844295968291
2022-08-28,-0.016245585510415283,1.08335778941184,-0.09108808961949744
2022-08-29,0.009804589135253852,1.0939796674235,-0.08217658177807785
2022-08-30,-0.006054728666812197,1.0873559173702412,-0.08773375353945778
2022-08-31,-0.0016740887748048017,1.085535587034754,-0.08926096822229079
2022-09-01,0.006275193105248627,1.0923475324660166,-0.0835459049293985
2022-09-04,0.006302523395520995,1.0992320783454232,-0.07776993155429501
2022-09-05,-0.006117012089599856,1.0925080624329084,-0.08341122403236978
2022-09-06,0.012880733350208479,1.1065803674680597,-0.0716048884173367
2022-09-07,-0.0027801774215820254,1.103503877715259,-0.07418599154486594
2022-09-08,-0.0034633696824915,1.0996820358406683,-0.0773924277133754
2022-09-11,-0.01338248808807324,1.0849655540953624,-0.08973921255946726
2022-09-12,-0.006825088766545722,1.077560567880017,-0.09595182323445473
2022-09-13,0.014317429815799438,1.0929884656829123,-0.08300817691351248
2022-09-14,-0.0003047918432324509,1.092655331713825,-0.08328766854150016
2022-09-15,-0.002475894527128364,1.0899500323579971,-0.08555735158590927
2022-09-18,-0.0017852263466584246,1.0880042248436905,-0.08718983869436614
2022-09-19,-0.0007406455395548846,1.0871983993675431,-0.08786590746879752
2022-09-20,-6.561593786325261e-05,1.0871270618249251,-0.08792575800273617
2022-09-21,0.01046622293314623,1.098505176010641,-0.07837978565441239
2022-09-22,-0.0035693095142660387,1.0945842710344358,-0.08166933345401595
2022-09-25,0.024697230916816606,1.1216174715340885,-0.05898910892433584
2022-09-26,0.003978889127252458,1.1260802630965119,-0.055244930921208746
2022-09-27,0.0026032567811292272,1.1290117391775136,-0.052785490881123165
2022-09-28,-0.01134261559409932,1.1162057930187976,-0.06352938094321203
2022-09-29,-0.014719372165309472,1.0997759445382795,-0.07731364050698664
2022-10-02,0.002881895527042058,1.1029453839135928,-0.07465455481470107
2022-10-03,0.000289719158320476,1.1032649283218936,-0.07438646451116637
2022-10-04,-0.011239148497676462,1.0908651699602054,-0.08478957248798469
2022-10-05,0.0075170344451558875,1.099065241017817,-0.07790990417981114
2022-10-06,0.008584394998399756,1.1085000511757253,-0.0699943185731785
2022-10-09,0.006136153771676118,1.1153019779456503,-0.06428766070341108
2022-10-10,0.003536058963860296,1.119245751502176,-0.060978926698446734
2022-10-11,0.004596796086998513,1.1243906959930712,-0.05666243830308493
2022-10-12,-0.0014366302899387355,1.1227753622614822,-0.058017665617855596
2022-10-13,-0.0027700244804828465,1.119665247021935,-0.060626979744276444
2022-10-16,0.003838401735149502,1.1239629720488908,-0.057021288713374085
2022-10-17,-0.004207344174396319,1.1192340729862038,-0.060988724700885566
2022-10-18,0.0006801189787960162,1.1199952853209567,-0.06035008531125141
2022-10-19,0.01136125714681586,1.1327198397607094,-0.049674481002488946
2022-10-20,-0.0004231945425096932,1.1322404789063303,-0.05007665357573632
2022-10-23,-0.011956631696158446,1.1187026965085651,-0.06143453716851366
2022-10-24,0.003560111858970826,1.122685403245068,-0.05809313913386682
2022-10-25,-0.008385412965527375,1.1132712225084884,-0.06599141713729295
2022-10-26,-0.013252451344825656,1.0985176497986,-0.07836932043733058
2022-10-27,0.008231699998779457,1.1075603175351063,-0.07078273317349948
2022-10-31,0.004405294170368057,1.1124394465452747,-0.06668925776494339
2022-11-01,0.00280003783739862,1.1155543190874164,-0.06407595237263453
2022-11-02,0.0003648543117346763,1.1159613338907097,-0.06373447644840147
2022-11-03,-0.0008005492099190403,1.1150679519265634,-0.06448400307355506
2022-11-04,1.9777824209374708e-05,1.115090005544498,-0.0644655006026228
2022-11-07,-0.004582018615100252,1.109980642381581,-0.06875213709393002
2022-11-08,0.0006084759369246448,1.1106560388929225,-0.06818549517803907
2022-11-09,-0.0034385329608316046,1.1068370114950425,-0.07138957006625035
2022-11-10,-0.003973205953745805,1.1024393200911442,-0.07507913055517357
2022-11-11,-0.00802787360429423,1.0935890765730485,-0.0825042783890505
2022-11-14,-0.009946874414344584,1.0827112833674772,-0.09163049310761318
2022-11-15,-0.0017772911310340008,1.0807869902060778,-0.09324493017591473
2022-11-16,0.0010466834443766094,1.081918232055624,-0.09229584465622542
2022-11-17,0.0003304276224604603,1.0822757277247388,-0.09199591413027763
2022-11-18,0.005846538586734807,1.088603294528368,-0.08668723320532756
2022-11-21,0.0005783389948522522,1.0892328762635182,-0.0861590288177938
2022-11-22,0.006739540573607704,1.0965738054272036,-0.08000016051468628
2022-11-23,-0.001519815391537411,1.0949072156797586,-0.08139839043094799
2022-11-24,-0.00468335881508547,1.0897793723195042,-0.08570053137667488
2022-11-25,0.00024722546534701,1.0900487935319514,-0.08547449326507794
2022-11-28,-0.00039612201021356903,1.0896170012126267,-0.08583675694719728
2022-11-29,-0.0023087445657803143,1.0871013538822951,-0.08794732636683167
2022-11-30,0.0002660663484515779,1.0873905949699192,-0.08770465984236275
2022-12-01,-0.008172946476944127,1.0785034098376975,-0.09516080082863665
2022-12-02,-0.012939876355921122,1.0645477090649584,-0.10686930818790485
2022-12-05,-0.001320800811364527,1.0631416535870892,-0.10804895593030472
2022-12-06,0.0082201232094021,1.0718808089686227,-0.10071700845129694
2022-12-07,0.0019021747919794208,1.0739197136234493,-0.09900641501391716
2022-12-08,-0.004606778316696682,1.0689724035728556,-0.10315709272471396
2022-12-09,-0.002577103225731773,1.0662175513433898,-0.10546834947402772
2022-12-12,0.0002520156098943305,1.0664862548098717,-0.10524291353455051
2022-12-13,0.0022741546063695323,1.0689116094388773,-0.10320809758478344
2022-12-14,-0.009843667822945821,1.0583895986234706,-0.1120358191784665
2022-12-15,-0.005243258147494696,1.0528401887372645,-0.11669164460424242
2022-12-16,0.012011354500098898,1.0654862254761388,-0.10608191481468454
2022-12-19,0.0015290262586989546,1.0671153818931738,-0.10471509058931039
2022-12-20,0.00013191469996445948,1.0672561500986038,-0.10459698934910278
2022-12-21,-0.012541234235287437,1.053871440731166,-0.11582644824065724
2022-12-22,0.0003511178358178812,1.054241473790666,-0.11551599913667598
2022-12-23,0.0022411211587755157,1.0566041566640372,-0.11353376332774257
2022-12-26,0.0028500792431489365,1.0596155622391703,-0.11100726430685048
2022-12-27,-0.0019987875541697163,1.0574976158411622,-0.11278417192270118
2022-12-28,0.0022584676810414417,1.059885940029318,-0.11078042364888019
2022-12-29,0.0009013158566878352,1.0608412320333467,-0.1099789559446378
2022-12-30,-0.004409329524505889,1.0561636334681288,-0.11390335201162272
2023-01-02,-0.01031155157945391,1.0452729476852787,-0.12304038330173606
2023-01-03,0.0017530875540175794,1.047105402680417,-0.12150299631232642
2023-01-04,0.011937101218180613,1.059604805858317,-0.11101628865943813
2023-01-05,-0.004891270388448281,1.0544219922479647,-0.11536454836253107
2023-01-06,0.010318679018341902,1.065302234335852,-0.10623627908883815
2023-01-09,-0.012844958371372343,1.051618471482878,-0.11771663687778489
2023-01-10,-0.005376284295936057,1.0459646716093283,-0.12246004306750458
2023-01-11,0.0010576485040286786,1.0470709345795228,-0.12153191424482945
2023-01-12,0.001697386127837477,1.04884821825874,-0.12004081470232064
2023-01-13,-0.012384722759195279,1.0358585238591296,-0.13093886525163967
2023-01-16,-0.002841902476629284,1.0329147149547369,-0.13340865224282328
2023-01-17,0.001287587781496681,1.0342446833210406,-0.13229283981190043
2023-01-18,-0.0007514570924596644,1.0334674928184202,-0.1329448845116019
2023-01-19,-0.002968383848552735,1.0303997646047338,-0.13551863691222266
2023-01-20,-0.0031849917792346034,1.0271179498251424,-0.13827200294695874
2023-01-23,0.0071409183180883955,1.034452515207886,-0.1321184737075931
2023-01-24,0.0023730260546836503,1.0369072979788074,-0.13005896823332264
2023-01-25,-0.0003938179858443751,1.03649894523521,-0.13040156665825642
2023-01-26,-0.011554389904480907,1.0245228322863793,-0.1404492460174126
2023-01-27,0.005311372449083727,1.0299644546312423,-0.13588385182412044
2023-01-30,0.0023211086773828795,1.0323551140642828,-0.13387814433432266
2023-01-31,0.0027900964726850002,1.0352354844265919,-0.13146158079991455
2023-02-01,-0.004798508137389283,1.0302678985304567,-0.13562926947208132
2023-02-02,-0.01498625177556906,1.014828044406793,-0.1485829468672052
2023-02-03,0.008137950844640003,1.0230866651479376,-0.14165415674052229
2023-02-06,0.026573650481887624,1.0502738126002589,-0.11884477430916385
2023-02-07,0.004011325579364597,1.0544868028100791,-0.11531017381295938
2023-02-08,-0.008085417634418043,1.0459608366193773,-0.12246326053460233
2023-02-09,0.0028323033351159562,1.048923314985335,-0.11997781030072785
2023-02-10,-0.0007233078818433119,1.0481646204841568,-0.12061433728673432
2023-02-13,0.002413115244883048,1.0506939625089942,-0.11849227833790943
2023-02-14,-0.004092407650441318,1.04639409449855,-0.12209976728196237
2023-02-15,0.0019367579117457623,1.048420706539874,-0.12039948706052228
2023-02-16,0.0069138334793441576,1.0556693127211871,-0.11431807558571294
2023-02-17,0.005615036521299947,1.0615969344665321,-0.10934493923387156
2023-02-20,-0.0019745036455795315,1.059500807449292,-0.1111035408983081
2023-02-21,-0.001868780014180193,1.057520833515323,-0.11276469283575286
2023-02-22,0.003684471071418156,1.0614172384338323,-0.10949570001296538
2023-02-23,0.006267688574879495,1.0680698711323442,-0.10391429638605554
2023-02-24,0.0015565737237354213,1.0697324006288624,-0.10251947292559493
2023-02-27,0.009783052934360194,1.0801976493298147,-0.09373937342166871
2023-02-28,-0.006201475288613893,1.073498830300677,-0.09935952630243805
2023-03-01,0.0066851444388134245,1.0806753250361343,-0.09333861464832838
2023-03-02,-0.005582437118177096,1.0746425229889545,-0.09839999481953343
2023-03-03,0.00821285604166657,1.0834684073265162,-0.09099528376982036
2023-03-06,-0.006682387287902871,1.0762282518145532,-0.09706960533020059
2023-03-07,-0.002282928112299562,1.0737713000832347,-0.09913093051164201
2023-03-08,0.0188964217193447,1.0940617353997366,-0.0821077286606764
2023-03-09,-2.5339110280268152e-05,1.09403401284877,-0.08213098723416512
2023-03-10,-0.0060005434755156205,1.087469214190978,-0.08763870015009523
2023-03-13,-0.013085682812103178,1.073238936986148,-0.0995775707299692
2023-03-14,-0.007160814847940426,1.0655536716707898,-0.10602532903090445
2023-03-15,0.002038359923599864,1.0677256535715682,-0.10420308688888769
2023-03-16,0.00860605024699606,1.0769145541962117,-0.09649381364354959
2023-03-17,-0.0021309203429993595,1.074619735065003,-0.09841911335608222
2023-03-20,-0.004981724127080195,1.0692662760033933,-0.10291054061159055
2023-03-21,-0.005784505104794752,1.0630810997714668,-0.10809975916888037
2023-03-22,-0.00023004531164002613,1.0628365429485713,-0.1083049366377341
2023-03-23,-0.005863604704364964,1.056604489595367,-0.11353348400612417
2023-03-24,0.0015007748409564896,1.0581902150301934,-0.11220309736157019
2023-03-26,0.0028058601125636835,1.061159348746052,-0.10971206344439932
2023-03-27,-0.004054707767693686,1.0568566576919307,-0.11332192085623516
2023-03-28,-0.0010343452235431374,1.0557635030560772,-0.11423905209221796
2023-03-29,0.001765311421901813,1.0576272544268492,-0.11267540817380173
2023-03-30,-0.0030563758384169874,1.0543947480403677,-0.1153874056170926
2023-04-02,0.00609783243669361,1.0608242705360476,-0.10999318624515686
2023-04-03,-0.012072880668050304,1.0480170657080943,-0.12073813230137087
2023-04-04,-0.004448838774403837,1.043354606749935,-0.12464982659124335
2023-04-05,0.0033862332935827625,1.0468876488563246,-0.12168568669050317
2023-04-06,0.0004859272677280359,1.0473963601111516,-0.12125888981603028
2023-04-09,0.0019518647998773477,1.049440736197972,-0.1195437059748572
2023-04-10,0.005826666845206769,1.055555477741586,-0.11441358047780725
2023-04-11,-0.005631473543894587,1.0496111449945713,-0.11940073697017883
2023-04-12,-0.007316776645449727,1.0419313746820713,-0.12584388509191569
2023-04-13,-0.006518409247155596,1.035139639574442,-0.13154199239479025
2023-04-16,0.00801407277737133,1.0434353239807337,-0.12458210671775105
2023-04-17,0.003840876954962443,1.047443030670605,-0.1212197343054815
2023-04-18,-0.0034946820092614434,1.0437825503555942,-0.12429079189009817
2023-04-19,0.0027388888878545573,1.0466413547840996,-0.12189232167101405
2023-04-20,-0.003160657862308029,1.0433332795570844,-0.12466771960847767
2023-04-23,-1.4909925929093682e-05,1.043317723535167,-0.1246807707479416
2023-04-24,-0.0026641954429280044,1.0405381212105986,-0.12701279224962214
2023-04-25,0.007325283415270481,1.0481603578528593,-0.120617913534945
2023-04-26,-0.0031422514686941087,1.0448667744289692,-0.12338115318768306
2023-04-27,0.0011170719532217805,1.0460339657975373,-0.12240190686024333
2023-04-30,0.0056909638623542135,1.051986907295686,-0.11740752782651409
2023-05-01,0.005015813718910218,1.0572634776574137,-0.11298060839637936
2023-05-02,-0.002308627412231682,1.0548226502109423,-0.11502840567901662
2023-05-03,-0.009989590112004567,1.0442854042944767,-0.1238689091670504
2023-05-04,0.00017373079854180322,1.0444668288316703,-0.12371669821301268
2023-05-07,-0.003466889210359228,1.0408457780522158,-0.12675467533719587
2023-05-08,0.002594239266538576,1.0435459810400498,-0.1244892680266344
2023-05-09,0.0018976028942436717,1.0455262169139479,-0.12282789632770019
2023-05-10,-0.0024582589994045813,1.0429560426821058,-0.12498421254557923
2023-05-11,0.009803289759282111,1.0531804429747127,-0.11640617923721708
2023-05-14,0.006292016212644107,1.0598070713967493,-0.11084659259158547
2023-05-15,-0.004608452810881415,1.054923000519579,-0.11494421411126154
2023-05-16,0.004245518666815618,1.059401695810338,-0.11118669325109776
2023-05-17,0.0043540276444348925,1.0640143600804575,-0.10731677554277141
2023-05-18,0.008665162013829886,1.0732342168955962,-0.09958153077582144
2023-05-21,-0.00543565931119216,1.0674004813314375,-0.10447589881202934
2023-05-22,0.003991225094185844,1.0716607169180736,-0.10090166054691962
2023-05-23,0.0022628712900361584,1.074085747187047,-0.09886711672765214
2023-05-24,0.008340942977352007,1.0830446351571208,-0.09135081873326067
2023-05-25,-0.00139533561688868,1.081533424403006,-0.09261868929913886
2023-05-28,-0.00029436645145825046,1.081215057246731,-0.09288579191568935
2023-05-29,-0.0016498660678988639,1.0794311972116784,-0.09438240886731653
2023-05-30,-0.0023674056258103536,1.0768757457227243,-0.09652637304739675
2023-05-31,-0.001065713041212158,1.0757281051967424,-0.09748921667403143
2023-06-01,-0.010493188931946283,1.0644402869495084,-0.10695943283658971
2023-06-04,0.007398206766452466,1.072315236282903,-0.10035253406988476
2023-06-05,-0.003150059021723756,1.068937379998718,-0.10318647668630887
2023-06-06,-0.002611602226186418,1.0661457407574595,-0.10552859688026905
2023-06-07,0.00153911470757932,1.0677866613474825,-0.10415190278821829
2023-06-08,-0.011659944604212989,1.0553363280270533,-0.11459744197549726
2023-06-11,0.0007322031159227756,1.0561090485747813,-0.11394914746366569
2023-06-12,0.003861264926996876,1.060186965403127,-0.11052787038323142
2023-06-13,-0.0029273354860947414,1.0570834424774074,-0.11313165371215095
2023-06-14,-0.0047294410311515545,1.0520840286712037,-0.11732604525831436
2023-06-15,-0.013541351957912555,1.0378373885496683,-0.12927864394355404
2023-06-18,0.0032881881902750076,1.0412499931941233,-0.12641554826354895
2023-06-19,0.0021898676317953624,1.043530192850826,-0.12450251394905176
2023-06-20,0.0032949808115858726,1.04696860481258,-0.12161776653192224
2023-06-21,-0.004648310052032035,1.0421019701226677,-0.1257007594972782
2023-06-22,0.006116644272093226,1.0484761371691556,-0.12035298205576184
2023-06-25,0.006278854642141118,1.0550593664301942,-0.11482980629369721
2023-06-26,0.0009567866703890938,1.0560688331684636,-0.11398288725133343
2023-06-27,-0.0013507535444809294,1.0546423444488455,-0.11517967800684936
2023-06-28,0.007678000716314994,1.06273988912498,-0.10838602694077581
2023-06-29,0.002897930973373074,1.0658196359663141,-0.10580219119195544
2023-07-02,-0.004093846512343013,1.0614563339668268,-0.10946289977288892
2023-07-03,0.0012317102967173681,1.0627637406628896,-0.10836601605693041
2023-07-04,0.0010633819625876693,1.0638938644552027,-0.10741786856117508
2023-07-05,0.004814028046785342,1.069015479357493,-0.10312095314636904
2023-07-06,-0.0018082979816331877,1.0670823808238363,-0.10474277771656348
2023-07-09,-0.012971825324967191,1.0532403745724395,-0.11635589802493951
2023-07-10,-0.008071164305511875,1.0447394984560663,-0.12348793475957687
2023-07-11,-0.007225970368531284,1.0371902417973886,-0.1298215849706642
2023-07-12,-0.018998054060033676,1.0174856455131824,-0.14635328154126592
2023-07-13,-0.011176077662132864,1.0061141469188217,-0.15589370356278565
2023-07-16,0.007482281694845362,1.0136421763832375,-0.14957786247244964
2023-07-17,-0.0017330351399989386,1.0118854988721804,-0.1510516739206179
2023-07-18,-0.0013511883273085042,1.0105182509975315,-0.15219876298930457
2023-07-19,0.0029085285599235867,1.0134573721908817,-0.14973290887832047
2023-07-20,0.008188124748030027,1.0217556875811913,-0.14277081586707163
2023-07-23,0.005998316121710124,1.0278845011944586,-0.13762888423188657
2023-07-24,0.002611285178677718,1.0305686007578203,-0.13537698731876147
2023-07-25,-0.00520273168255754,1.0252068288476086,-0.13987538886030648
2023-07-26,-0.002875145173375514,1.022259210381936,-0.1423483719845262
2023-07-27,0.005667172858418846,1.028052530033281,-0.1374879119562582
2023-07-30,0.0062552860001981484,1.0344832926318663,-0.13209265216691668
2023-07-31,0.004073582230130744,1.0386973453900987,-0.12855716021738384
2023-08-01,0.005661708395728861,1.044578146871115,-0.12362330497498886
2023-08-02,0.004001623188669289,1.0487581550060117,-0.12011637567016742
2023-08-03,-0.003956373659050968,1.044608875866831,-0.12359752406449631
2023-08-06,-0.0014203765357964871,1.043125137930465,-0.12484234557722906
2023-08-07,0.0008913610820457234,1.0440549390821199,-0.12406226410342214
2023-08-08,0.0058277476719905425,1.050139427822786,-0.11895752000224202
2023-08-09,0.00038968281965166937,1.0505486491160474,-0.11861419288440367
2023-08-10,0.0006210620286885645,1.0512011049913035,-0.11806679762697914
2023-08-13,0.0010392193391589193,1.0522935335089556,-0.11715027558722668
2023-08-14,0.003486396924385872,1.0559622464477325,-0.11407231102333903
2023-08-15,0.0030381639875301735,1.0591704329170815,-0.11138071742313427
2023-08-16,0.006496027283577497,1.0660508329472693,-0.10560822231880196
2023-08-17,-0.0011877067403251445,1.0647846771874487,-0.10667049746164525
2023-08-20,7.828692078257104e-05,1.0648680359011222,-0.10660056144564722
2023-08-21,0.0009940222955266143,1.0659265384706016,-0.10571250248491326
2023-08-22,0.0005306646300590268,1.0664921879828093,-0.10523793574087792
2023-08-23,-0.006255308315827813,1.0598209505305551,-0.11083494832212515
2023-08-24,0.007681572045940993,1.0679620415178532,-0.10400476291692873
2023-08-27,0.0006142790277440696,1.0686180682023845,-0.10345437183383
2023-08-28,-0.0015057125956382295,1.0670090365171656,-0.10480431187872408
2023-08-29,-0.0039791197420435956,1.0627632797950213,-0.10836640271431974
2023-08-30,-0.0015745028246359409,1.0610899560090647,-0.10977028233178632
2023-08-31,0.0029446444043883723,1.0642144886105795,-0.10714887237503434
2023-09-03,0.005065526802913051,1.0696052956266848,-0.102626111057039
2023-09-04,0.001045921691110818,1.0707240190063076,-0.10168752824155713
2023-09-05,0.0083406319779428,1.079654533998783,-0.09419503451342381
2023-09-06,-0.001818346091397553,1.0776913483968267,-0.0958421014319849
2023-09-07,0.002366571492925329,1.080241782020115,-0.09370234712413061
2023-09-10,-0.002099182073161438,1.0779741578366184,-0.09560483090999583
2023-09-11,-0.005273464783636394,1.0722894990775969,-0.10037412698468284
2023-09-12,-0.00011405595465642479,1.0721671980751115,-0.10047673467246321
2023-09-13,0.0034650933284327856,1.0758823574801262,-0.0973598026070066
2023-09-14,6.229810162750011e-05,1.0759493829085716,-0.09730356983625643
2023-09-17,-0.0013074180216467596,1.0745426672949772,-0.09848377141712872
2023-09-18,-0.0005945162553157904,1.0739038342122398,-0.09901973746945236
2023-09-19,0.0004193182668305424,1.0743541417067444,-0.09864193998731952
2023-09-20,0.0029040046088856467,1.0774740710858361,-0.09602439202678648
2023-09-21,0.0026868931454401505,1.0803691287818262,-0.09359550616207812
2023-09-24,0.0009632366377335414,1.081409779908945,-0.0927224241450072
2023-09-25,0.006085421732423647,1.0879906144852582,-0.08720125746755869
2023-09-26,0.0038580176465102386,1.0921881014751798,-0.08367966381115632
2023-09-27,0.005486956775069993,1.0981808903782198,-0.07865185373437056
2023-09-28,-0.004352161183804908,1.0934014301343193,-0.0826617093733184
2023-10-01,0.004877705740467789,1.0987347205667213,-0.07818720312717775
2023-10-02,0.005907352692467754,1.105225334076569,-0.0727417298196198
2023-10-03,0.002798761667416984,1.1083185963754407,-0.07014655491724342
2023-10-04,-0.0016977028922465082,1.1064370006888435,-0.07172516980032584
2023-10-05,-0.0020944363282854725,1.1041196388396417,-0.07366938232732889
2023-10-08,-0.001743444789441475,1.1021946672083867,-0.0752843886160105
2023-10-09,-0.005070219441005881,1.0966062983789338,-0.07997289968625121
2023-10-10,0.0013449315558415852,1.0980811587939583,-0.07873552620680979
2023-10-11,-0.000443374155227045,1.0975942979878073,-0.07914399106461856
2023-10-12,0.007132070093267657,1.1054224174550271,-0.07257638146308476
2023-10-15,-0.005436659512736565,1.099412612153578,-0.07761846790113991
2023-10-16,-0.00301062953427015,1.0961026880730795,-0.08039541698354202
2023-10-17,-0.002313975143607986,1.0935663336980366,-0.08252335913059006
2023-10-18,0.0005553087254306335,1.0941736006249763,-0.08201387634653656
2023-10-19,-0.004786086026715252,1.0889367916442243,-0.08640743690567287
2023-10-22,0.0003419636496866669,1.089309168443773,-0.08609502145847059
2023-10-23,-0.0015105257586691075,1.0876637388856842,-0.08747549846953351
2023-10-24,0.0012517902199233682,1.0890252657165866,-0.0863332092230773
2023-10-25,0.003933885685607292,1.0933093666206537,-0.08273894851342523
2023-10-26,0.0036978821589183364,1.0973522958216586,-0.0793470252360623
2023-10-30,-0.0008111516463966878,1.0964621767002256,-0.08009381441230212
2023-10-31,-0.0029234873018599405,1.0932566834496726,-0.0827831484647703
2023-11-01,0.012290282103956211,1.1066931165013045,-0.0715102946088999
2023-11-02,-0.004644661007874119,1.1015529021354082,-0.07582281453974249
2023-11-03,-0.0023864878992170776,1.0989240594641148,-0.07802835220957582
2023-11-06,-0.0057635402610483385,1.0925903664035588,-0.08334217292116086
2023-11-07,0.0017802493288017341,1.094535449670004,-0.08171029343976288
2023-11-08,0.005089723889070186,1.1001063328956235,-0.07703645238319601
2023-11-09,0.0009648001741692842,1.101167715677206,-0.07614597699170345
2023-11-10,0.0045883400764360465,1.106220247637925,-0.07190702055315801
2023-11-13,-0.000616721536804827,1.105538017786757,-0.0724793954817402
2023-11-14,-0.00014430268243699048,1.1053784856852544,-0.07261323919298779
2023-11-15,-0.01073080593639061,1.0935168836691047,-0.08256484655118568
2023-11-16,0.00023871026659590924,1.0937779173759326,-0.08234584536112144
2023-11-17,-0.00048018184353891546,1.0932527050791447,-0.0827864862248271
2023-11-20,-0.005579331198520166,1.08715308615383,-0.08790392419793724
2023-11-21,-0.00476785057251591,1.0819697026895991,-0.0922526619951396
2023-11-22,0.0019330297840857778,1.0840611823503765,-0.09049795935435168
2023-11-23,0.004419493127389745,1.088852183295444,-0.08647842133637118
2023-11-24,0.0003661402890432787,1.0892508559485614,-0.08614394428151195
2023-11-27,-0.0014834318642909933,1.0876350265206411,-0.08749958747393993
2023-11-28,-0.004545066804974275,1.082691652665675,-0.09164696280843743
2023-11-29,-0.0059830223084106696,1.0762138843546463,-0.09708165929386703
2023-11-30,0.0032241239701982847,1.0796837313362542,-0.0941705386284648
2023-12-01,0.005576280793068043,1.0857043509898925,-0.0891193792012237
2023-12-04,-0.01190453664782592,1.0727795437548293,-0.09996299093331706
2023-12-05,0.00979794122219752,1.083290574668915,-0.09114448122067931
2023-12-06,0.000871265926638308,1.0842344088352724,-0.09035262637492969
2023-12-07,0.004647164459130706,1.089273024445378,-0.08612534542987782
2023-12-08,-0.008963627596356105,1.0795091867034934,-0.09431697750319279
2023-12-11,0.002035080000325841,1.0817060742595217,-0.09247384009747495
2023-12-12,0.003431250590047381,1.0854176788650824,-0.08935989042582604
2023-12-13,-0.003068978027777382,1.0820865558576844,-0.09215462491332194
2023-12-14,-0.016179846769553377,1.0645785611925134,-0.10684342397267199
2023-12-15,-0.0064330560264401196,1.057730067663815,-0.11258915026663918
2023-12-18,0.001730921372784832,1.0595609152445713,-0.11105311186039468
2023-12-19,-0.0015886137295135529,1.057877682227358,-0.1124653050917015
2023-12-20,-0.00161757083698884,1.0561664901394856,-0.11390095533100097
2023-12-21,8.966926734831727e-05,1.0562611958148542,-0.11382149947886744
2023-12-22,-0.011315645083977904,1.0443089190070354,-0.12384918087181629
2023-12-25,-0.0005963435503520243,1.0436861521186105,-0.12437166776193898
2023-12-26,0.0004419363770159428,1.0441473949954194,-0.12398469574917714
2023-12-27,-0.0016785436232540593,1.0423947480438125,-0.12545512565200045
2023-12-28,-0.009007638546417163,1.0330052329307502,-0.13333270977274903
2023-12-29,0.0018294294968652575,1.0348950431742898,-0.1317472030680391
2024-01-01,-0.0034186072284427263,1.0313571434990148,-0.13471541835574619
2024-01-02,0.0031910022127699667,1.0346482064260762,-0.13195429334104358
2024-01-03,0.008700940340625875,1.0436506187437251,-0.12440147943446755
2024-01-04,0.007214265588652799,1.0511797914891043,-0.11808467915807619
2024-01-05,0.006347701174634799,1.0578523666862922,-0.11248654424003945
2024-01-08,0.0024950081030953157,1.060491716913053,-0.11027219097631225
2024-01-09,-0.002479990045583444,1.057861708011685,-0.11247870708596974
2024-01-10,0.004747964401269663,1.0628843977427906,-0.10826478758184521
2024-01-11,0.0009652511252398352,1.0639103481037118,-0.10740403916464258
2024-01-12,0.0005479861241052749,1.0644933562117647,-0.1069149089636724
2024-01-15,0.0032373149713903642,1.0679394564907747,-0.1040237112277348
2024-01-16,0.006078559785019445,1.0744309903238352,-0.09857746579047266
2024-01-17,0.005865854936572181,1.0807334466524323,-0.09328985196824235
2024-01-18,0.006155821583298988,1.0873862489291286,-0.08770830606919211
2024-01-19,0.0014071735826179622,1.0889163901327237,-0.08642455329785093
2024-01-22,-0.003170676272879526,1.0854637887713803,-0.08932120529019472
2024-01-23,0.0012767696909831631,1.0868496760375435,-0.08815847820688805
2024-01-24,0.0011737278261541037,1.0881253417451553,-0.08708822443971675
2024-01-25,-0.0014732428437520678,1.086522268872324,-0.08843316518003796
2024-01-26,0.0014356714778039118,1.0880821579037427,-0.08712445467517493
2024-01-29,-0.0015742571771759787,1.0863692367573057,-0.08856155555427092
2024-01-30,-0.0029820330288414785,1.083129647811778,-0.09127949509936406
2024-01-31,-3.2557464048445984e-05,1.0830943838572096,-0.09130908073453248
2024-02-01,0.003319618402100534,1.0866898439050736,-0.08829257363711729
2024-02-02,-0.009040397470252922,1.0768657357892848,-0.0965347711480189
2024-02-05,0.02050181967513271,1.098943442918766,-0.07801208994334308
2024-02-06,0.008449652543132995,1.1082291331759837,-0.07022161245439495
2024-02-07,-0.005843140125398119,1.1017535950597879,-0.07565443785839077
2024-02-08,0.0021064269199581515,1.1040743584915826,-0.0737073714829517
2024-02-09,0.004899309559561796,1.1094835605506075,-0.06916917715310644
2024-02-12,-0.00023326798764470094,1.109224753553113,-0.06938631018598962
2024-02-13,0.0013758350076751775,1.1107508638004313,-0.06810593929292164
2024-02-14,0.01701747373026563,1.1296530374460252,-0.05224745659544827
2024-02-15,-0.003140418630723087,1.1261054540009767,-0.05522379634007113
2024-02-16,-0.00941726965934832,1.1155006152757867,-0.064121008617672
2024-02-19,0.001523056905207608,1.1171995861906459,-0.06269561165740845
2024-02-20,0.004408140027193291,1.1221243584048968,-0.05856384266549142
2024-02-21,-0.0029646555252833876,1.1187976462256966,-0.06135487657103478
2024-02-22,-0.0004245889636172586,1.1183226170925882,-0.061753414931195794
2024-02-23,-7.105016724812429e-06,1.11831467139169,-0.06176008118887466
2024-02-26,0.0010410210301454088,1.119478860482929,-0.06078335370207033
2024-02-27,-0.0021656955845701215,1.1170544100577615,-0.06281741104591254
2024-02-28,0.0007141235234621655,1.117852124888971,-0.062148146913361235
2024-02-29,0.000618951124092192,1.1185440207182398,-0.06156766245466139
2024-03-01,0.0032944639516118463,1.122229023672787,-0.05847603094759146
2024-03-04,-0.004305237849106334,1.1173975608047053,-0.06252951557499664
2024-03-05,0.002018787921537472,1.1196533495040133,-0.06063696148424158
2024-03-06,-0.0020357523880120366,1.1173740125240148,-0.06254927203311023
2024-03-07,-0.0069852829094018375,1.109568838930921,-0.06909763058158369
2024-03-08,-0.015092029417241897,1.0928231933733208,-0.08314683652542643
2024-03-11,-0.002919096223049668,1.0896331373170838,-0.08582321913201618
2024-03-12,0.0013413566050205887,1.0910947239228734,-0.08459698206884236
2024-03-13,0.003365318940447313,1.0947666056631131,-0.08151635895445608
2024-03-14,-0.0006050435201054778,1.0941042242223287,-0.08207208152979362
2024-03-15,0.01093954551402017,1.1060732271802907,-0.072030367287099
2024-03-18,0.0016469437570399725,1.1078948675766243,-0.0705020534937798
2024-03-19,0.0028099354388217423,1.1110079806275166,-0.06789022427357982
2024-03-20,0.007391662956253065,1.1192201771620227,-0.061000382973181444
2024-03-21,-0.012594246181267232,1.1051244427198026,-0.07282637531413283
2024-03-22,0.01630786776808924,1.1231466659989604,-0.057706150444695736
2024-03-25,0.006083325829922094,1.1299791331230227,-0.05197386993031938
2024-03-26,-0.002841662155296489,1.1267681141841523,-0.054667839906370475
2024-03-27,0.003505204233380291,1.1307176665480285,-0.051354257616859744
2024-03-28,0.0017451493268151718,1.1326909377226229,-0.04969872913815376
2024-03-29,-0.0035370265353670194,1.1286845798195282,-0.053059969949785124
2024-03-31,-0.00043182332653613707,1.1281971874896606,-0.053468880743591574
2024-04-01,0.0096571713803849,1.1390923810801163,-0.04432806750806495
2024-04-02,-0.0017517713644978339,1.1370969516654226,-0.04600218623325858
2024-04-03,-0.008952120206983792,1.126917523067119,-0.05454248933929817
2024-04-04,-0.00044729201141152056,1.1264134618615314,-0.054965384930945715
2024-04-07,0.004233631237599289,1.1311822810801206,-0.05096445686397677
2024-04-08,-0.004224554174864914,1.1264035402520505,-0.054973708929827225
2024-04-09,0.0016500275747210315,1.1282621371537298,-0.05341438949072497
2024-04-10,0.02254233873037418,1.1536958044261052,-0.03207613602132675
2024-04-11,-0.0008689863500369017,1.152693258519964,-0.032917248646999187
2024-04-14,0.009910360841007076,1.1641168646508933,-0.023333109617976966
2024-04-15,0.0031491410620609023,1.1677828328704032,-0.020257447809519435
2024-04-16,0.00519075876441349,1.173844511845057,-0.015171840569867867
2024-04-17,-0.0063278682130502115,1.166416578471489,-0.021403703375242555
2024-04-18,0.003168416209473152,1.1701122716657164,-0.018303103006486188
2024-04-21,6.239316728885137e-05,1.1701852786764293,-0.018241851827765054
2024-04-22,0.0006162634649860924,1.1709064211109421,-0.017636830149594163
2024-04-23,-0.007428278720578354,1.162208601859215,-0.024934097580073922
2024-04-24,0.003334613516882755,1.1660841183724122,-0.02168262964201295
2024-04-25,-0.003696529403965318,1.1617736541413515,-0.02529900856795142
2024-04-28,0.006075174804774709,1.1688316321738421,-0.019377529662614412
2024-04-29,-0.007276659864587665,1.160326441947542,-0.02651318583483142
2024-04-30,0.014031889584416682,1.176608014462829,-0.012853326346580207
2024-05-01,-0.01119761640487552,1.163432809257972,-0.023907016133500103
2024-05-02,-0.011246688892347836,1.1503480424050974,-0.034884830253050114
2024-05-05,0.00028039931352336067,1.1506705992065007,-0.034614212621982055
2024-05-06,-3.778462002373962e-05,1.1506271215551374,-0.034650689357134334
2024-05-07,0.007343219832127524,1.1590764294535247,-0.027561917154291127
2024-05-08,0.0030342871718337314,1.1625934001945903,-0.0246112607541098
2024-05-09,-0.0050880005239121754,1.1566781243653033,-0.029574039170411126
2024-05-12,0.0021557007229240197,1.1591715762341879,-0.027482091225106586
2024-05-13,-0.0009047687251363051,1.1581227940449441,-0.02836199501360115
2024-05-14,-0.0010062096517155646,1.1569574797117042,-0.029339666552192223
2024-05-15,-0.014354709682616722,1.1403496909753106,-0.04327321383926752
2024-05-16,0.005221091478303315,1.1463035610291477,-0.03827805576897925
2024-05-19,0.00277879029274099,1.14948889823707,-0.035605632166034074
2024-05-20,0.0028173859662496935,1.1527274521273227,-0.03288856100816839
2024-05-21,0.0004378720656455333,1.153232199277912,-0.03246508992466768
2024-05-22,0.007946873108728932,1.1623967892304738,-0.0247762127660337
2024-05-23,0.003715044500481088,1.1667151450296813,-0.0211532129985319
2024-05-26,-0.003983601118811264,1.162067417272607,-0.02505254815437563
2024-05-27,-0.0028007153542053886,1.15881279721443,-0.02778309845230309
2024-05-28,0.0012550507125853039,1.1602671660413268,-0.02656291693722823
2024-05-29,0.007253347871997417,1.1686829874210811,-0.01950223914227156
2024-05-30,-0.008873781459492486,1.1583123499952797,-0.028202961993644693
2024-06-02,-0.0023995980542555273,1.155532865934011,-0.030534884275175922
2024-06-03,-0.007740197405186851,1.1465888134435005,-0.03803873564832838
2024-06-04,0.0003525670136155026,1.1469930628373013,-0.03769957983814198
2024-06-05,0.0037895236499196844,1.151339620175217,-0.034052919637611034
2024-06-06,-0.0033383840955047593,1.1474960062986996,-0.037277622007792055
2024-06-09,0.01327127746818346,1.162724744191922,-0.024501066204628108
2024-06-10,0.0013533519126989438,1.1642983199484165,-0.02318087285674042
2024-06-11,0.0021619120505243744,1.1668154305167182,-0.021069075814586724
2024-06-12,-0.007498593794748713,1.1580659555698285,-0.028409681168171108
2024-06-13,0.005157118542214501,1.164038238982405,-0.023399074719487323
2024-06-16,0.002774759535413201,1.1672681651856072,-0.020689241989771845
2024-06-17,-0.003892384240116752,1.1627247089754487,-0.024501095750427693
2024-06-18,-0.0029805141293325,1.1592591915518233,-0.02740858401769186
2024-06-19,-0.0006412279491553171,1.1585158421578852,-0.028032236816728173
2024-06-20,0.007478917477248729,1.1671802865374692,-0.020762970125334568
2024-06-23,0.006024535874248847,1.1742120060454302,-0.014863521509461797
2024-06-24,-0.005243102529352557,1.1680554921065371,-0.02002869307159305
2024-06-25,0.0024036370065058585,1.170863073513017,-0.01767319777294596
2024-06-26,0.00475196881779444,1.1764269783282577,-0.013005211439879316
2024-06-27,-0.0008186547676541536,1.1754638907736523,-0.013813219429183898
2024-06-30,-0.0007893406064500854,1.1745360493932488,-0.014591656700632671
2024-07-01,0.00370384797250884,1.1788863523584325,-0.010941854006210061
2024-07-02,-0.0027584375741082404,1.1756344679484836,-0.013670109159097166
2024-07-03,-0.004035757503460927,1.1708898923231332,-0.017650697416946137
2024-07-04,-0.0051967948255904235,1.1648050177893723,-0.02275576518953215
2024-07-07,-0.004790470722970414,1.1592250534536832,-0.027437225085583328
2024-07-08,0.0007919326989877626,1.160143081678999,-0.026667020822310317
2024-07-09,0.0026756659119518593,1.1632472369756341,-0.02406270694894619
2024-07-10,-0.004871545103119606,1.157580425594628,-0.028817029489860868
2024-07-11,-0.014620496153053419,1.140656025435372,-0.043016206374115296
2024-07-14,-0.0004534846117730543,1.1401387554805107,-0.04345018379824084
2024-07-15,-0.0006887944229880887,1.1393534342643032,-0.044109049976950865
2024-07-16,-0.00010449901000206504,1.13923437295838,-0.04420893963489825
2024-07-17,-0.013154302655324334,1.1242485392211368,-0.05678170451819431
2024-07-18,0.007669882523798173,1.1328713934445147,-0.0495473309975516
2024-07-21,0.0058578085092185934,1.1395075371328844,-0.04397976126545944
2024-07-22,-0.0011985792215127532,1.1381417470761197,-0.04512562725895242
2024-07-23,0.0013548059014291426,1.1396837082317215,-0.043831957823639134
2024-07-24,-0.004353078334298389,1.1347225757734651,-0.04799423221198562
2024-07-25,-0.0036620741545851953,1.1305671375561008,-0.05148054792921808
2024-07-28,0.0021785098297484613,1.1330300891784573,-0.04941418897917438
2024-07-29,0.002108696321137904,1.1354193055592463,-0.047409692176549
2024-07-30,-0.0018126850718201048,1.1333611479338028,-0.04913643840710091
2024-07-31,-0.008752670274859806,1.1234412115036017,-0.05745903363810245
2024-08-01,0.006220273151210555,1.1304293227084812,-0.051596171371125266
2024-08-04,-0.024590715708914614,1.102631256604736,-0.07491810029818413
2024-08-05,-0.00444036295216095,1.0977351736230136,-0.07902579969333479
2024-08-06,0.001465530742955717,1.0993439382675818,-0.07767608368931644
2024-08-07,0.007059610868364112,1.1071048786822457,-0.07116483574557753
2024-08-08,0.0025413695006971364,1.1099184412550016,-0.06880432238796641
2024-08-11,-0.0032340100603137373,1.106328953849855,-0.07181581857748454
2024-08-12,0.000953039896853685,1.1073833294819182,-0.07093122202096058
2024-08-13,-0.005569030452412063,1.1012162779975398,-0.07610523433791117
2024-08-14,-0.0012267385574367725,1.0998653735292432,-0.07723861166996293
2024-08-15,0.004593614832616303,1.1049177314229681,-0.07299980126956451
2024-08-18,-0.0030262458603888213,1.1015739787121792,-0.07580513178355208
2024-08-19,-0.014755305221794048,1.085319918431895,-0.08944190914850148
2024-08-20,-0.009045606696806185,1.0755025413095503,-0.09767845951293885
2024-08-21,-0.005153659988973971,1.0699597668943635,-0.10232871793333631
2024-08-22,0.006650183817468031,1.0770751960215061,-0.09635903889993092
2024-08-25,-0.016534538652223946,1.0592662545615368,-0.11130032529897282
2024-08-26,0.001867561224901968,1.061244499145403,-0.10964062424591814
2024-08-27,-0.0055924893092360595,1.0553095006294468,-0.11461994953620092
2024-08-28,0.006074133868422696,1.0617195918088884,-0.109242032585253
2024-08-29,0.007244733378923185,1.069411467174723,-0.1027887286061816
2024-09-01,0.008830416284864796,1.0788548156096838,-0.09486597958430143
2024-09-02,-0.0017864151910285573,1.0769275329781645,-0.09648292474828868
2024-09-03,0.00024017616173162187,1.0771861852994984,-0.0962659214850956
2024-09-04,-0.010350228693472604,1.0660370619361992,-0.10561977587580962
2024-09-05,-0.0019567068535267483,1.063951139910995,-0.10736981579001226
2024-09-08,0.0024759171694447384,1.066585394805751,-0.10515973739096207
2024-09-09,0.007312229879700405,1.0743845123989018,-0.09861645968515331
2024-09-10,-0.001267924366013245,1.073022274097164,-0.09975934583904167
2024-09-11,0.0020924796606675206,1.0752675513811556,-0.09787561058050376
2024-09-12,-0.008660068219124569,1.0659556610323837,-0.10568806933501274
2024-09-15,-0.003932461491548672,1.0617638314436755,-0.1092049165637855
2024-09-16,-0.004845938075213948,1.0566185896659976,-0.11352165437582229
2024-09-17,0.005408898782299441,1.062333732668997,-0.10872678273164083
2024-09-18,0.003300523763011091,1.0658399903979192,-0.1057851142987114
2024-09-19,-0.005531670325766472,1.0599441149510198,-0.11073161624680383
2024-09-22,0.003871883909323193,1.0640480955144804,-0.10728847230068006
2024-09-23,-0.002205021169442588,1.061701846938566,-0.10925692011746246
2024-09-24,-0.011404326928798447,1.0495938519751695,-0.1194152454100077
2024-09-25,0.014933086680263148,1.065267527945786,-0.10626539694039716
2024-09-26,-0.004587447350503421,1.0603806692471338,-0.11036535737725606
2024-09-29,-0.006436411086018321,1.053555623352192,-0.11609141165353898
2024-09-30,0.006289399119054811,1.0601818551615787,-0.11053215775666769
2024-10-01,-0.0023008885456194837,1.0577424948747638,-0.11257872412658221
2024-10-02,0.008970426167794329,1.0672308958295764,-0.1046181770916299
2024-10-03,-0.0022552971267823206,1.0648239730565987,-0.10663752914420821
2024-10-06,0.005139410177802136,1.0702965402212936,-0.1020461729690254
2024-10-07,0.001995292365429638,1.072432094736743,-0.10025449255344221
2024-10-08,0.003603685558761258,1.0762968027892978,-0.09701209266169664
2024-10-09,0.00335054158953012,1.0799029799897217,-0.09398659412331689
2024-10-10,-0.0012840285831020965,1.078516353696438,-0.09514994123313614
2024-10-13,0.0036511228161273555,1.0824541493629856,-0.09184622253839814
2024-10-14,0.004474536930755032,1.0872976304301594,-0.0877826549223415
2024-10-15,-0.000445389763680879,1.0868133591954912,-0.0881889471900913
2024-10-16,0.0015236066805644887,1.088469235290088,-0.08679970577861773
2024-10-17,0.0028735245554547366,1.091596978365551,-0.08417560230912413
2024-10-20,-0.0017566698996665804,1.0896794028110892,-0.08578440346192806
2024-10-21,0.0038959505801407436,1.0939247399126386,-0.0822226646782217
2024-10-22,3.2083787851338736e-06,1.0939282496375666,-0.08221972010088963
2024-10-23,0.00017827361358040153,1.0941232681796274,-0.08205610409391906
2024-10-24,0.003461314693894351,1.0979103731247093,-0.07887881139884867
2024-10-28,0.005923561455733163,1.1044139126928003,-0.07342249342999185
2024-10-29,0.0004714723496571088,1.1049346133152116,-0.07298563775582989
2024-10-30,0.00358926585857438,1.108900517398741,-0.06965833675501876
2024-10-31,-0.004443502142548661,1.1039731155738064,-0.07379231192895008
2024-11-01,-0.003119392724982858,1.100529389868509,-0.07668151745294205
2024-11-04,-0.001767635362070114,1.0985840552019799,-0.07831360785314512
2024-11-05,0.00025002663525076045,1.0988587304768422,-0.07808316170576013
2024-11-06,-0.01457853163165937,1.0828389837158605,-0.09152335549459212
2024-11-07,0.03415942360306379,1.1198281392545217,-0.060490316961441915
2024-11-08,-0.017225411719022376,1.1005386385013158,-0.07667375806578935
2024-11-11,0.012771924313525538,1.114594634696365,-0.06488110518711354
2024-11-12,0.0032415700109030754,1.1182076712385103,-0.06184985182105929
2024-11-13,0.015473751404112817,1.1355105387614268,-0.04733314964840685
2024-11-14,0.009852053779545109,1.1466976496565446,-0.03794742460475309
2024-11-15,0.010359319470933354,1.158576656945905,-0.027981214628399642
2024-11-18,-0.0027069936008309813,1.1554403973494805,-0.030612463260287992
2024-11-19,-0.010413991103985902,1.143407651330297,-0.04070765644421015
2024-11-20,-0.005226331194352682,1.137431824254288,-0.04572123594383948
2024-11-21,0.006519845953362864,1.1448477045308785,-0.039499485405627754
2024-11-22,0.0057468538698689595,1.1514269769920724,-0.033979629306319925
2024-11-25,-0.0018856765408725607,1.1492557581530307,-0.035801231257341914
2024-11-26,0.011427416938437815,1.1623887828703459,-0.024782929915391216
2024-11-27,-0.0048051140356521515,1.156803372214891,-0.029468959146662366
2024-11-28,-0.013628064835250938,1.1410383808567095,-0.042695419096035137
2024-11-29,-0.003573568548010749,1.136960801986807,-0.046116412637220106
2024-12-02,-0.002100423445061489,1.134572702862198,-0.04811997208797625
2024-12-03,0.0055766515272105514,1.140899819458346,-0.042811668876599374
2024-12-04,-5.1030693024433194e-05,1.1408415985498874,-0.04286051486049158
2024-12-05,0.0038549146786539526,1.1452394455741564,-0.039170823809708044
2024-12-06,-0.008222266159957506,1.1358229820357635,-0.04707101703059735
2024-12-09,0.007199304033123409,1.1440001170112477,-0.04021059156022566
2024-12-10,0.001712266142871258,1.1459589496790468,-0.03856717665186782
2024-12-11,0.006339505165085031,1.1532237623595125,-0.032472168302369986
2024-12-12,0.001637416247880207,1.1551120696854416,-0.03088792251047201
2024-12-13,0.008372394435569865,1.1647831235501356,-0.022774133945455133
2024-12-16,0.001735888240486881,1.1668050568770238,-0.021077779056271395
2024-12-17,0.0002435103085836408,1.167089185936481,-0.020839401404169955
2024-12-18,0.001891692733870347,1.1692969600692957,-0.018987130414514053
2024-12-19,0.019283714274936928,1.1918453485498244,-6.955853739154527e-05
2024-12-20,0.009941801601845436,1.203694438545189,0.0
2024-12-23,-0.007417122549575763,1.1947664893822567,-0.0074171225495757165
2024-12-24,0.004898294244136598,1.2006188072002852,-0.0025551595541316585
2024-12-25,0.0005377695768257614,1.2012644634681624,-0.0020187640643779536
2024-12-26,-0.0007025328841099852,1.2004205356800632,-0.002719878700347511
2024-12-27,0.0037488344254975933,1.204920713509295,0.0
2024-12-30,-0.0008636687265827332,1.2038800611710252,-0.0008636687265827225
2024-12-31,-0.0005149049169036403,1.203260177408166,-0.001378128936212586
2025-01-02,0.004554928408196617,1.2087409413726942,0.0
2025-01-03,0.0007437699174361017,1.2096399665228608,0.0
2025-01-06,0.0002351141393873574,1.2099243699825581,0.0
2025-01-07,-0.0030446014206279783,1.2062406325268569,-0.0030446014206279015
2025-01-08,0.002958461857381605,1.2098092494290116,-9.514690042011775e-05
2025-01-09,-0.00055875233028765,1.2091332656916896,-0.0006538460671554613
2025-01-10,-0.0005598713065573791,1.2084563066704248,-0.0012133513040608612
2025-01-13,0.0006453556604678879,1.2092361907883629,-0.0005687786867250022
2025-01-14,-0.0021437881536300867,1.20664384456761,-0.0027113474993445408
2025-01-15,-0.0013262390397835262,1.2050435463938298,-0.00403399064422405
2025-01-16,-0.0017785751849198415,1.2029002858454658,-0.0058053910734879866
2025-01-17,-0.0007973671885824741,1.2019411326263962,-0.006598129233711503
2025-01-20,0.0026615497995837213,1.2051401588070494,-0.003954140683667506
2025-01-21,-0.007079871947280806,1.1966079208041698,-0.011006017821246439
2025-01-22,0.002461897582773758,1.1995538469519254,-0.008571215927142828
2025-01-23,0.001844843875514137,1.201766836519824,-0.006742184606837731
2025-01-24,0.00018745928803184947,1.2019921188753782,-0.006555989203932078
2025-01-27,-7.21256088221183e-05,1.2019054244620049,-0.006627641958041441
2025-01-28,-0.0012902542605634443,1.2003546608672986,-0.007909344875330904
2025-01-29,0.0009379716634158694,1.2014805595252414,-0.0069787919532842135
2025-01-30,-0.0001351741037151067,1.2013181504674764,-0.007113022705052097
2025-01-31,0.0012165546586634418,1.2027796196599647,-0.005905121427297488
2025-02-03,0.015429992377441987,1.2213385000230605,0.0
2025-02-04,-0.010571033579531772,1.2084276897273418,-0.010571033579531708
2025-02-05,-0.008184551552884198,1.1985372510028356,-0.018669065963117015
2025-02-06,-0.007605650756974405,1.1894215952524838,-0.0261327263244171
2025-02-07,-0.0022386311055903572,1.1867589190716907,-0.028312855895983757
2025-02-10,0.007248999145340638,1.1953617334617668,-0.021269096618835248
2025-02-11,0.000535061992808316,1.1960013260929998,-0.020745414911248927
2025-02-12,0.0007080262118447084,1.1968481263812747,-0.020052076996936896
2025-02-13,0.0044373209519770525,1.2021589256488008,-0.01570373354634902
2025-02-14,-0.011140053860165406,1.1887668104685947,-0.026668846969002402
2025-02-17,-0.007221569195371608,1.1801820486896344,-0.03369782524062659
2025-02-18,0.0003635387701385337,1.1806110906201548,-0.0333465369364323
2025-02-19,0.005557405141862005,1.1871722247657066,-0.02797445201040405
2025-02-20,0.0018399199041190422,1.1893565265716703,-0.026186002857345736
2025-02-21,-0.008310711845360566,1.1794721271979343,-0.034279090378577126
2025-02-24,-0.003812837478207426,1.174974991666853,-0.03796122725627016
2025-02-25,0.0037005317669360402,1.1793230239488717,-0.0344011722167078
2025-02-26,-0.004032179420769062,1.1745677819212659,-0.03829463993881432
2025-02-27,0.004011299589278496,1.1792793251824665,-0.03443695162299387
2025-02-28,0.014677675924042531,1.1965884049414184,-0.020264730114685547
2025-03-03,0.0038619218705917735,1.201209535872558,-0.01648106904852542
2025-03-04,-0.0038558016704571224,1.1965779101375718,-0.020273322985414177
2025-03-05,-0.01073734219278282,1.1837298436560997,-0.030792983571917842
2025-03-06,-0.012152742718392076,1.1693442794180646,-0.04257150708342872
2025-03-07,-0.0024974080304910385,1.1664239496242372,-0.04496259669025948
2025-03-10,-0.0019247251913476792,1.1641789040646042,-0.04680078123908893
2025-03-11,0.0024590789897296463,1.167041711947876,-0.04445678906720729
2025-03-12,0.0012992419724796108,1.168557981523673,-0.043215307221045496
2025-03-13,-0.003093954639045069,1.1649425161357447,-0.04617555565983633
2025-03-14,0.005576176692693167,1.1714384414425483,-0.040856862024385654
2025-03-17,-0.005637854847712445,1.1648340415466647,-0.04626437181447152
2025-03-18,-0.008112612634661372,1.1553841941839296,-0.054001659521816125
2025-03-19,-5.56285411037702e-05,1.1553199218467929,-0.054054284029383504
2025-03-20,-0.0005946381177672993,1.154632924583047,-0.05461677940943821
2025-03-21,0.009561335398293826,1.1656727572368981,-0.045577653357452785
2025-03-24,0.005152608512610045,1.1716790126087546,-0.040659888649517084
2025-03-25,0.004499917467327331,1.1769514714636935,-0.03634293732534344
2025-03-26,-0.0033979452474124303,1.1729522548047984,-0.03961739126159425
2025-03-27,0.004241395243159218,1.1779272089187804,-0.035544029033278246
2025-03-28,-0.001505358405724206,1.1761540062935034,-0.036995880936123715
2025-03-30,-0.0011381483974113376,1.1748153684961316,-0.03809192253093685
2025-03-31,0.00817391555680465,1.1844182101130551,-0.030229367132296514
2025-04-01,-0.007080216897182972,1.1760322722884815,-0.037095553553518235
2025-04-02,-0.008292409055779515,1.1662801316238676,-0.04508035110508135
2025-04-03,-0.023175206854933537,1.1392513483226854,-0.06721081149806152
2025-04-06,0.025862059824592963,1.1687147348482547,-0.043086961701291004
2025-04-07,0.004754402605772259,1.1742712752290216,-0.03853741185850623
2025-04-08,-0.005073017855076655,1.1683141760830813,-0.04341492873513619
2025-04-09,-0.009711068709031235,1.1569685968454033,-0.05270439208822275
2025-04-10,-0.031752057985371916,1.1202324628711136,-0.08278297715992577
2025-04-13,-0.009676172110553174,1.1093929007565437,-0.09165812693565556
2025-04-14,0.00057336020215434,1.11002898249439,-0.09113731985569007
2025-04-15,0.000257565976626162,1.1103148881933496,-0.09090322775185966
2025-04-16,-0.006589383987427157,1.1029985970480864,-0.09689361546593322
2025-04-21,-0.00808843019750603,1.0940770698879159,-0.10419832841815913
2025-04-22,0.01040318883311628,1.1054589602439424,-0.09487913447167196
2025-04-23,0.004553508046815989,1.110492676514838,-0.09075765932714774
2025-04-24,-0.003232251544554791,1.1069032848459561,-0.09369655928716214
2025-04-27,0.0035299735235818333,1.110810624134628,-0.09049733213711475
2025-04-28,-0.005841816590422349,1.104321472201741,-0.09581047991126967
2025-04-29,0.003311622172059579,1.1079785676741656,-0.09281614584879994
2025-04-30,0.00014735863815452344,1.1081418378870025,-0.09268246447149642
2025-05-01,0.008290536274213322,1.1173289279909782,-0.08516031553096748
2025-05-04,-0.006270519822497583,1.1103226947997606,-0.09089683590683806
2025-05-05,-0.0022950536220784704,1.1077744446773845,-0.09298327641643311
2025-05-06,-0.006113218436872842,1.1010023775182862,-0.09852806777359613
2025-05-07,0.008475905817101932,1.1103343699745365,-0.09088727657928419
2025-05-08,0.011741735368292597,1.1233716223170975,-0.08021271556093035
2025-05-11,-0.0022385438905664396,1.1208569056351239,-0.08227169976713211
2025-05-12,0.0060600082273770135,1.127649307704985,-0.07671025871722426
2025-05-13,-0.0036334315149001845,1.1235520711726144,-0.08006496876058511
2025-05-14,0.0034030762715461715,1.1273756045658685,-0.07693435968441009
2025-05-15,-0.0025967956841746846,1.124448040461488,-0.07933137255539158
2025-05-18,-0.0006254681700708404,1.123744734003281,-0.07990722147704088
2025-05-19,-0.004975937164372256,1.1181530508180864,-0.08448554532836383
2025-05-20,-0.0039655672031549405,1.1137189397516545,-0.08811607942382405
2025-05-21,-0.0033047235899046398,1.1100384064989337,-0.09112960372740675
2025-05-22,0.0038765641819911165,1.114341541626202,-0.08760630930314439
2025-05-25,-0.010378366013011266,1.102776497243702,-0.09707546497315855
2025-05-26,-0.0043404689760563496,1.0979899300698917,-0.10099458090516256
2025-05-27,0.009285656877262644,1.1081854878152102,-0.09264672505264826
2025-05-28,0.007315038103703353,1.1162919068845494,-0.08600940127288847
2025-05-29,-0.010292310790958346,1.104802683645462,-0.09541647657500207
2025-06-01,-0.0008483861374053381,1.103865384364089,-0.09618391269640103
2025-06-02,-0.00940351209539308,1.0934851728705357,-0.10468295820537121
2025-06-03,0.007411672025372402,1.1015897263364596,-0.098047161932863
2025-06-04,-0.005250981954725147,1.0958052985619562,-0.1027833000095667
2025-06-05,-0.00171239276507134,1.0939288494967718,-0.10431968739533148
2025-06-08,0.005645952269149738,1.1001051195668763,-0.09926271910194862
2025-06-09,-0.0019126850978475607,1.0980009648986149,-0.10098554587619801
2025-06-10,0.0002337543078313915,1.098257627354163,-0.10077539737474384
2025-06-11,-0.002344321591093832,1.0956829582857732,-0.10288346902592094
2025-06-12,-0.0075026862515652345,1.0874623928185683,-0.10961425288891202
2025-06-15,0.004559006021986735,1.0924201404161122,-0.10555497890594145
2025-06-16,0.000473795703585685,1.092937724385152,-0.10513119469785337
2025-06-17,0.007906237639084024,1.1015787497588605,-0.09805614926733153
2025-06-18,-0.0005938116861436889,1.100924619424046,-0.09859173406614208
2025-06-19,-0.00015931295495680536,1.1007492278697408,-0.09873534008061058
2025-06-22,0.00538479924200695,1.1066765414776134,-0.09388221082302917
2025-06-23,-0.006134544413486062,1.0998875850825558,-0.09944083064458509
2025-06-24,-0.005282178965475081,1.0940777820162455,-0.10419774534612003
2025-06-25,-0.0047013213533643175,1.088934170777411,-0.10840919961431628
2025-06-26,-0.003012498888216765,1.0856537577986027,-0.1110951159092225
2025-06-29,-0.0004757327527111536,1.085137276747914,-0.11151799707662946
2025-06-30,-0.006234447925376532,1.078372044904144,-0.11705719185648944
2025-07-01,-0.0012688273030135695,1.077003777010763,-0.11817749379846154
2025-07-02,0.0015202295055823545,1.0786410699301983,-0.11683692120584754
2025-07-03,0.0028489568192301487,1.0817140717618776,-0.11432082773002461
2025-07-06,0.002086595813942932,1.083971171815899,-0.1124727732766696
2025-07-07,0.006322889272265772,1.0908250015096193,-0.10686103689597681
2025-07-08,0.0036330367471495636,1.0947880088248132,-0.10361623022270883
2025-07-09,-0.002449451863329198,1.0921063782966467,-0.10581187911784795
2025-07-10,0.00016165385550477587,1.0922829215033196,-0.10566733016056085
2025-07-13,0.0038861658049231603,1.0965277140421674,-0.10219180512080517
2025-07-14,0.005519924040497242,1.1025804637319803,-0.09723597208213608
2025-07-15,0.006268932867826373,1.109492466640493,-0.09157660499563036
2025-07-16,-0.0013770420828641387,1.1079646488233084,-0.09282754223960965
2025-07-17,0.0022139626031819535,1.1104176411214506,-0.09081909634349172
2025-07-20,-0.0014681767617260263,1.1087873517449454,-0.09215393461844534
2025-07-21,-0.007177080639743247,1.1008294955091447,-0.09866961903816218
2025-07-22,-0.007149522601669883,1.0929590901504171,-0.10511370096842065
2025-07-23,-0.006508459864440913,1.0858456097786973,-0.11093803252890577
2025-07-24,0.004943845089892771,1.0912138622649834,-0.10654264788641332
2025-07-27,0.005474447527438724,1.0971876552951667,-0.10165146249426327
2025-07-28,0.012491651467961143,1.1108933410800634,-0.09042960566698888
2025-07-29,0.0035182402270992263,1.114801730720668,-0.08722951851626803
2025-07-30,0.012855020221111964,1.1291325295116128,-0.07549583551956052
2025-07-31,0.005571480858043762,1.1354234697859813,-0.07034497826397601
2025-08-03,-0.016835321667295924,1.116308250443537,-0.08599601959451886
2025-08-04,-0.00040225085722995964,1.1158592144928632,-0.08636367847914872
2025-08-05,0.0017337402103344691,1.1177938244821017,-0.08477967045090595
2025-08-06,-0.005548800435315226,1.1115914096222228,-0.08985804541391729
2025-08-07,-0.004968801849955018,1.106068132169698,-0.09438036044158615
2025-08-10,0.003980229362108895,1.1104705370258527,-0.09077578656131324
2025-08-11,0.0035612482122708744,1.1144251982406155,-0.08753781345665135
2025-08-12,-0.0055693657218448865,1.108218556741974,-0.09261964908086551
2025-08-13,-0.005211509647371232,1.1024430650421173,-0.09734847053351581
2025-08-14,0.008987462954583452,1.1123512312487207,-0.08923592335153774
2025-08-17,-0.0030201508739088716,1.1089917627055714,-0.09198656827355223
2025-08-18,0.003534798807869273,1.11291182546632,-0.08877692347755628
2025-08-19,0.004301365617577696,1.1176988661277765,-0.08485741986625916
2025-08-20,0.0021363721444379964,1.1200866868512418,-0.08290233474987241
2025-08-21,0.005906795406949015,1.1267028097485194,-0.07748522647304923
2025-08-24,-0.012725049401927407,1.112365460833179,-0.08922427254018761
2025-08-25,0.00640545091285298,1.119490663189699,-0.0833903433253258
2025-08-26,-0.0029769945162731208,1.1161579456243644,-0.08611908524680922
2025-08-27,-0.0035049989776773163,1.1122458131660247,-0.08932223691873797
2025-08-28,-0.003918803867932818,1.1078871399712975,-0.09289100445914134
2025-08-31,-0.0008362061467054074,1.1069607179349976,-0.09364953457694436
2025-09-01,-0.0019158489743869606,1.1048399483788551,-0.09538596518656028
2025-09-02,0.012767487556656706,1.1189459786718794,-0.08383631675350267
2025-09-03,-0.004388602562076481,1.1140353694830547,-0.0878569950410798
2025-09-04,0.0024019623193168613,1.1167112404629391,-0.08566606191334014
2025-09-07,-0.004987489545844173,1.1111416548254036,-0.09022629287095774
2025-09-08,-0.010373574619476534,1.0996151439562636,-0.0996638983086987
2025-09-09,0.005617038154360083,1.1057917241749782,-0.09460667607375084
2025-09-10,-0.0015630600876940298,1.104063305265618,-0.09602186024204451
2025-09-11,-0.00516947654032771,1.0983558759100105,-0.10069495402849249
2025-09-14,0.0027044383667065575,1.1013263116811192,-0.09826283895879429
2025-09-15,-0.005252008167267163,1.0955421368973437,-0.10299876989331103
2025-09-16,-0.009469869458313039,1.0851674958748445,-0.1114932544463676
2025-09-17,0.0072023408181004145,1.0929832420248597,-0.10509392604570911
2025-09-18,0.008654739937401764,1.102442727740523,-0.09734874670723348
2025-09-21,0.006754835969339615,1.1098895475320016,-0.09125148555372209
2025-09-22,-0.004239559568654478,1.1051841046806128,-0.09510417901364332
2025-09-23,9.431399736332291e-05,1.1052883390113475,-0.0950188346715688
2025-09-24,0.00876838201854086,1.1149799294084375,-0.08708361409438481
2025-09-25,0.012013343050755323,1.128374565795128,-0.07611643637384491
2025-09-28,-0.004032074221559896,1.1238248757961216,-0.0798416034744649
2025-09-29,-0.0043704980631275436,1.1189132013531602,-0.08386315396425026
2025-09-30,-0.0027804398288491113,1.1158021305230927,-0.08641041733964427
2025-10-01,-0.002651385535119193,1.1128437088941685,-0.08883269554414563
2025-10-02,0.0019755151419641567,1.1150421484917286,-0.08703267073733034
2025-10-05,0.004678363065923962,1.1202587204961807,-0.0827614781037127
2025-10-06,-0.0011606270405442698,1.1189585179327672,-0.08382604993485443
2025-10-07,0.004554698227585368,1.1240550363111372,-0.07965315406833284
2025-10-08,0.007031363721172045,1.131958676114056,-0.07318186064495369
2025-10-09,0.008026378737937344,1.1410442051642415,-0.06574286723729983
2025-10-12,-0.0028837236400217443,1.1377537490154996,-0.06843700661690655
2025-10-13,0.00480421706871101,1.14321976499651,-0.06396157578351591
2025-10-14,0.0001723722239933072,1.1434168243299154,-0.0638002287585906
2025-10-15,-0.006998459546629145,1.1354146679399073,-0.07035218498518703
2025-10-16,-0.0038951921954045073,1.1309920095868,-0.07397334189870752
2025-10-19,0.0016551139424918703,1.132863930230714,-0.07244066226576507
2025-10-20,-0.0005551647579579552,1.1322350041010882,-0.07295561052098976
2025-10-21,0.005643381988651139,1.1386246387301528,-0.06772394491072375
2025-10-22,-0.00020254433162475045,1.1383940167637299,-0.06791277214119151
2025-10-23,-0.0005542647137409726,1.137763045129904,-0.0684293952017222
2025-10-27,0.00016654288993597243,1.1379525314755021,-0.06827424874101973
2025-10-28,-0.0036337538095506513,1.1338174921291653,-0.07165991073911349
2025-10-29,-0.003545996158561825,1.129796979657565,-0.07495180112947153
2025-10-30,0.008560649430207758,1.139468775527721,-0.06703278779289579
2025-10-31,0.006662903394952737,1.1470609459006273,-0.06081651738730154
2025-11-03,0.005595591527027998,1.1534794304104936,-0.0555612302496693
2025-11-04,0.002193846369994992,1.1560099870717637,-0.053489276682969766
2025-11-05,0.009125158836283318,1.1665587618201234,-0.04485221599245648
2025-11-06,-0.001443251479042087,1.164875124161737,-0.046230734444429156
2025-11-07,-0.0035101776549391435,1.1607862055301101,-0.04957863400834994
2025-11-10,0.00025727295944630914,1.1610848444324913,-0.04933411629080031
2025-11-11,-0.0030530412457034158,1.1575400045126778,-0.052236538444647485
2025-11-12,-0.002587114031445644,1.1545453165250434,-0.05468851059452884
2025-11-13,0.000165621234612482,1.1547365337457822,-0.05453194693856023
2025-11-14,-0.0016694825093242851,1.152808721299816,-0.056110389316271214
2025-11-17,-0.0011389757338697937,1.151495700140462,-0.05718545667829178
2025-11-18,0.006533465186626704,1.15901895720988,-0.051025610682054134
2025-11-19,0.00022641630705154734,1.1592813780019742,-0.0508107474053382
2025-11-20,0.012292082926054314,1.1735313608350049,-0.039143234399925175
2025-11-21,0.004511905286442351,1.1788262231857622,-0.034807939679700306
2025-11-24,-0.001168691909934301,1.1774485385155067,-0.03593595183212939
2025-11-25,0.00016989500235910015,1.1776485811377355,-0.03577216216839152
2025-11-26,-0.004629730106710629,1.172196386046517,-0.04023627681892916
2025-11-27,-0.012884114581490273,1.1570936734966848,-0.052601982599551844
2025-11-28,-0.001236515926568848,1.155662908740874,-0.05377345533686728
2025-12-01,-0.0024953147895254582,1.152779165992987,-0.05613458842800678
2025-12-02,0.0012690091263597816,1.1542420532753095,-0.05493681460666655
2025-12-03,-0.0029493327944789733,1.150837809334818,-0.057724120452201766
2025-12-04,-0.010913821593009252,1.1382777708012481,-0.06800795129298232
2025-12-05,0.0029822710435033774,1.1416724236365723,-0.06522849839334799
2025-12-08,-0.0031490280768458052,1.1380772651199802,-0.06817212009734264
2025-12-09,0.0024266394904520062,1.140838968354706,-0.0659109097656666
2025-12-10,0.0018327466156420331,1.1429298371129506,-0.06419896114683155
2025-12-11,-0.01363906695343076,1.1273413405414934,-0.07696241417083993
2025-12-12,-0.0025808542331431437,1.1244318368705597,-0.07934463963157723
2025-12-15,0.0029818406892556967,1.1277847134740349,-0.0765993920172493
2025-12-16,-0.001295420363425032,1.1263237581906411,-0.07779558396842923
2025-12-17,-0.0015457707153533093,1.1245827199092233,-0.07922110054830034
2025-12-18,0.006033346993209121,1.1313677176810026,-0.07366572194388299
2025-12-19,-0.0009160957007729684,1.1303312765788418,-0.07451433279348874
2025-12-22,0.0004916908191294806,1.1308870500901105,-0.07405927998768747
2025-12-23,-0.0063112316354463505,1.1237497599634652,-0.07990310635237718
2025-12-24,-0.012005942402747416,1.1102580850702426,-0.09094973666245731
2025-12-26,0.0004965239424855696,1.1108093547918183,-0.0904983714417873
2025-12-29,0.0022565186890516355,1.1133159168608795,-0.08844606401922273
2025-12-30,0.00103671471603482,1.114470107855485,-0.0875010426393319
2025-12-31,0.005389064085835985,1.120476058688467,-0.08258352727985663
2026-01-02,0.0025601263235237046,1.1233446189411935,-0.08023482521841141
2026-01-05,0.0030116143148712997,1.1267276996761304,-0.0774648472517191
2026-01-06,0.0013353214212008329,1.1282322433093683,-0.07623296630044352
2026-01-07,0.0045684944415678485,1.1333865660417248,-0.07201274174168348
2026-01-08,0.0013578271062546804,1.134925509042961,-0.07075269548816143
2026-01-09,-0.0001895145846553391,1.1347104241065,-0.07092880140511815
2026-01-12,0.006664113559415119,1.142272263229798,-0.06473736543289987
2026-01-13,-0.0029296628341977248,1.1389257906336787,-0.06747736961360484
2026-01-14,0.005732671527199385,1.1454548780852376,-0.06213152368191954
2026-01-15,-0.002469051457805165,1.142626691048651,-0.06444716921060234
2026-01-16,0.0033137191145535213,1.1464130349555781,-0.06134700991254083
2026-01-19,-0.006588447204227921,1.1388599532005346,-0.06753127558082272
2026-01-20,-0.00016373578277304333,1.1386734810746284,-0.06768395407732686
2026-01-21,-0.00836813239850166,1.1291449106263332,-0.07548569818685535
2026-01-22,0.001142193180968781,1.1304346122435762,-0.07442972425561623
2026-01-23,-0.0004282178278161136,1.1299505399894332,-0.07482606994858665
2026-01-26,-0.013167828586911571,1.1150715449671642,-0.08700860167258284
2026-01-27,-0.002696429797279957,1.1120648328272158,-0.08947041888369323
2026-01-28,-0.014704326823898958,1.09571266807596,-0.1028591434272551
2026-01-29,0.002859386878074194,1.098845734501196,-0.10029387063418682
2026-01-30,-0.002011308395898344,1.0966356168495965,-0.10210345712602154
2026-02-02,0.013009425014961057,1.1109022156757369,-0.09042233938030975
2026-02-03,0.006212927478577621,1.1178041705775215,-0.08477119933874533
2026-02-04,-6.292601671799037e-05,1.1177338316135963,-0.0848287910415565
2026-02-05,0.005606922327232889,1.124000878389974,-0.07969749715680685
2026-02-06,-0.0019216702300343244,1.1218409193634395,-0.08146601507914664
2026-02-09,0.0002879081183994145,1.122163906471677,-0.08120156168786208
2026-02-10,-0.00846961022406851,1.1126596155763437,-0.0889834263348489
2026-02-11,-0.004021876402982636,1.1081846361239054,-0.09264742239519896
2026-02-12,0.0014833807232929063,1.109828495850981,-0.09130147307234981
2026-02-13,-0.0016063434192783502,1.1080457301501432,-0.09276115497118798
2026-02-16,-0.0005666927297235576,1.1074178086906659,-0.09327528062878854
2026-02-17,0.00391772738823854,1.1117563697699964,-0.08972298036211512
2026-02-18,-0.0031775230565061338,1.1082237382718347,-0.09261540657982215
2026-02-19,0.010356259923538962,1.119700791358814,-0.08321829587974794
2026-02-20,0.0028304977094261267,1.1228701018839977,-0.08062334736619181
2026-02-23,-0.0016569379725834168,1.1210095757739076,-0.08214669745304726
2026-02-24,0.0015941765074621765,1.1227966629042463,-0.08068347728083058
2026-02-25,0.003825029568995796,1.127091393339825,-0.07716706439816323
2026-02-26,0.0009469684047164177,1.1281587132785456,-0.07629317076531661
2026-02-27,-0.0014207803152693408,1.1265558475862198,-0.07760555524537305
2026-03-02,-0.0020564061064916733,1.1242391912619396,-0.0795023728141605
2026-03-03,0.013020748132117158,1.1388776266116165,-0.06751680505436208
2026-03-04,0.005088662104998657,1.1446729900323858,-0.06277171315669428
2026-03-05,-0.006089814690916693,1.137702143641391,-0.06847925974665536
2026-03-06,0.002886169220155924,1.1409857445500742,-0.06579073325819929
2026-03-09,-0.0006180517492098659,1.1402805563148315,-0.06636812292963712
2026-03-10,0.000992652860351715,1.1414124590706607,-0.06544135057634781
2026-03-11,0.004558640275296136,1.1466157478773051,-0.06118103387745866
2026-03-12,0.009036772052483343,1.15697745302266,-0.05269714088206123
2026-03-13,0.003209711995899594,1.1606910174326122,-0.04965657153140046
2026-03-16,0.005871365746755625,1.167505858914933,-0.04407675767783559
2026-03-17,-0.003516673783483124,1.163400121668824,-0.04743842788313202
2026-03-18,2.6747689312265938e-05,1.1634312399338242,-0.04741294906215021
2026-03-19,0.007788449251111412,1.1724925651032063,-0.039993773158655044
2026-03-20,-0.008018138358382935,1.1630913574920334,-0.04769123591037816
2026-03-23,-0.0016290147142609063,1.1611966645566492,-0.049242560899599774
2026-03-24,-0.002468219958604033,1.158330575773326,-0.05158923938657867
2026-03-25,0.0025807931319163663,1.1613199873677706,-0.04914158740935182
2026-03-26,0.00499595280994224,1.1671218872219027,-0.04439114365111241
2026-03-27,0.003865614229714976,1.1716335301969594,-0.04069712845796858
2026-03-29,0.003152278583496416,1.1753268454819055,-0.03767313856092014
2026-03-30,0.0010368491259599689,1.1765454820943608,-0.03667535079574902
2026-03-31,-0.005385284686132191,1.1702094497271,-0.04186312827688232
2026-04-01,-0.0003284729725609784,1.1698250675506292,-0.042177850343257606
2026-04-02,0.007251255734897906,1.178307768280533,-0.03523243698754697
2026-04-05,0.004385430047726629,1.1834751545730202,-0.031001516327640033
2026-04-06,-0.0032011738747648438,1.1796866448267678,-0.034103448958258786
2026-04-07,-0.005852445023848733,1.1727825935925504,-0.03975630542195574
2026-04-08,-0.001901145019392753,1.1705529638059113,-0.04158186793930618
2026-04-09,0.0006617062246251094,1.171327525988315,-0.040947676695528235
2026-04-12,0.0036748942294280375,1.1756320307543395,-0.037423260846897066
2026-04-13,-0.008574431957331458,1.165551653899777,-0.045676809600475377
2026-04-14,-0.002480523332453674,1.1626604758270986,-0.04804403054096307
2026-04-15,0.001134967305385288,1.1639800574544261,-0.04696359163946062
2026-04-16,0.0016548539306100343,1.1659062744276563,-0.04538645559307075
2026-04-19,0.0007688577156138786,1.1668026904624327,-0.0446524936040239
2026-04-20,-0.0061233476423847525,1.1596579519586614,-0.050502418504971835
2026-04-21,0.0028733524756383464,1.1629900580058155,-0.04777417727857047
2026-04-22,0.004478876574710011,1.1681989469332381,-0.04350927534734972
2026-04-23,0.004371553591228131,1.173305791234973,-0.03932792488501813
2026-04-26,-0.0001664973381756209,1.1731104389438662,-0.0394878742283844
2026-04-27,-0.0032024486825688774,1.1693536129641626,-0.04256386502015319
2026-04-28,0.005853047993033137,1.1761978957816686,-0.03695994537185199
2026-04-29,0.002722049554201623,1.179399564739534,-0.03433850262047322
2026-04-30,-0.014919752569078015,1.1618032150535416,-0.04874593322686127
2026-05-03,0.00013284516015761518,1.161957554987717,-0.04861956372801013
2026-05-04,0.0032088718280509523,1.165686127851308,-0.04556670584829825
2026-05-05,-0.00022782036528383486,1.1654205608118546,-0.04578414519001084
2026-05-06,-0.005537638152933434,1.15896688345009,-0.0510682473137406
2026-05-07,0.0015156655106511041,1.160723489583322,-0.049629984184232256
2026-05-10,0.00034114552211649983,1.161119465204209,-0.04930576970898293
2026-05-11,0.0017435963281251959,1.1631439888402537,-0.04764814273987761
2026-05-12,0.002067167525812071,1.1655484023218279,-0.045679471907402625
2026-05-13,0.004393599107223919,1.1706693547416953,-0.041486570087169605
2026-05-14,0.0010307335969076702,1.1718760029764979,-0.040498598091871174
2026-05-17,0.003569124380191346,1.1760585741892826,-0.037074018245492946
2026-05-18,-0.0010849386871871613,1.1747826227437466,-0.03811873389599607
2026-05-19,0.003977989198382909,1.1794558953274692,-0.034292380609307394
2026-05-20,-0.0006098856459326594,1.1787365621068984,-0.03488135182454155
2026-05-21,-0.00047564763313315907,1.1781758988510447,-0.03534040822523887
2026-05-24,0.0011768007116032925,1.1795623770872063,-0.034205196131183446
2026-05-25,0.0021096040329760444,1.1820507866350562,-0.03216775151791451
2026-05-26,0.003204866803063103,1.1858391019606775,-0.029065978073820387
2026-05-27,-0.0027826078396031104,1.1825393767790537,-0.031767706694969644
2026-05-28,-0.0071636021500593216,1.1740681351570295,-0.038703737633046464
2026-05-31,-0.0020405859235650904,1.1716723482471219,-0.040665345254408125
2026-06-01,0.008366365676489547,1.1814749875655886,-0.032639200726677586
2026-06-02,0.004250742513661752,1.1864971335240615,-0.02852719905115675
2026-06-03,0.0040870997194778795,1.1913464656256492,-0.024556692838918148
2026-06-04,-0.0006005682149693925,1.1906309808053783,-0.02514251308470372
2026-06-07,0.00678692466953492,1.1987117035813188,-0.01852622875747756
2026-06-08,0.00010623500137934864,1.1988390487208023,-0.018421961890035754
2026-06-09,0.0009075564238261538,1.1999270628006025,-0.017531124436062417
2026-06-10,-0.00039827603283976474,1.199449160610333,-0.017922418242210636
2026-06-11,-0.0021000285790006754,1.196930283093993,-0.019984809230697897
2026-06-14,-0.0010226856669404098,1.1957061996491458,-0.020987056719681485
2026-06-15,0.0031533574013881496,1.1994766886436952,-0.01789987900893375
2026-06-16,-0.0007833581072217221,1.1985370688552226,-0.01866921510081554
2026-06-17,0.008353470852173866,1.2085490133251546,-0.010471696992819246
2026-06-18,0.005984790267009143,1.2157819256973066,-0.004549577636051794
2026-06-21,0.004151378452139124,1.2208290965861466,-0.00041708620247726813
2026-06-22,0.0031151371395032896,1.2246321466459082,0.0
2026-06-23,0.0024420183252762597,1.2276227207897399,0.0
2026-06-24,0.0033314425265523933,1.2317124753283408,0.0
2026-06-25,-0.001285764071506186,1.2301287836811376,-0.001285764071506268
2026-06-28,-0.0010941651661879855,1.2287828196161086,-0.0023785223994352567
2026-06-29,-0.0013683885237561846,1.227101367307557,-0.003743656180436594
2026-06-30,0.0028232534594292763,1.2305657854878784,-0.0009309720112696818
2026-07-01,0.0015067169257087772,1.2324198997850713,0.0
2026-07-02,-0.005606843626769788,1.2255099141244572,-0.005606843626769664
2026-07-05,0.001482938659089219,1.2273272701532096,-0.004132219572849927
2026-07-06,0.004432063231963227,1.2327668622208414,0.0
2026-07-07,0.002492893979940536,1.2358400193103418,0.0
2026-07-08,0.0012280296346488047,1.2373576674777398,0.0
2026-07-09,-0.007402832803275425,1.2281977155475512,-0.007402832803275472
2026-07-12,0.002009888360722736,1.2306662558406964,-0.005407823310040416
2026-07-13,0.00045728590177163196,1.2312290221692785,-0.004953010329627694
2026-07-14,-0.010069641856767508,1.218830986872376,-0.014972777146262883
2026-07-15,0.003051934099901105,1.222550778723228,-0.011966538975504593
2026-07-16,0.0018169968774561156,1.2247721496706996,-0.01017128526200095
2026-07-19,-0.0014568001847756916,1.2229879013767513,-0.011613267916527503
2026-07-20,0.002841800948068961,1.2264633895543604,-0.008804469564234085
2026-07-21,0.0051295429343215185,1.2327545861684528,-0.003720089534556381
2026-07-22,3.475366178625898e-05,1.232797428904406,-0.0036854651595036314
2026-07-23,0.005815305754429423,1.2399665228867596,0.0
2026-07-26,-0.001631299916999444,1.2379437656008925,-0.0016312999169992848
2026-07-27,0.003962306393947314,1.2428488780986802,0.0
2026-07-28,-0.0024071296286785537,1.239857179740239,-0.002407129628678617
2026-07-29,-0.009511049896519644,1.2280648362391713,-0.011895285195192562
2026-07-30,-0.01318468149659175,1.2118731925161936,-0.024923131145174637
2026-08-02,-0.006264687324113323,1.2042811858886047,-0.0310316828455256
2026-08-03,0.0014997224287936705,1.2060872733936558,-0.029578499327498675
2026-08-04,0.002710285312470702,1.2093561140162925,-0.026948380187320264
2026-08-05,-0.0035536491419262883,1.2050584866994352,-0.030406264241117587
2026-08-06,0.006239498062856779,1.2125774467928254,-0.024356486005091993
2026-08-09,-0.00503391110898299,1.2064734397129129,-0.029267788728598032
2026-08-10,0.004472409093744468,1.211869282496046,-0.02492627715931728
2026-08-11,0.0018390742410384327,1.21409800007699,-0.023133044192527596
2026-08-12,0.003507107322259769,1.2183559720630008,-0.019707066938941753
2026-08-13,0.0007220799962475799,1.2192357225387362,-0.018999217021515524
2026-08-16,-0.0020628827887829546,1.2167205821512417,-0.021022906652504503
2026-08-17,-0.0023679859965048474,1.2138394048510484,-0.023341110700450307
2026-08-18,0.002410668132159971,1.216765568821883,-0.020986710240024964
2026-08-19,-0.01646203685198771,1.1967351291877075,-0.037103263094639294
2026-08-20,0.0023467628967065134,1.1995435827860703,-0.03484357275911021
2026-08-23,0.0018930753451811447,1.2018144091681129,-0.033016458922457304
2026-08-24,0.0028781118333262032,1.2052733654406016,-0.03023337215025035
2026-08-25,6.775822892492476e-05,1.2053550326292144,-0.030167662481076607
2026-08-26,0.005350945048234841,1.2118048211724266,-0.024978142937011727
2026-08-27,-0.0007581304818043967,1.2108861149994983,-0.02571733672727672
2026-08-30,0.005653861400728592,1.2177322972657723,-0.020208877583999918
2026-08-31,-0.0008169270087470093,1.2167374988627122,-0.021009295414832208
2026-09-01,0.004675453941336267,1.2224262989973416,-0.01643206946654785
2026-09-02,-0.0004697439463615036,1.2218520716435146,-0.01689409454775115
2026-09-03,-0.013547284858476514,1.2052992935740403,-0.03021251029496319
2026-09-06,0.004880956129523123,1.2111823065489205,-0.025479020102752492
2026-09-07,-0.006325719756764801,1.20352070670334,-0.0316435667186703
2026-09-08,9.906625715000168e-06,1.2035326295325217,-0.03163397357392694
2026-09-09,0.00280709692422703,1.2069110622750894,-0.028915676279620328
2026-09-10,0.003922205217889805,1.2116448151410737,-0.02510688427811325
2026-09-13,0.0009094587009436271,1.212746756060657,-0.02422025925152993
2026-09-14,0.0034623154617939855,1.2169456679054063,-0.020841801967831253
2026-09-15,0.007927909957418225,1.2265935035836306,-0.013079123939764181
2026-09-16,0.007221336909024871,1.2354511485234292,-0.0059522357911833135
2026-09-17,0.0003386756803521433,1.2358695657816972,-0.005615575988337396
2026-09-20,0.0032693394052477794,1.2399100428528538,-0.002364595806951364
2026-09-21,0.0019622349013660757,1.242343037613494,-0.0004070007980052637
2026-09-22,0.0007814040054049282,1.243313809439172,0.0
2026-09-23,0.0030577655520175858,1.247115571576023,0.0
2026-09-24,0.0034898496028412697,1.2514678173581846,0.0
2026-09-27,-0.001348756693877776,1.2497798917623502,-0.001348756693877795
2026-09-28,0.0011286294022211573,1.251190430094498,-0.00022164953811765198
2026-09-30,0.001083410182555109,1.252545982546778,0.0
